chris_group,fs_group,fs_group_id,fs_workspace,chris_name,chris_email,fs_role,match,agent_id,agent_name,agent_active,agent_workspaces,chris_manager,chris_manager_email
AAC - Singapore,CWT AAC - Singapore,17000393414,My Team,Frank Ho,frank.ho@amexgbt.com,member,yes_member,17004607099,Frank Ho,yes,My Team,Frank Ho,frank.ho@amexgbt.com
Accenture Global Technology,CWT Accenture Global Technology,17000393415,My Team,Adi Serihalim,adi.serihalim@amexgbt.com,member,yes_member,17004607286,Adi Serihalim,yes,My Team,Adi Serihalim,adi.serihalim@amexgbt.com
Accounting - Chart of Accounts,CWT Accounting - Chart of Accounts,17000393416,My Team,Kristin Kacer,kristin.kacer@amexgbt.com,agent_not_found,no,,,,,Kristin Kacer,kristin.kacer@amexgbt.com
Accounting - Chart of Accounts,CWT Accounting - Chart of Accounts,17000393416,My Team,Toni Green,toni.schweigert@amexgbt.com,member,yes_member,17004603425,Toni Green,yes,My Team,Kristin Kacer,kristin.kacer@amexgbt.com
Accounts Payable,CWT Accounts Payable,17000392800,My Team,Piyali Choudhury,piyali.choudhury@amexgbt.com,member,yes_member,17004872095,Piyali Choudhury,yes,My Team,Paula Peitz,paula.peitz@amexgbt.com
Accounts Payable,CWT Accounts Payable,17000392800,My Team,Paula Peitz,paula.peitz@amexgbt.com,member,yes_member,17004603483,Paula Peitz,yes,My Team,Paula Peitz,paula.peitz@amexgbt.com
Accounts Payable,CWT Accounts Payable,17000392800,My Team,Jitendra Kumar Mohanty,mohanty.jitendrakumar@amexgbt.com,member,yes_member,17004872075,Jitendra Kumar Mohanty,yes,My Team,Paula Peitz,paula.peitz@amexgbt.com
Accounts Payable,CWT Accounts Payable,17000392800,My Team,Ramona Jacobson,ramona.jacobson@amexgbt.com,member,yes_member,17004603421,Ramona Jacobson,yes,My Team,Paula Peitz,paula.peitz@amexgbt.com
Accounts Payable,CWT Accounts Payable,17000392800,My Team,Christina Kankelborg,christina.kankelborg@amexgbt.com,member,yes_member,17004603037,Christina Kankelborg,yes,My Team,Paula Peitz,paula.peitz@amexgbt.com
Adobe Admin and Support,CWT Adobe Admin and Support,17000393551,My Team,Tania Tosi,tania.tosi@amexgbt.com,member,yes_member,17004607733,Tania Tosi,yes,My Team,Tania Tosi,tania.tosi@amexgbt.com
Adobe Admin and Support,CWT Adobe Admin and Support,17000393551,My Team,Jeff Sucher,jeff.sucher@amexgbt.com,member,yes_member,17004604411,Jeff Sucher,yes,My Team,Tania Tosi,tania.tosi@amexgbt.com
AGM BO SUPPORT,CWT AGM BO SUPPORT,17000393552,My Team,Nina Lönnqvist,nina.lonnqvist@amexgbt.com,member,yes_member,17004606118,Nina Lönnqvist,yes,My Team,Jonna Kyllönen,jonna.kyllonen@amexgbt.com
AGM BO SUPPORT,CWT AGM BO SUPPORT,17000393552,My Team,Riitta Härkönen,riitta.harkonen@amexgbt.com,member,yes_member,17004606127,Riitta Härkönen,yes,My Team,Jonna Kyllönen,jonna.kyllonen@amexgbt.com
AGM BO SUPPORT,CWT AGM BO SUPPORT,17000393552,My Team,Mia Vlasoff,mia.vlasoff@amexgbt.com,member,yes_member,17004601081,Mia Vlasoff,yes,My Team,Jonna Kyllönen,jonna.kyllonen@amexgbt.com
AGM FO SUPPORT,CWT AGM FO SUPPORT,17000392801,My Team,Nina Lönnqvist,nina.lonnqvist@amexgbt.com,member,yes_member,17004606118,Nina Lönnqvist,yes,My Team,Riitta Härkönen,riitta.harkonen@amexgbt.com
AGM FO SUPPORT,CWT AGM FO SUPPORT,17000392801,My Team,Mia Vlasoff,mia.vlasoff@amexgbt.com,member,yes_member,17004601081,Mia Vlasoff,yes,My Team,Riitta Härkönen,riitta.harkonen@amexgbt.com
AGM FO SUPPORT,CWT AGM FO SUPPORT,17000392801,My Team,Riitta Härkönen,riitta.harkonen@amexgbt.com,member,yes_member,17004606127,Riitta Härkönen,yes,My Team,Riitta Härkönen,riitta.harkonen@amexgbt.com
AI One Tech Team,CWT AI One Tech Team,17000392802,My Team,Liel Ongkengco,liel.ongkengco@amexgbt.com,member,yes_member,17004608471,Liel Ongkengco,yes,My Team,Liel Ongkengco,liel.ongkengco@amexgbt.com
Air Pref API DevOps Support,CWT Air Pref API DevOps Support,17000392803,My Team,Anna Mary-Marie Rose Tan,annamary-marierose.tan@amexgbt.com,member,yes_member,17004608530,Anna Mary-Marie Rose Tan,yes,My Team,Anna Mary-Marie Rose Tan,annamary-marierose.tan@amexgbt.com
Air Pref API DevOps Support,CWT Air Pref API DevOps Support,17000392803,My Team,Joshua Cura,joshua.cura@amexgbt.com,member,yes_member,17004608369,Joshua Cura,yes,My Team,Anna Mary-Marie Rose Tan,annamary-marierose.tan@amexgbt.com
Air Pref API DevOps Support,CWT Air Pref API DevOps Support,17000392803,My Team,Gricelle Nasol,gricelle.nasol@amexgbt.com,member,yes_member,17004608393,Gricelle Nasol,yes,My Team,Anna Mary-Marie Rose Tan,annamary-marierose.tan@amexgbt.com
Airhub Support,CWT Airhub Support,17000393553,My Team,Florante Navaja,florante.navaja@amexgbt.com,member,yes_member,17004608434,Florante Navaja,yes,My Team,Florante Navaja,florante.navaja@amexgbt.com
Airhub Support,CWT Airhub Support,17000393553,My Team,Tanmay Manilal Tandel,tanmaymanilal.tandel@amexgbt.com,member,yes_member,17004602684,Tanmay Manilal Tandel,yes,My Team,Florante Navaja,florante.navaja@amexgbt.com
AIRLINE DRA,CWT AIRLINE DRA,17000393419,My Team,Suzanne De Mare,suzanne.demare@amexgbt.com,member,yes_member,17004611028,Suzanne De Mare,yes,My Team,Thibault Gely,thibault.gely@amexgbt.com
AIRLINE DRA,CWT AIRLINE DRA,17000393419,My Team,Thibault Gely,thibault.gely@amexgbt.com,member,yes_member,17004607651,Thibault Gely,yes,My Team,Thibault Gely,thibault.gely@amexgbt.com
Akritiv Approver Group,CWT Akritiv Approver Group,17000393420,My Team,Jaroslaw Han,jaroslaw.han@amexgbt.com,member,yes_member,17004601148,Jaroslaw Han,yes,My Team,Jaroslaw Han,jaroslaw.han@amexgbt.com
Akritiv Support,CWT Akritiv Support,17000393554,My Team,Mettala Satyanand,mettala.satyanand@amexgbt.com,member,yes_member,17004872060,Mettala Satyanand,yes,My Team,Sophie Dominici,sophie.dominici@amexgbt.com
Akritiv Support,CWT Akritiv Support,17000393554,My Team,Sophie Dominici,sophie.dominici@amexgbt.com,member,yes_member,17004602244,Sophie Dominici,yes,My Team,Sophie Dominici,sophie.dominici@amexgbt.com
Akritiv Support,CWT Akritiv Support,17000393554,My Team,Satyaraj Mettela,satyaraj.mettela@amexgbt.com,member,yes_member,17004872072,Satyaraj Mettela,yes,My Team,Sophie Dominici,sophie.dominici@amexgbt.com
Alert Monitoring MDF/APS,CWT Alert Monitoring MDF/APS,17000393421,My Team,Nelson Jay Dario,nelsonjay.dario@amexgbt.com,not_in_group,no,17004608233,Nelson Jay Dario,yes,My Team,Joseph Christopher Cruz,josephchristopher.cruz@amexgbt.com
Alert Monitoring MDF/APS,CWT Alert Monitoring MDF/APS,17000393421,My Team,Alexander Joseph Mandac,alexanderjoseph.mandac@amexgbt.com,not_in_group,no,17004608339,Alexander Joseph Mandac,yes,My Team,Joseph Christopher Cruz,josephchristopher.cruz@amexgbt.com
Alert Monitoring MDF/APS,CWT Alert Monitoring MDF/APS,17000393421,My Team,John Wilmar Palad,johnwilmar.palad@amexgbt.com,not_in_group,no,17004608293,John Wilmar Palad,yes,My Team,Joseph Christopher Cruz,josephchristopher.cruz@amexgbt.com
Alert Monitoring MDF/APS,CWT Alert Monitoring MDF/APS,17000393421,My Team,ERWIN ANDRES,erwin.andres@amexgbt.com,agent_not_found,no,,,,,Joseph Christopher Cruz,josephchristopher.cruz@amexgbt.com
Alert Monitoring MDF/APS,CWT Alert Monitoring MDF/APS,17000393421,My Team,Joseph Christopher Cruz,josephchristopher.cruz@amexgbt.com,member,yes_member,17004608323,Joseph Christopher Cruz,yes,My Team,Joseph Christopher Cruz,josephchristopher.cruz@amexgbt.com
Alert Monitoring MDF/APS,CWT Alert Monitoring MDF/APS,17000393421,My Team,Vhil Laurence Moje,vhillaurence.moje@amexgbt.com,not_in_group,no,17004608590,Vhil Laurence Moje,yes,My Team,Joseph Christopher Cruz,josephchristopher.cruz@amexgbt.com
AllClear Approver Group,CWT AllClear Approver Group,17000393422,My Team,Salil Bakshi,salil.bakshi@amexgbt.com,member,yes_member,17004605140,Salil Bakshi,yes,My Team,Daniel Walsh,daniel.walsh@amexgbt.com
AllClear Approver Group,CWT AllClear Approver Group,17000393422,My Team,Daniel Walsh,daniel.walsh@amexgbt.com,member,yes_member,17004603019,Daniel Walsh,yes,My Team,Daniel Walsh,daniel.walsh@amexgbt.com
AllClear Support,CWT AllClear Support,17000393423,My Team,Daniel Walsh,daniel.walsh@amexgbt.com,member,yes_member,17004603019,Daniel Walsh,yes,My Team,Daniel Walsh,daniel.walsh@amexgbt.com
Americas Moxie Support,CWT Americas Moxie Support,17000393424,My Team,Alejandro Carrasco,alejandro.carrasco@amexgbt.com,member,yes_member,17004606369,Alejandro Carrasco,yes,My Team,Dawid Buras,dawid.buras@amexgbt.com
Americas Moxie Support,CWT Americas Moxie Support,17000393424,My Team,Luis Nogueira,luis.nogueira@amexgbt.com,member,yes_member,17004602484,Luis Nogueira,yes,My Team,Dawid Buras,dawid.buras@amexgbt.com
Americas Moxie Support,CWT Americas Moxie Support,17000393424,My Team,Dawid Buras,dawid.buras@amexgbt.com,member,yes_member,17004601191,Dawid Buras,yes,My Team,Dawid Buras,dawid.buras@amexgbt.com
AMM Approver Group,CWT AMM Approver Group,17000393425,My Team,Bharan Bhaskar,bharan.bhaskar@amexgbt.com,member,yes_member,17004602741,Bharan Bhaskar,yes,My Team,Amita Sohoni,amita.sohoni@amexgbt.com
AMM Approver Group,CWT AMM Approver Group,17000393425,My Team,Amita Sohoni,amita.sohoni@amexgbt.com,member,yes_member,17004604397,Amita Sohoni,yes,My Team,Amita Sohoni,amita.sohoni@amexgbt.com
AMM Approver Group,CWT AMM Approver Group,17000393425,My Team,Joseph Christopher Cruz,josephchristopher.cruz@amexgbt.com,member,yes_member,17004608323,Joseph Christopher Cruz,yes,My Team,Amita Sohoni,amita.sohoni@amexgbt.com
Analytics Approvers,CWT Analytics Approvers,17000393426,My Team,Tanya Swanson,tanya.swanson@amexgbt.com,member,yes_member,17004603413,Tanya Swanson,yes,My Team,Christopher Lingbaoan,christopher.lingbaoan@amexgbt.com
Analytics Approvers,CWT Analytics Approvers,17000393426,My Team,Regino Ilano,regino.ilano@amexgbt.com,member,yes_member,17004608308,Regino Ilano,yes,My Team,Christopher Lingbaoan,christopher.lingbaoan@amexgbt.com
Analytics Approvers,CWT Analytics Approvers,17000393426,My Team,Timothy Kay,tim.kay@amexgbt.com,member,yes_member,17004601312,Timothy Kay,yes,My Team,Christopher Lingbaoan,christopher.lingbaoan@amexgbt.com
Analytics Navigation and Functionality,CWT Analytics Navigation and Functionality,17000392804,My Team,Tomasz Bielecki,tomasz.bielecki@amexgbt.com,member,yes_member,17004601202,Tomasz Bielecki,yes,My Team,Tomasz Bielecki,tomasz.bielecki@amexgbt.com
AnswerIQ Approver Group,CWT AnswerIQ Approver Group,17000392852,My Team,Craig Haughan,craig.haughan@amexgbt.com,member,yes_member,17004605570,Craig Haughan,yes,My Team,Philip Taft,phil.taft@amexgbt.com
AnswerIQ Approver Group,CWT AnswerIQ Approver Group,17000392852,My Team,Christopher Lingbaoan,christopher.lingbaoan@amexgbt.com,member,yes_member,17004608432,Christopher Lingbaoan,yes,My Team,Philip Taft,phil.taft@amexgbt.com
AnswerIQ Approver Group,CWT AnswerIQ Approver Group,17000392852,My Team,Gareth Lloyd,gareth.lloyd@amexgbt.com,member,yes_member,17004605753,Gareth Lloyd,yes,My Team,Philip Taft,phil.taft@amexgbt.com
AnswerIQ Approver Group,CWT AnswerIQ Approver Group,17000392852,My Team,Philip Taft,phil.taft@amexgbt.com,member,yes_member,17004605888,Philip Taft,yes,My Team,Philip Taft,phil.taft@amexgbt.com
APAC Call Flow Approvers,,,,"Sien Wey, Desmond Lua",desmond.lua@amexgbt.com,group_unmatched,no,,,,,"Sien Wey, Desmond Lua",desmond.lua@amexgbt.com
APAC CEC team,CWT APAC CEC team,17000392805,My Team,Maria Edselyn Bernardino,mariaedselyn.bernardino@amexgbt.com,member,yes_member,17004608421,Maria Edselyn Bernardino,yes,My Team,Richelyn Marcayda,richelyn.marcayda@amexgbt.com
APAC CEC team,CWT APAC CEC team,17000392805,My Team,Jonathan Gulrajani,jonathan.gulrajani@amexgbt.com,member,yes_member,17004608222,Jonathan Gulrajani,yes,My Team,Richelyn Marcayda,richelyn.marcayda@amexgbt.com
APAC CEC team,CWT APAC CEC team,17000392805,My Team,Jeremiah David Hendeve,jeremiahdavid.hendeve@amexgbt.com,member,yes_member,17004608350,Jeremiah David Hendeve,yes,My Team,Richelyn Marcayda,richelyn.marcayda@amexgbt.com
APAC CEC team,CWT APAC CEC team,17000392805,My Team,Valerie Lim,valerie.lim@amexgbt.com,member,yes_member,17004608386,Valerie Lim,yes,My Team,Richelyn Marcayda,richelyn.marcayda@amexgbt.com
APAC CEC team,CWT APAC CEC team,17000392805,My Team,Euguene Marie Ibera,euguenemarie.ibera@amexgbt.com,member,yes_member,17004608318,Euguene Marie Ibera,yes,My Team,Richelyn Marcayda,richelyn.marcayda@amexgbt.com
APAC CEC team,CWT APAC CEC team,17000392805,My Team,Wyner Tamayo,wyner.tamayo@amexgbt.com,member,yes_member,17004608341,Wyner Tamayo,yes,My Team,Richelyn Marcayda,richelyn.marcayda@amexgbt.com
APAC CEC team,CWT APAC CEC team,17000392805,My Team,Richelyn Marcayda,richelyn.marcayda@amexgbt.com,member,yes_member,17004608387,Richelyn Marcayda,yes,My Team,Richelyn Marcayda,richelyn.marcayda@amexgbt.com
APAC CEC team,CWT APAC CEC team,17000392805,My Team,John Zerrudo,john.zerrudo@amexgbt.com,member,yes_member,17004608887,John Zerrudo,yes,My Team,Richelyn Marcayda,richelyn.marcayda@amexgbt.com
APAC CEC team,CWT APAC CEC team,17000392805,My Team,Linette Anne Hernandez,linetteanne.hernandez@amexgbt.com,member,yes_member,17004608382,Linette Anne Hernandez,yes,My Team,Richelyn Marcayda,richelyn.marcayda@amexgbt.com
APAC CEC team,CWT APAC CEC team,17000392805,My Team,Jessica Pun,jessica.pun1@amexgbt.com,member,yes_member,17004936976,Jessica Pun,yes,My Team,Richelyn Marcayda,richelyn.marcayda@amexgbt.com
APAC CEC team,CWT APAC CEC team,17000392805,My Team,Bernadette Angeli De Leon,bernadetteangeli.deleon@amexgbt.com,member,yes_member,17004608470,Bernadette Angeli De Leon,yes,My Team,Richelyn Marcayda,richelyn.marcayda@amexgbt.com
APAC CEC team,CWT APAC CEC team,17000392805,My Team,Georgina Salvador,georgina.salvador@amexgbt.com,member,yes_member,17004608223,Georgina Salvador,yes,My Team,Richelyn Marcayda,richelyn.marcayda@amexgbt.com
APAC CEC team,CWT APAC CEC team,17000392805,My Team,Jerome Delector,jerome.delector@amexgbt.com,member,yes_member,17004608783,Jerome Delector,yes,My Team,Richelyn Marcayda,richelyn.marcayda@amexgbt.com
APAC CEC team,CWT APAC CEC team,17000392805,My Team,Pharah Agang-Ang,pharah.agang-ang@amexgbt.com,member,yes_member,17004608310,Pharah Agang-Ang,yes,My Team,Richelyn Marcayda,richelyn.marcayda@amexgbt.com
APAC CEC team,CWT APAC CEC team,17000392805,My Team,Aiza Marie Bamba,aizamarie.bamba@amexgbt.com,member,yes_member,17004608469,Aiza Marie Bamba,yes,My Team,Richelyn Marcayda,richelyn.marcayda@amexgbt.com
APAC Desktop KTLO,CWT APAC Desktop KTLO,17000393555,My Team,Christine Supangan,christine.supangan@amexgbt.com,member,yes_member,17004608485,Christine Supangan,yes,My Team,Roderick Alvarez,roderick.alvarez@amexgbt.com
APAC Desktop KTLO,CWT APAC Desktop KTLO,17000393555,My Team,Michael Angelo Magat,michaelangelo.magat@amexgbt.com,member,yes_member,17004608372,Michael Angelo Magat,yes,My Team,Roderick Alvarez,roderick.alvarez@amexgbt.com
APAC Desktop KTLO,CWT APAC Desktop KTLO,17000393555,My Team,Jes Keshly Cruz,jeskeshly.cruz@amexgbt.com,member,yes_member,17004608497,Jes Keshly Cruz,yes,My Team,Roderick Alvarez,roderick.alvarez@amexgbt.com
APAC Desktop KTLO,CWT APAC Desktop KTLO,17000393555,My Team,Karren Roxas,karren.roxas@amexgbt.com,member,yes_member,17004608327,Karren Roxas,yes,My Team,Roderick Alvarez,roderick.alvarez@amexgbt.com
APAC Desktop KTLO,CWT APAC Desktop KTLO,17000393555,My Team,Michelle De Jesus,michelle.dejesus@amexgbt.com,member,yes_member,17004608371,Michelle De Jesus,yes,My Team,Roderick Alvarez,roderick.alvarez@amexgbt.com
APAC Desktop KTLO,CWT APAC Desktop KTLO,17000393555,My Team,Liel Ongkengco,liel.ongkengco@amexgbt.com,member,yes_member,17004608471,Liel Ongkengco,yes,My Team,Roderick Alvarez,roderick.alvarez@amexgbt.com
APAC Desktop KTLO,CWT APAC Desktop KTLO,17000393555,My Team,Thea Demetillo,thea.demetillo@amexgbt.com,member,yes_member,17004608480,Thea Demetillo,yes,My Team,Roderick Alvarez,roderick.alvarez@amexgbt.com
APAC Desktop KTLO,CWT APAC Desktop KTLO,17000393555,My Team,Roderick Alvarez,roderick.alvarez@amexgbt.com,member,yes_member,17004608443,Roderick Alvarez,yes,My Team,Roderick Alvarez,roderick.alvarez@amexgbt.com
APAC Desktop KTLO,CWT APAC Desktop KTLO,17000393555,My Team,Jennicar Abdon,jennicar.abdon@amexgbt.com,member,yes_member,17004608559,Jennicar Abdon,yes,My Team,Roderick Alvarez,roderick.alvarez@amexgbt.com
APAC INFORMATION SECURITY,CWT APAC INFORMATION SECURITY,17000393428,My Team,Sourav Das,sourav.das@amexgbt.com,member,yes_member,17004602627,Sourav Das,yes,My Team,Sourav Das,sourav.das@amexgbt.com
APAC IT INFRASTRUCTURE,CWT APAC IT INFRASTRUCTURE,17000393556,My Team,Alekhine Talaña,alekhine.talana@amexgbt.com,member,yes_member,17004608292,Alekhine Talaña,yes,My Team,Chong Tian Soo,chongtian.soo@amexgbt.com
APAC IT INFRASTRUCTURE,CWT APAC IT INFRASTRUCTURE,17000393556,My Team,Tiew Kiat Wong,tiewkiat.wong@amexgbt.com,member,yes_member,17004607102,Tiew Kiat Wong,yes,My Team,Chong Tian Soo,chongtian.soo@amexgbt.com
APAC IT INFRASTRUCTURE,CWT APAC IT INFRASTRUCTURE,17000393556,My Team,Madan Yadav,madan.yadav@amexgbt.com,member,yes_member,17004605285,Madan Yadav,yes,My Team,Chong Tian Soo,chongtian.soo@amexgbt.com
APAC IT INFRASTRUCTURE,CWT APAC IT INFRASTRUCTURE,17000393556,My Team,Chong Tian Soo,chongtian.soo@amexgbt.com,member,yes_member,17004607116,Chong Tian Soo,yes,My Team,Chong Tian Soo,chongtian.soo@amexgbt.com
APAC IT INFRASTRUCTURE,CWT APAC IT INFRASTRUCTURE,17000393556,My Team,Decsten Matibag,decsten.matibag@amexgbt.com,member,yes_member,17004608402,Decsten Matibag,yes,My Team,Chong Tian Soo,chongtian.soo@amexgbt.com
APAC IT INFRASTRUCTURE,CWT APAC IT INFRASTRUCTURE,17000393556,My Team,Dennis Crisostomo,dennis.crisostomo@amexgbt.com,member,yes_member,17004608360,Dennis Crisostomo,yes,My Team,Chong Tian Soo,chongtian.soo@amexgbt.com
APAC IT INFRASTRUCTURE,CWT APAC IT INFRASTRUCTURE,17000393556,My Team,Paul Ryan Veneracion,paulryan.veneracion@amexgbt.com,member,yes_member,17004607200,Paul Ryan Veneracion,yes,My Team,Chong Tian Soo,chongtian.soo@amexgbt.com
APP MIDDLEWARE & SUPPORT,CWT APP MIDDLEWARE & SUPPORT,17000393492,My Team,Raghavendra Prasad,raghavendra.prasad@amexgbt.com,member,yes_member,17004951908,Raghavendra prasad,yes,My Team,Joseph Christopher Cruz,josephchristopher.cruz@amexgbt.com
APP MIDDLEWARE & SUPPORT,CWT APP MIDDLEWARE & SUPPORT,17000393492,My Team,Vhil Laurence Moje,vhillaurence.moje@amexgbt.com,not_in_group,no,17004608590,Vhil Laurence Moje,yes,My Team,Joseph Christopher Cruz,josephchristopher.cruz@amexgbt.com
APP MIDDLEWARE & SUPPORT,CWT APP MIDDLEWARE & SUPPORT,17000393492,My Team,Alexander Joseph Mandac,alexanderjoseph.mandac@amexgbt.com,not_in_group,no,17004608339,Alexander Joseph Mandac,yes,My Team,Joseph Christopher Cruz,josephchristopher.cruz@amexgbt.com
APP MIDDLEWARE & SUPPORT,CWT APP MIDDLEWARE & SUPPORT,17000393492,My Team,ERWIN ANDRES,erwin.andres@amexgbt.com,agent_not_found,no,,,,,Joseph Christopher Cruz,josephchristopher.cruz@amexgbt.com
APP MIDDLEWARE & SUPPORT,CWT APP MIDDLEWARE & SUPPORT,17000393492,My Team,Dinesh Kumar K,dinesh.kumark@amexgbt.com,member,yes_member,17002790550,Dinesh Kumar K,yes,My Team,Joseph Christopher Cruz,josephchristopher.cruz@amexgbt.com
APP MIDDLEWARE & SUPPORT,CWT APP MIDDLEWARE & SUPPORT,17000393492,My Team,Nelson Jay Dario,nelsonjay.dario@amexgbt.com,not_in_group,no,17004608233,Nelson Jay Dario,yes,My Team,Joseph Christopher Cruz,josephchristopher.cruz@amexgbt.com
APP MIDDLEWARE & SUPPORT,CWT APP MIDDLEWARE & SUPPORT,17000393492,My Team,Karthick Subramanian,karthick.subramanian@amexgbt.com,member,yes_member,17004798276,Karthick Subramanian,yes,My Team,Joseph Christopher Cruz,josephchristopher.cruz@amexgbt.com
APP MIDDLEWARE & SUPPORT,CWT APP MIDDLEWARE & SUPPORT,17000393492,My Team,Matthew Gardner,matthew.gardner@amexgbt.com,member,yes_member,17004602778,Matthew Gardner,yes,My Team,Joseph Christopher Cruz,josephchristopher.cruz@amexgbt.com
APP MIDDLEWARE & SUPPORT,CWT APP MIDDLEWARE & SUPPORT,17000393492,My Team,Sandeep Kumar Vishwanathula,sandeepkumar.vishwanathula@amexgbt.com,member,yes_member,17002815990,Sandeep Kumar Vishwanathula,yes,My Team,Joseph Christopher Cruz,josephchristopher.cruz@amexgbt.com
APP MIDDLEWARE & SUPPORT,CWT APP MIDDLEWARE & SUPPORT,17000393492,My Team,Bharan Bhaskar,bharan.bhaskar@amexgbt.com,member,yes_member,17004602741,Bharan Bhaskar,yes,My Team,Joseph Christopher Cruz,josephchristopher.cruz@amexgbt.com
APP MIDDLEWARE & SUPPORT,CWT APP MIDDLEWARE & SUPPORT,17000393492,My Team,Dipti Kokate,dipti.kokate@amexgbt.com,member,yes_member,17004909931,Dipti Kokate,yes,My Team,Joseph Christopher Cruz,josephchristopher.cruz@amexgbt.com
APP MIDDLEWARE & SUPPORT,CWT APP MIDDLEWARE & SUPPORT,17000393492,My Team,Sasivar S,sasivar.s@amexgbt.com,member,yes_member,17002812384,Sasivar S,yes,My Team,Joseph Christopher Cruz,josephchristopher.cruz@amexgbt.com
APP MIDDLEWARE & SUPPORT,CWT APP MIDDLEWARE & SUPPORT,17000393492,My Team,Prabhakar Ankoji,prabhakar.ankoji@amexgbt.com,member,yes_member,17004946689,Prabhakar Ankoji,yes,My Team,Joseph Christopher Cruz,josephchristopher.cruz@amexgbt.com
APP MIDDLEWARE & SUPPORT,CWT APP MIDDLEWARE & SUPPORT,17000393492,My Team,Joseph Christopher Cruz,josephchristopher.cruz@amexgbt.com,member,yes_member,17004608323,Joseph Christopher Cruz,yes,My Team,Joseph Christopher Cruz,josephchristopher.cruz@amexgbt.com
APP MIDDLEWARE & SUPPORT,CWT APP MIDDLEWARE & SUPPORT,17000393492,My Team,Siddharth Gowtham,siddharth.gowtham@amexgbt.com,member,yes_member,17001605893,Siddharth Gowtham,yes,My Team,Joseph Christopher Cruz,josephchristopher.cruz@amexgbt.com
APP MIDDLEWARE & SUPPORT,CWT APP MIDDLEWARE & SUPPORT,17000393492,My Team,TEKULA SAI MAHIDAR,tekula.saimahidar@amexgbt.com,member,yes_member,17004051099,TEKULA SAI MAHIDAR,yes,My Team,Joseph Christopher Cruz,josephchristopher.cruz@amexgbt.com
APP MIDDLEWARE & SUPPORT,CWT APP MIDDLEWARE & SUPPORT,17000393492,My Team,John Wilmar Palad,johnwilmar.palad@amexgbt.com,not_in_group,no,17004608293,John Wilmar Palad,yes,My Team,Joseph Christopher Cruz,josephchristopher.cruz@amexgbt.com
APP MIDDLEWARE & SUPPORT,CWT APP MIDDLEWARE & SUPPORT,17000393492,My Team,Bhandaru Sai Anuja,bhandaru.saianuja@amexgbt.com,member,yes_member,17004912388,Bhandaru Sai Anuja,yes,My Team,Joseph Christopher Cruz,josephchristopher.cruz@amexgbt.com
APP MIDDLEWARE & SUPPORT,CWT APP MIDDLEWARE & SUPPORT,17000393492,My Team,Joshva D,joshva.d@amexgbt.com,member,yes_member,17004926123,Joshva D,yes,My Team,Joseph Christopher Cruz,josephchristopher.cruz@amexgbt.com
APP MIDDLEWARE & SUPPORT,CWT APP MIDDLEWARE & SUPPORT,17000393492,My Team,Ramu Piska,ramu.piska@amexgbt.com,member,yes_member,17002790556,Ramu Piska,yes,My Team,Joseph Christopher Cruz,josephchristopher.cruz@amexgbt.com
APP MIDDLEWARE & SUPPORT,CWT APP MIDDLEWARE & SUPPORT,17000393492,My Team,Mallikarjun M,mallikarjun.m@amexgbt.com,member,yes_member,17004926118,Mallikarjun M,yes,My Team,Joseph Christopher Cruz,josephchristopher.cruz@amexgbt.com
APP MIDDLEWARE ENG,CWT APP MIDDLEWARE ENG,17000393557,My Team,Kim Clark,kim.clark@amexgbt.com,member,yes_member,17004604617,Kim Clark,yes,My Team,Ben Ptacek,ben.ptacek@amexgbt.com
APP MIDDLEWARE ENG,CWT APP MIDDLEWARE ENG,17000393557,My Team,Pinkesh Kumar,pinkesh.kumar@amexgbt.com,member,yes_member,17004946687,Pinkesh Kumar,yes,My Team,Ben Ptacek,ben.ptacek@amexgbt.com
APP MIDDLEWARE ENG,CWT APP MIDDLEWARE ENG,17000393557,My Team,ABHISHEK D S,abhishek.ds@amexgbt.com,member,yes_member,17004946690,ABHISHEK D S,yes,My Team,Ben Ptacek,ben.ptacek@amexgbt.com
APP MIDDLEWARE ENG,CWT APP MIDDLEWARE ENG,17000393557,My Team,Matthew Gardner,matthew.gardner@amexgbt.com,member,yes_member,17004602778,Matthew Gardner,yes,My Team,Ben Ptacek,ben.ptacek@amexgbt.com
APP MIDDLEWARE ENG,CWT APP MIDDLEWARE ENG,17000393557,My Team,Pulugujju MastanRao,pulugujju.mastanrao@amexgbt.com,member,yes_member,17004303878,Pulugujju MastanRao,yes,My Team,Ben Ptacek,ben.ptacek@amexgbt.com
APP MIDDLEWARE ENG,CWT APP MIDDLEWARE ENG,17000393557,My Team,Shaik Ifran,shaik.ifran@amexgbt.com,member,yes_member,17004175812,Shaik Ifran,yes,My Team,Ben Ptacek,ben.ptacek@amexgbt.com
APP MIDDLEWARE ENG,CWT APP MIDDLEWARE ENG,17000393557,My Team,Trindha Raju Chippada,trindharaju.chippada@amexgbt.com,member,yes_member,17003638078,Trindha Raju Chippada,yes,My Team,Ben Ptacek,ben.ptacek@amexgbt.com
APP MIDDLEWARE ENG,CWT APP MIDDLEWARE ENG,17000393557,My Team,Naasir Shah,naasir.shah@amexgbt.com,member,yes_member,17003718691,Naasir Shah,yes,My Team,Ben Ptacek,ben.ptacek@amexgbt.com
APP MIDDLEWARE ENG,CWT APP MIDDLEWARE ENG,17000393557,My Team,Prakash Ponnurangam,prakash.ponnurangam@amexgbt.com,member,yes_member,17002296997,Prakash Ponnurangam,yes,My Team,Ben Ptacek,ben.ptacek@amexgbt.com
APP MIDDLEWARE ENG,CWT APP MIDDLEWARE ENG,17000393557,My Team,Rupak Chakraborty,rupak.chakraborty@amexgbt.com,member,yes_member,17004064498,Rupak Chakraborty,yes,My Team,Ben Ptacek,ben.ptacek@amexgbt.com
APP MIDDLEWARE ENG,CWT APP MIDDLEWARE ENG,17000393557,My Team,Ben Ptacek,ben.ptacek@amexgbt.com,member,yes_member,17004603358,Ben Ptacek,yes,My Team,Ben Ptacek,ben.ptacek@amexgbt.com
Application Security,CWT Application Security,17000393558,My Team,Lawrence Icaro,lawrence.icaro@amexgbt.com,member,yes_member,17004608584,Lawrence Icaro,yes,My Team,Paul Murillo,paul.murillo@amexgbt.com
Application Security,CWT Application Security,17000393558,My Team,Jonathan Untalan,jonathan.untalan@amexgbt.com,member,yes_member,17004608551,Jonathan Untalan,yes,My Team,Paul Murillo,paul.murillo@amexgbt.com
Application Security,CWT Application Security,17000393558,My Team,Nector Jr. Mamon,nectorjr.mamon@amexgbt.com,member,yes_member,17004608236,Nector Jr. Mamon,yes,My Team,Paul Murillo,paul.murillo@amexgbt.com
Application Security,CWT Application Security,17000393558,My Team,JHONARD PANGAN,jhonard.pangan@amexgbt.com,member,yes_member,17004608591,JHONARD PANGAN,yes,My Team,Paul Murillo,paul.murillo@amexgbt.com
Application Security,CWT Application Security,17000393558,My Team,Paul Murillo,paul.murillo@amexgbt.com,member,yes_member,17004602623,Paul Murillo,yes,My Team,Paul Murillo,paul.murillo@amexgbt.com
AQUA Access Approvers,,,,Joanne Carlson,jodie.carlson@amexgbt.com,group_unmatched,no,17004604841,Joanne Carlson,yes,My Team,Joanne Carlson,jodie.carlson@amexgbt.com
AQUA APP Support,CWT AQUA APP Support,17000392776,My Team,Kathy Potter,kpotter@cwtsato.com,agent_not_found,no,,,,,Joanne Carlson,jodie.carlson@amexgbt.com
AQUA APP Support,CWT AQUA APP Support,17000392776,My Team,Julie Jurgens,julie.jurgens@amexgbt.com,member,yes_member,17004603121,Julie Jurgens,yes,My Team,Joanne Carlson,jodie.carlson@amexgbt.com
AQUA APP Support,CWT AQUA APP Support,17000392776,My Team,Kathryn Peckham,kathryn.peckham@amexgbt.com,member,yes_member,17004602990,Kathryn Peckham,yes,My Team,Joanne Carlson,jodie.carlson@amexgbt.com
AQUA APP Support,CWT AQUA APP Support,17000392776,My Team,Jane Kempton,jane.kempton@amexgbt.com,member,yes_member,17004605811,Jane Kempton,yes,My Team,Joanne Carlson,jodie.carlson@amexgbt.com
AQUA APP Support,CWT AQUA APP Support,17000392776,My Team,Almudena Diaz Barcos,almudena.diazbarcos@amexgbt.com,not_in_group,no,17004601718,Almudena Diaz Barcos,yes,My Team,Joanne Carlson,jodie.carlson@amexgbt.com
AQUA APP Support,CWT AQUA APP Support,17000392776,My Team,Joanne Carlson,jodie.carlson@amexgbt.com,member,yes_member,17004604841,Joanne Carlson,yes,My Team,Joanne Carlson,jodie.carlson@amexgbt.com
AQUA APP Support,CWT AQUA APP Support,17000392776,My Team,Lorin Flores,lorin.flores@amexgbt.com,member,yes_member,17004605158,Lorin Flores,yes,My Team,Joanne Carlson,jodie.carlson@amexgbt.com
AQUA APP Support Approvers Group,,,,Kathy Potter,kpotter@cwtsato.com,group_unmatched,no,,,,,Joanne Carlson,jodie.carlson@amexgbt.com
AQUA APP Support Approvers Group,,,,Kathryn Peckham,kathryn.peckham@amexgbt.com,group_unmatched,no,17004602990,Kathryn Peckham,yes,My Team,Joanne Carlson,jodie.carlson@amexgbt.com
AQUA Approver Group,,,,Kathryn Peckham,kathryn.peckham@amexgbt.com,group_unmatched,no,17004602990,Kathryn Peckham,yes,My Team,Joanne Carlson,jodie.carlson@amexgbt.com
AQUA Approver Group,,,,Julie Jurgens,julie.jurgens@amexgbt.com,group_unmatched,no,17004603121,Julie Jurgens,yes,My Team,Joanne Carlson,jodie.carlson@amexgbt.com
AQUA Approver Group,,,,Lorin Flores,lorin.flores@amexgbt.com,group_unmatched,no,17004605158,Lorin Flores,yes,My Team,Joanne Carlson,jodie.carlson@amexgbt.com
AQUA COREDEV ONCALL,,,,Lorin Flores,lorin.flores@amexgbt.com,group_unmatched,no,17004605158,Lorin Flores,yes,My Team,Brian Lane,brian.lane@amexgbt.com
AQUA COREDEV ONCALL,,,,AQUA On-call Device,,group_unmatched,no,,,,,Brian Lane,brian.lane@amexgbt.com
AQUA COREDEV ONCALL,,,,Brian Lane,brian.lane@amexgbt.com,group_unmatched,no,17004603009,Brian Lane,yes,My Team,Brian Lane,brian.lane@amexgbt.com
AQUA COREDEV ONCALL,,,,Kathryn Peckham,kathryn.peckham@amexgbt.com,group_unmatched,no,17004602990,Kathryn Peckham,yes,My Team,Brian Lane,brian.lane@amexgbt.com
AQUA M&G Approver Group,,,,Kathy Potter,kpotter@cwtsato.com,group_unmatched,no,,,,,Joanne Carlson,jodie.carlson@amexgbt.com
AQUA M&G Approver Group,,,,Lorin Flores,lorin.flores@amexgbt.com,group_unmatched,no,17004605158,Lorin Flores,yes,My Team,Joanne Carlson,jodie.carlson@amexgbt.com
AQUA M&G Approver Group,,,,Kathryn Peckham,kathryn.peckham@amexgbt.com,group_unmatched,no,17004602990,Kathryn Peckham,yes,My Team,Joanne Carlson,jodie.carlson@amexgbt.com
AQUA Support,CWT AQUA Support,17000392777,My Team,Debra Mcewen,debra.mcewen@amexgbt.com,member,yes_member,17004603930,Debra Mcewen,yes,My Team,Joanne Carlson,jodie.carlson@amexgbt.com
AQUA Support,CWT AQUA Support,17000392777,My Team,Katherine Labonte,katherine.labonte@amexgbt.com,member,yes_member,17004634840,Katherine Labonte,yes,My Team,Joanne Carlson,jodie.carlson@amexgbt.com
AQUA Support,CWT AQUA Support,17000392777,My Team,Morgan Strause,morgan.strause@amexgbt.com,member,yes_member,17004603063,Morgan Strause,yes,My Team,Joanne Carlson,jodie.carlson@amexgbt.com
AQUA Support,CWT AQUA Support,17000392777,My Team,Sonja Antosh,sonja.antosh@amexgbt.com,member,yes_member,17004603195,Sonja Antosh,yes,My Team,Joanne Carlson,jodie.carlson@amexgbt.com
AQUA Support,CWT AQUA Support,17000392777,My Team,Jane Kempton,jane.kempton@amexgbt.com,member,yes_member,17004605811,Jane Kempton,yes,My Team,Joanne Carlson,jodie.carlson@amexgbt.com
AQUA Support,CWT AQUA Support,17000392777,My Team,Lorin Flores,lorin.flores@amexgbt.com,member,yes_member,17004605158,Lorin Flores,yes,My Team,Joanne Carlson,jodie.carlson@amexgbt.com
AQUA Support,CWT AQUA Support,17000392777,My Team,Joanne Carlson,jodie.carlson@amexgbt.com,member,yes_member,17004604841,Joanne Carlson,yes,My Team,Joanne Carlson,jodie.carlson@amexgbt.com
AQUA Support,CWT AQUA Support,17000392777,My Team,Karen Risueno,karen.risueno@amexgbt.com,member,yes_member,17004602982,Karen Risueno,yes,My Team,Joanne Carlson,jodie.carlson@amexgbt.com
AQUA Support,CWT AQUA Support,17000392777,My Team,Nicole Legrand,nicole.legrand@amexgbt.com,member,yes_member,17004607417,Nicole Legrand,yes,My Team,Joanne Carlson,jodie.carlson@amexgbt.com
AQUA Support,CWT AQUA Support,17000392777,My Team,Sonam Pansari,sonam.pansari@amexgbt.com,member,yes_member,17004602669,Sonam Pansari,yes,My Team,Joanne Carlson,jodie.carlson@amexgbt.com
AQUA Support,CWT AQUA Support,17000392777,My Team,Tomasz Maliszewski,tomasz.maliszewski@amexgbt.com,not_in_group,no,17004601228,Tomasz Maliszewski,yes,My Team,Joanne Carlson,jodie.carlson@amexgbt.com
AQUA Support,CWT AQUA Support,17000392777,My Team,Lesley Roberts,lesley.roberts@amexgbt.com,member,yes_member,17004634807,Lesley Roberts,yes,My Team,Joanne Carlson,jodie.carlson@amexgbt.com
AQUA Support,CWT AQUA Support,17000392777,My Team,Kathryn Peckham,kathryn.peckham@amexgbt.com,member,yes_member,17004602990,Kathryn Peckham,yes,My Team,Joanne Carlson,jodie.carlson@amexgbt.com
AQUA Support,CWT AQUA Support,17000392777,My Team,Julie Jurgens,julie.jurgens@amexgbt.com,member,yes_member,17004603121,Julie Jurgens,yes,My Team,Joanne Carlson,jodie.carlson@amexgbt.com
AQUA Support,CWT AQUA Support,17000392777,My Team,Almudena Diaz Barcos,almudena.diazbarcos@amexgbt.com,member,yes_member,17004601718,Almudena Diaz Barcos,yes,My Team,Joanne Carlson,jodie.carlson@amexgbt.com
AQUA Support,CWT AQUA Support,17000392777,My Team,Kathy Potter,kpotter@cwtsato.com,agent_not_found,no,,,,,Joanne Carlson,jodie.carlson@amexgbt.com
ARC SECURITY,CWT ARC SECURITY,17000393493,My Team,Diane Trager,diane.trager@amexgbt.com,member,yes_member,17004603511,Diane Trager,yes,My Team,Diane Trager,diane.trager@amexgbt.com
ARC SECURITY,CWT ARC SECURITY,17000393493,My Team,Stacy Nygaard,stacy.nygaard@amexgbt.com,member,yes_member,17004603490,Stacy Nygaard,yes,My Team,Diane Trager,diane.trager@amexgbt.com
ARC SECURITY,CWT ARC SECURITY,17000393493,My Team,Paula Peitz,paula.peitz@amexgbt.com,member,yes_member,17004603483,Paula Peitz,yes,My Team,Diane Trager,diane.trager@amexgbt.com
ARC SETTLEMENT ADMINISTRATION,CWT ARC SETTLEMENT ADMINISTRATION,17000393561,My Team,Paula Peitz,paula.peitz@amexgbt.com,member,yes_member,17004603483,Paula Peitz,yes,My Team,Paula Peitz,paula.peitz@amexgbt.com
ARC SETTLEMENT ADMINISTRATION,CWT ARC SETTLEMENT ADMINISTRATION,17000393561,My Team,Diane Trager,diane.trager@amexgbt.com,member,yes_member,17004603511,Diane Trager,yes,My Team,Paula Peitz,paula.peitz@amexgbt.com
ARCS Support,CWT ARCS Support,17000393562,My Team,Ian Skitzki,ian.skitzki@amexgbt.com,member,yes_member,17004602725,Ian Skitzki,yes,My Team,Jaroslaw Han,jaroslaw.han@amexgbt.com
ARCS Support,CWT ARCS Support,17000393562,My Team,Jaroslaw Han,jaroslaw.han@amexgbt.com,member,yes_member,17004601148,Jaroslaw Han,yes,My Team,Jaroslaw Han,jaroslaw.han@amexgbt.com
AR_CL_PE,,,,Dimas Crivelaro,dimas.crivelaro@amexgbt.com,group_unmatched,no,,,,,Gilmar Banzato,gilmar.banzato@amexgbt.com
Automation Microservices,,,,Joshua Cura,joshua.cura@amexgbt.com,group_unmatched,no,17004608369,Joshua Cura,yes,My Team,Srinivasa Kovvuri,srinivasa.kovvuri@amexgbt.com
Automation Microservices - Approver,,,,Joshua Cura,joshua.cura@amexgbt.com,group_unmatched,no,17004608369,Joshua Cura,yes,My Team,Patrice Simon,patrice.simon@amexgbt.com
AWA Manager,CWT AWA Manager,17000393563,My Team,Jeanne Risha Aldave,jeannerisha.aldave@amexgbt.com,member,yes_member,17004608674,Jeanne Risha Aldave,yes,My Team,System Administrator,CWTToolsProcessandReporting@carlsonwagonlit.com
AWA Manager,CWT AWA Manager,17000393563,My Team,Regine Joyce De Leon,reginejoyce.deleon@amexgbt.com,member,yes_member,17005058351,Regine Joyce De Leon,yes,My Team,System Administrator,CWTToolsProcessandReporting@carlsonwagonlit.com
AWA Manager,CWT AWA Manager,17000393563,My Team,Ernielyn Villanueva,ernielyn.villanueva@amexgbt.com,member,yes_member,17004608420,Ernielyn Villanueva,yes,My Team,System Administrator,CWTToolsProcessandReporting@carlsonwagonlit.com
AWA Manager,CWT AWA Manager,17000393563,My Team,Perseus Tanada,perseus.tanada@amexgbt.com,member,yes_member,17004608662,Perseus Tanada,yes,My Team,System Administrator,CWTToolsProcessandReporting@carlsonwagonlit.com
AWA Manager,CWT AWA Manager,17000393563,My Team,Andrew James Lagrana,andrewjames.lagrana@amexgbt.com,member,yes_member,17004608646,Andrew James Lagrana,yes,My Team,System Administrator,CWTToolsProcessandReporting@carlsonwagonlit.com
AWA Manager,CWT AWA Manager,17000393563,My Team,Geoffrey Gemoto,geoffrey.gemoto@amexgbt.com,member,yes_member,17004608431,Geoffrey Gemoto,yes,My Team,System Administrator,CWTToolsProcessandReporting@carlsonwagonlit.com
AWA Manager,CWT AWA Manager,17000393563,My Team,Jomarie Fabros,jomarie.fabros@amexgbt.com,member,yes_member,17004608689,Jomarie Fabros,yes,My Team,System Administrator,CWTToolsProcessandReporting@carlsonwagonlit.com
AWA Manager,CWT AWA Manager,17000393563,My Team,Lina Kohtala,lina.kohtala@amexgbt.com,member,yes_member,17004608864,Lina Kohtala,yes,My Team,System Administrator,CWTToolsProcessandReporting@carlsonwagonlit.com
BACKOFFICE EMEA L2,CWT BACKOFFICE EMEA L2,17000393391,My Team,Kirsten Jepsen,kirsten.jepsen@amexgbt.com,member,yes_member,17004610881,Kirsten Jepsen,yes,My Team,Jamie Wybrow,jamie.wybrow@amexgbt.com
BDM Dev,,,,Joshua Cura,joshua.cura@amexgbt.com,group_unmatched,no,17004608369,Joshua Cura,yes,My Team,Srinivasa Kovvuri,srinivasa.kovvuri@amexgbt.com
BDM Dev,,,,Haroun Al-Rashid Amerel,harounal-rashid.amerel@amexgbt.com,group_unmatched,no,17004608294,Haroun Al-Rashid Amerel,yes,My Team,Srinivasa Kovvuri,srinivasa.kovvuri@amexgbt.com
BEIJING SERVICE DESK,CWT BEIJING SERVICE DESK,17000393392,My Team,Feng Bai,fbai@mycwt.com,agent_not_found,no,,,,,Chong Tian Soo,chongtian.soo@amexgbt.com
BEIJING SERVICE DESK,CWT BEIJING SERVICE DESK,17000393392,My Team,Fei He,fhe@mycwt.com,agent_not_found,no,,,,,Chong Tian Soo,chongtian.soo@amexgbt.com
BENELUX IT PROCUREMENT,CWT BENELUX IT PROCUREMENT,17000393393,My Team,Benjamin Scholts,benjamin.scholts@amexgbt.com,member,yes_member,17004610868,Benjamin Scholts,yes,My Team,Frank Ho,frank.ho@amexgbt.com
BENELUX IT PROCUREMENT,CWT BENELUX IT PROCUREMENT,17000393393,My Team,Antoine Cabuy,antoine.cabuy@amexgbt.com,member,yes_member,17004606227,Antoine Cabuy,yes,My Team,Frank Ho,frank.ho@amexgbt.com
BENELUX TS BMF,CWT BENELUX TS BMF,17000393394,My Team,Diane Degenhardt,diane.degenhardt@amexgbt.com,member,yes_member,17004605950,Diane Degenhardt,yes,My Team,Aleksandra Pawelczak,aleksandra.pawelczak@amexgbt.com
BENELUX TS BMF,CWT BENELUX TS BMF,17000393394,My Team,Sharyn Ijben - Van Spijker,sharyn.ijben@amexgbt.com,agent_not_found,no,,,,,Aleksandra Pawelczak,aleksandra.pawelczak@amexgbt.com
BENELUX TS CAR,CWT BENELUX TS CAR,17000393395,My Team,Diane Degenhardt,diane.degenhardt@amexgbt.com,member,yes_member,17004605950,Diane Degenhardt,yes,My Team,Aleksandra Pawelczak,aleksandra.pawelczak@amexgbt.com
BENELUX TS CAR,CWT BENELUX TS CAR,17000393395,My Team,Sharyn Ijben - Van Spijker,sharyn.ijben@amexgbt.com,agent_not_found,no,,,,,Aleksandra Pawelczak,aleksandra.pawelczak@amexgbt.com
BENELUX TS CWT ANALYTIQS,CWT BENELUX TS CWT ANALYTIQS,17000393396,My Team,Diane Degenhardt,diane.degenhardt@amexgbt.com,member,yes_member,17004605950,Diane Degenhardt,yes,My Team,Aleksandra Pawelczak,aleksandra.pawelczak@amexgbt.com
BENELUX TS CWT ANALYTIQS,CWT BENELUX TS CWT ANALYTIQS,17000393396,My Team,Sharyn Ijben - Van Spijker,sharyn.ijben@amexgbt.com,agent_not_found,no,,,,,Aleksandra Pawelczak,aleksandra.pawelczak@amexgbt.com
BENELUX TS CWT ITINERARY,CWT BENELUX TS CWT ITINERARY,17000393397,My Team,Diane Degenhardt,diane.degenhardt@amexgbt.com,member,yes_member,17004605950,Diane Degenhardt,yes,My Team,Ferdinand Hackl,ferdinand.hackl@amexgbt.com
BENELUX TS CWT ITINERARY,CWT BENELUX TS CWT ITINERARY,17000393397,My Team,Sharyn Ijben - Van Spijker,sharyn.ijben@amexgbt.com,agent_not_found,no,,,,,Ferdinand Hackl,ferdinand.hackl@amexgbt.com
BENELUX TS CWT LISTENS,CWT BENELUX TS CWT LISTENS,17000393398,My Team,Diane Degenhardt,diane.degenhardt@amexgbt.com,member,yes_member,17004605950,Diane Degenhardt,yes,My Team,Aleksandra Pawelczak,aleksandra.pawelczak@amexgbt.com
BENELUX TS CWT LISTENS,CWT BENELUX TS CWT LISTENS,17000393398,My Team,Sharyn Ijben - Van Spijker,sharyn.ijben@amexgbt.com,agent_not_found,no,,,,,Aleksandra Pawelczak,aleksandra.pawelczak@amexgbt.com
BENELUX TS CWT RESOLVE,CWT BENELUX TS CWT RESOLVE,17000393399,My Team,Sharyn Ijben - Van Spijker,sharyn.ijben@amexgbt.com,agent_not_found,no,,,,,Aleksandra Pawelczak,aleksandra.pawelczak@amexgbt.com
BENELUX TS CWT RESOLVE,CWT BENELUX TS CWT RESOLVE,17000393399,My Team,Diane Degenhardt,diane.degenhardt@amexgbt.com,member,yes_member,17004605950,Diane Degenhardt,yes,My Team,Aleksandra Pawelczak,aleksandra.pawelczak@amexgbt.com
BENELUX TS ETTT,CWT BENELUX TS ETTT,17000393400,My Team,Diane Degenhardt,diane.degenhardt@amexgbt.com,member,yes_member,17004605950,Diane Degenhardt,yes,My Team,Aleksandra Pawelczak,aleksandra.pawelczak@amexgbt.com
BENELUX TS ETTT,CWT BENELUX TS ETTT,17000393400,My Team,Sharyn Ijben - Van Spijker,sharyn.ijben@amexgbt.com,agent_not_found,no,,,,,Aleksandra Pawelczak,aleksandra.pawelczak@amexgbt.com
BENELUX TS HARP,,,,Sharyn Ijben - Van Spijker,sharyn.ijben@amexgbt.com,group_unmatched,no,,,,,,
BENELUX TS INTRANET,CWT BENELUX TS INTRANET,17000393401,My Team,Sharyn Ijben - Van Spijker,sharyn.ijben@amexgbt.com,agent_not_found,no,,,,,Aleksandra Pawelczak,aleksandra.pawelczak@amexgbt.com
BENELUX TS INTRANET,CWT BENELUX TS INTRANET,17000393401,My Team,Diane Degenhardt,diane.degenhardt@amexgbt.com,member,yes_member,17004605950,Diane Degenhardt,yes,My Team,Aleksandra Pawelczak,aleksandra.pawelczak@amexgbt.com
BENELUX TS MOXIE,CWT BENELUX TS MOXIE,17000393402,My Team,Diane Degenhardt,diane.degenhardt@amexgbt.com,member,yes_member,17004605950,Diane Degenhardt,yes,My Team,Aleksandra Pawelczak,aleksandra.pawelczak@amexgbt.com
BENELUX TS MOXIE,CWT BENELUX TS MOXIE,17000393402,My Team,Sharyn Ijben - Van Spijker,sharyn.ijben@amexgbt.com,agent_not_found,no,,,,,Aleksandra Pawelczak,aleksandra.pawelczak@amexgbt.com
BENELUX TS ONLINE,CWT BENELUX TS ONLINE,17000393403,My Team,Aleksandra Pawelczak,aleksandra.pawelczak@amexgbt.com,member,yes_member,17004606864,Aleksandra Pawelczak,yes,My Team,Aleksandra Pawelczak,aleksandra.pawelczak@amexgbt.com
BENELUX TS POWER ASSIST,CWT BENELUX TS POWER ASSIST,17000393404,My Team,Sharyn Ijben - Van Spijker,sharyn.ijben@amexgbt.com,agent_not_found,no,,,,,Aleksandra Pawelczak,aleksandra.pawelczak@amexgbt.com
BENELUX TS POWER ASSIST,CWT BENELUX TS POWER ASSIST,17000393404,My Team,Diane Degenhardt,diane.degenhardt@amexgbt.com,member,yes_member,17004605950,Diane Degenhardt,yes,My Team,Aleksandra Pawelczak,aleksandra.pawelczak@amexgbt.com
BENELUX TS RAIL,CWT BENELUX TS RAIL,17000393405,My Team,Diane Degenhardt,diane.degenhardt@amexgbt.com,member,yes_member,17004605950,Diane Degenhardt,yes,My Team,Aleksandra Pawelczak,aleksandra.pawelczak@amexgbt.com
BENELUX TS RAIL,CWT BENELUX TS RAIL,17000393405,My Team,Sharyn Ijben - Van Spijker,sharyn.ijben@amexgbt.com,agent_not_found,no,,,,,Aleksandra Pawelczak,aleksandra.pawelczak@amexgbt.com
BENELUX TS VISA,CWT BENELUX TS VISA,17000393406,My Team,Sharyn Ijben - Van Spijker,sharyn.ijben@amexgbt.com,agent_not_found,no,,,,,Aleksandra Pawelczak,aleksandra.pawelczak@amexgbt.com
BENELUX TS VISA,CWT BENELUX TS VISA,17000393406,My Team,Diane Degenhardt,diane.degenhardt@amexgbt.com,member,yes_member,17004605950,Diane Degenhardt,yes,My Team,Aleksandra Pawelczak,aleksandra.pawelczak@amexgbt.com
BENELUX TS VOIP,CWT BENELUX TS VOIP,17000393407,My Team,Sharyn Ijben - Van Spijker,sharyn.ijben@amexgbt.com,agent_not_found,no,,,,,Aleksandra Pawelczak,aleksandra.pawelczak@amexgbt.com
BENELUX TS VOIP,CWT BENELUX TS VOIP,17000393407,My Team,Diane Degenhardt,diane.degenhardt@amexgbt.com,member,yes_member,17004605950,Diane Degenhardt,yes,My Team,Aleksandra Pawelczak,aleksandra.pawelczak@amexgbt.com
BENELUX TS WINGS,CWT BENELUX TS WINGS,17000393408,My Team,Diane Degenhardt,diane.degenhardt@amexgbt.com,member,yes_member,17004605950,Diane Degenhardt,yes,My Team,Aleksandra Pawelczak,aleksandra.pawelczak@amexgbt.com
BENELUX TS WINGS,CWT BENELUX TS WINGS,17000393408,My Team,Sharyn Ijben - Van Spijker,sharyn.ijben@amexgbt.com,agent_not_found,no,,,,,Aleksandra Pawelczak,aleksandra.pawelczak@amexgbt.com
BI Data Warehouse Support,CWT BI Data Warehouse Support,17000393494,My Team,Alexander Oelkers,alexander.oelkers@amexgbt.com,member,yes_member,17004603250,Alexander Oelkers,yes,My Team,Christopher Lingbaoan,christopher.lingbaoan@amexgbt.com
BI Data Warehouse Support,CWT BI Data Warehouse Support,17000393494,My Team,Regina Gendler,regina.gendler@amexgbt.com,member,yes_member,17004603329,Regina Gendler,yes,My Team,Christopher Lingbaoan,christopher.lingbaoan@amexgbt.com
BMF/PCT APPROVAL GROUP,,,,Rachid Zarbouh,rachid.zarbouh@amexgbt.com,group_unmatched,no,17004611014,Rachid Zarbouh,yes,My Team,Rachid Zarbouh,rachid.zarbouh@amexgbt.com
BMF/PCT SECURITY GROUP,,,,Rachid Zarbouh,rachid.zarbouh@amexgbt.com,group_unmatched,no,17004611014,Rachid Zarbouh,yes,My Team,Rachid Zarbouh,rachid.zarbouh@amexgbt.com
BMF/PCT TECHNICAL GROUP,CWT BMF/PCT TECHNICAL GROUP,17000393564,My Team,Rachid Zarbouh,rachid.zarbouh@amexgbt.com,member,yes_member,17004611014,Rachid Zarbouh,yes,My Team,Rachid Zarbouh,rachid.zarbouh@amexgbt.com
Booking Modification Fee Approver Group,,,,Rachid Zarbouh,rachid.zarbouh@amexgbt.com,group_unmatched,no,17004611014,Rachid Zarbouh,yes,My Team,Rachid Zarbouh,rachid.zarbouh@amexgbt.com
BPG CSP Business Services,CWT BPG CSP Business Services,17000393409,My Team,Robenie Fernandez,robenie.fernandez@amexgbt.com,member,yes_member,17004608400,Robenie Fernandez,yes,My Team,Haroun Al-Rashid Amerel,harounal-rashid.amerel@amexgbt.com
BPG CWT Portrait Problem group,CWT BPG CWT Portrait Problem group,17000393410,My Team,Oded Judelman,oded.judelman@amexgbt.com,member,yes_member,17004606689,Oded Judelman,yes,My Team,Oded Judelman,oded.judelman@amexgbt.com
BPG CWT Portrait Problem group,CWT BPG CWT Portrait Problem group,17000393410,My Team,Yoav Ofan,yoav.ofan@amexgbt.com,member,yes_member,17004606682,Yoav Ofan,yes,My Team,Oded Judelman,oded.judelman@amexgbt.com
BPG Data Architect,CWT BPG Data Architect,17000393532,My Team,Sudha Shankaran,sudha.shankaran@amexgbt.com,member,yes_member,17004603327,Sudha Shankaran,yes,My Team,Aleksandra Pawelczak,aleksandra.pawelczak@amexgbt.com
BPG GDS Incident Escalation Support,CWT BPG GDS Incident Escalation Support,17000393533,My Team,Leandro Sarmento,leandro.sarmento@amexgbt.com,member,yes_member,17004602240,Leandro Sarmento,yes,My Team,Marie-Louise Van Vlemen,marie-louise.vanvlemen@amexgbt.com
BPG GDS Incident Escalation Support,CWT BPG GDS Incident Escalation Support,17000393533,My Team,Lukasz Sempowicz,lukasz.sempowicz@amexgbt.com,member,yes_member,17004601171,Lukasz Sempowicz,yes,My Team,Marie-Louise Van Vlemen,marie-louise.vanvlemen@amexgbt.com
BPG GDS Incident Escalation Support,CWT BPG GDS Incident Escalation Support,17000393533,My Team,Sharon Rochester,sharon.rochester@amexgbt.com,member,yes_member,17004605706,Sharon Rochester,yes,My Team,Marie-Louise Van Vlemen,marie-louise.vanvlemen@amexgbt.com
BPG GDS Incident Escalation Support,CWT BPG GDS Incident Escalation Support,17000393533,My Team,Marie-Louise Van Vlemen,marie-louise.vanvlemen@amexgbt.com,member,yes_member,17004606153,Marie-Louise Van Vlemen,yes,My Team,Marie-Louise Van Vlemen,marie-louise.vanvlemen@amexgbt.com
BPG IN GST Services,,,,John Paulo Villafranca,johnpaulo.villafranca@amexgbt.com,group_unmatched,no,17004608306,John Paulo Villafranca,yes,My Team,Roderick Alvarez,roderick.alvarez@amexgbt.com
BPG MDF Problem Group,CWT BPG MDF Problem Group,17000393411,My Team,Praveen Bejjam,pbejjam@mycwt.com,agent_not_found,no,,,,,Daniel Walsh,daniel.walsh@amexgbt.com
BPG MDF Problem Group,CWT BPG MDF Problem Group,17000393411,My Team,Rajesh Gunda,rajesh.gunda@amexgbt.com,member,yes_member,17004602637,Rajesh Gunda,yes,My Team,Daniel Walsh,daniel.walsh@amexgbt.com
BPG MDF Problem Group,CWT BPG MDF Problem Group,17000393411,My Team,Daniel Walsh,daniel.walsh@amexgbt.com,member,yes_member,17004603019,Daniel Walsh,yes,My Team,Daniel Walsh,daniel.walsh@amexgbt.com
BPG MDF Problem Group,CWT BPG MDF Problem Group,17000393411,My Team,Danica Eimer,danica.eimer@amexgbt.com,member,yes_member,17004603831,Danica Eimer,yes,My Team,Daniel Walsh,daniel.walsh@amexgbt.com
BPG Pega Automation,CWT BPG Pega Automation,17000393412,My Team,Roderick Alvarez,roderick.alvarez@amexgbt.com,member,yes_member,17004608443,Roderick Alvarez,yes,My Team,Roderick Alvarez,roderick.alvarez@amexgbt.com
BPG Pega Automation,CWT BPG Pega Automation,17000393412,My Team,Melvin Joseph Agonias,melvinjoseph.agonias@amexgbt.com,member,yes_member,17004608561,Melvin Joseph Agonias,yes,My Team,Roderick Alvarez,roderick.alvarez@amexgbt.com
BPG Pega Automation,CWT BPG Pega Automation,17000393412,My Team,Rommel Lapade,rommel.lapade@amexgbt.com,member,yes_member,17004608412,Rommel Lapade,yes,My Team,Roderick Alvarez,roderick.alvarez@amexgbt.com
BPG Power Applications Problem Tracker,CWT BPG Power Applications Problem Tracker,17000393534,My Team,Marie-Louise Van Vlemen,marie-louise.vanvlemen@amexgbt.com,member,yes_member,17004606153,Marie-Louise Van Vlemen,yes,My Team,Leandro Sarmento,leandro.sarmento@amexgbt.com
BPG Power Applications Problem Tracker,CWT BPG Power Applications Problem Tracker,17000393534,My Team,Karren Roxas,karren.roxas@amexgbt.com,member,yes_member,17004608327,Karren Roxas,yes,My Team,Leandro Sarmento,leandro.sarmento@amexgbt.com
BPG Power Applications Problem Tracker,CWT BPG Power Applications Problem Tracker,17000393534,My Team,Liel Ongkengco,liel.ongkengco@amexgbt.com,member,yes_member,17004608471,Liel Ongkengco,yes,My Team,Leandro Sarmento,leandro.sarmento@amexgbt.com
BPG Power Applications Problem Tracker,CWT BPG Power Applications Problem Tracker,17000393534,My Team,Thea Demetillo,thea.demetillo@amexgbt.com,member,yes_member,17004608480,Thea Demetillo,yes,My Team,Leandro Sarmento,leandro.sarmento@amexgbt.com
BPG Power Applications Problem Tracker,CWT BPG Power Applications Problem Tracker,17000393534,My Team,Leandro Sarmento,leandro.sarmento@amexgbt.com,member,yes_member,17004602240,Leandro Sarmento,yes,My Team,Leandro Sarmento,leandro.sarmento@amexgbt.com
BPG Power Applications Problem Tracker,CWT BPG Power Applications Problem Tracker,17000393534,My Team,Sharon Rochester,sharon.rochester@amexgbt.com,member,yes_member,17004605706,Sharon Rochester,yes,My Team,Leandro Sarmento,leandro.sarmento@amexgbt.com
BPG Senior QA Group,CWT BPG Senior QA Group,17000393413,My Team,Estele Jane Ortal,estelejane.ortal@amexgbt.com,member,yes_member,17004608383,Estele Jane Ortal,yes,My Team,Ronald Christopher Mercene,ronaldchristopher.mercene@amexgbt.com
BPG Senior QA Group,CWT BPG Senior QA Group,17000393413,My Team,Winston Lee,winston.lee@amexgbt.com,member,yes_member,17004608301,Winston Lee,yes,My Team,Ronald Christopher Mercene,ronaldchristopher.mercene@amexgbt.com
BPG Senior QA Group,CWT BPG Senior QA Group,17000393413,My Team,Ronald Christopher Mercene,ronaldchristopher.mercene@amexgbt.com,member,yes_member,17004608437,Ronald Christopher Mercene,yes,My Team,Ronald Christopher Mercene,ronaldchristopher.mercene@amexgbt.com
BPG Senior QA Group,CWT BPG Senior QA Group,17000393413,My Team,Sunny Postrado,sunny.postrado@amexgbt.com,member,yes_member,17004608303,Sunny Postrado,yes,My Team,Ronald Christopher Mercene,ronaldchristopher.mercene@amexgbt.com
BPG SP Platform Team,CWT BPG SP Platform Team,17000393535,My Team,Rhubel Gulanes,rgulanes@mycwt.com,agent_not_found,no,,,,,Robenie Fernandez,robenie.fernandez@amexgbt.com
BPG SP Platform Team,CWT BPG SP Platform Team,17000393535,My Team,Darwin James Abelardo,darwinjames.abelardo@amexgbt.com,member,yes_member,17004608440,Darwin James Abelardo,yes,My Team,Robenie Fernandez,robenie.fernandez@amexgbt.com
BPG TT Domain Approver Group,CWT BPG TT Domain Approver Group,17000393339,My Team,Vittorio Margherita,vittorio.margherita@amexgbt.com,member,yes_member,17004607901,Vittorio Margherita,yes,My Team,David Castillo,david.castillo2@amexgbt.com
BR APOIO OPERACIONAL,CWT BR APOIO OPERACIONAL,17000393536,My Team,Roberto Carlos Pirillo,robertocarlos.pirillo@amexgbt.com,member,yes_member,17004602571,Roberto Carlos Pirillo,yes,My Team,Priscila Morales,priscila.morales@amexgbt.com
BR APOIO OPERACIONAL,CWT BR APOIO OPERACIONAL,17000393536,My Team,Leila Nobrega,leila.nobrega@amexgbt.com,member,yes_member,17004602368,Leila Nobrega,yes,My Team,Priscila Morales,priscila.morales@amexgbt.com
BR APOIO OPERACIONAL,CWT BR APOIO OPERACIONAL,17000393536,My Team,Mariana Rossi Braulio,mariana.rossibraulio@amexgbt.com,member,yes_member,17004602496,Mariana Rossi Braulio,yes,My Team,Priscila Morales,priscila.morales@amexgbt.com
BR APOIO OPERACIONAL,CWT BR APOIO OPERACIONAL,17000393536,My Team,Priscila Morales,priscila.morales@amexgbt.com,member,yes_member,17004602325,Priscila Morales,yes,My Team,Priscila Morales,priscila.morales@amexgbt.com
BR APOIO OPERACIONAL,CWT BR APOIO OPERACIONAL,17000393536,My Team,Sirlei Nagahama Hirashiki,sirlei.nagahamahirashiki@amexgbt.com,member,yes_member,17004602460,Sirlei Nagahama Hirashiki,yes,My Team,Priscila Morales,priscila.morales@amexgbt.com
BR APOIO OPERACIONAL,CWT BR APOIO OPERACIONAL,17000393536,My Team,Thais Machado,thais.machado@amexgbt.com,member,yes_member,17004602486,Thais Machado,yes,My Team,Priscila Morales,priscila.morales@amexgbt.com
BR Apoio Power Hotel,CWT BR Apoio Power Hotel,17000393340,My Team,Priscila Morales,priscila.morales@amexgbt.com,member,yes_member,17004602325,Priscila Morales,yes,My Team,Priscila Morales,priscila.morales@amexgbt.com
BR Apoio Power Hotel,CWT BR Apoio Power Hotel,17000393340,My Team,Roberto Carlos Pirillo,robertocarlos.pirillo@amexgbt.com,member,yes_member,17004602571,Roberto Carlos Pirillo,yes,My Team,Priscila Morales,priscila.morales@amexgbt.com
BR Apoio Power Hotel,CWT BR Apoio Power Hotel,17000393340,My Team,Leila Nobrega,leila.nobrega@amexgbt.com,member,yes_member,17004602368,Leila Nobrega,yes,My Team,Priscila Morales,priscila.morales@amexgbt.com
BR Apoio Power Hotel,CWT BR Apoio Power Hotel,17000393340,My Team,Thais Machado,thais.machado@amexgbt.com,member,yes_member,17004602486,Thais Machado,yes,My Team,Priscila Morales,priscila.morales@amexgbt.com
BR Apoio Power Hotel,CWT BR Apoio Power Hotel,17000393340,My Team,Sirlei Nagahama Hirashiki,sirlei.nagahamahirashiki@amexgbt.com,member,yes_member,17004602460,Sirlei Nagahama Hirashiki,yes,My Team,Priscila Morales,priscila.morales@amexgbt.com
BR Apoio Power Hotel,CWT BR Apoio Power Hotel,17000393340,My Team,Mariana Rossi Braulio,mariana.rossibraulio@amexgbt.com,member,yes_member,17004602496,Mariana Rossi Braulio,yes,My Team,Priscila Morales,priscila.morales@amexgbt.com
BR PROCESSOS OPERACIONAIS,CWT BR PROCESSOS OPERACIONAIS,17000393495,My Team,Roberto Carlos Pirillo,robertocarlos.pirillo@amexgbt.com,member,yes_member,17004602571,Roberto Carlos Pirillo,yes,My Team,Priscila Morales,priscila.morales@amexgbt.com
BR PROCESSOS OPERACIONAIS,CWT BR PROCESSOS OPERACIONAIS,17000393495,My Team,Priscila Morales,priscila.morales@amexgbt.com,member,yes_member,17004602325,Priscila Morales,yes,My Team,Priscila Morales,priscila.morales@amexgbt.com
BR PROCESSOS OPERACIONAIS,CWT BR PROCESSOS OPERACIONAIS,17000393495,My Team,João Paulo Laranjeira,jlaranjeira@mycwt.com,agent_not_found,no,,,,,Priscila Morales,priscila.morales@amexgbt.com
BR PROCESSOS OPERACIONAIS,CWT BR PROCESSOS OPERACIONAIS,17000393495,My Team,Mariana Rossi Braulio,mariana.rossibraulio@amexgbt.com,member,yes_member,17004602496,Mariana Rossi Braulio,yes,My Team,Priscila Morales,priscila.morales@amexgbt.com
BR PROCESSOS OPERACIONAIS,CWT BR PROCESSOS OPERACIONAIS,17000393495,My Team,Leila Nobrega,leila.nobrega@amexgbt.com,member,yes_member,17004602368,Leila Nobrega,yes,My Team,Priscila Morales,priscila.morales@amexgbt.com
BR PROCESSOS OPERACIONAIS,CWT BR PROCESSOS OPERACIONAIS,17000393495,My Team,Thais Machado,thais.machado@amexgbt.com,member,yes_member,17004602486,Thais Machado,yes,My Team,Priscila Morales,priscila.morales@amexgbt.com
BR PROCESSOS OPERACIONAIS,CWT BR PROCESSOS OPERACIONAIS,17000393495,My Team,Sirlei Nagahama Hirashiki,sirlei.nagahamahirashiki@amexgbt.com,member,yes_member,17004602460,Sirlei Nagahama Hirashiki,yes,My Team,Priscila Morales,priscila.morales@amexgbt.com
BRANCH ACCOUNTING,CWT BRANCH ACCOUNTING,17000393341,My Team,Toni Green,toni.schweigert@amexgbt.com,member,yes_member,17004603425,Toni Green,yes,My Team,Kristin Kacer,kristin.kacer@amexgbt.com
BRANCH ACCOUNTING,CWT BRANCH ACCOUNTING,17000393341,My Team,Kristin Kacer,kristin.kacer@amexgbt.com,agent_not_found,no,,,,,Kristin Kacer,kristin.kacer@amexgbt.com
Buisness Operations Team,,,,Jack Staehler,jack.staehler@amexgbt.com,group_unmatched,no,17004603814,Jack Staehler,yes,My Team,Jack Staehler,jack.staehler@amexgbt.com
Buzz Support,CWT Buzz Support,17000393537,My Team,Eline Geschiere,eline.geschiere@amexgbt.com,member,yes_member,17004606005,Eline Geschiere,yes,My Team,Eline Geschiere,eline.geschiere@amexgbt.com
Buzz Support,CWT Buzz Support,17000393537,My Team,Mel Asuncion,mel.asuncion@amexgbt.com,member,yes_member,17004634825,Mel Asuncion,yes,My Team,Eline Geschiere,eline.geschiere@amexgbt.com
Buzz Support,CWT Buzz Support,17000393537,My Team,Jackie Yuro,jackie.yuro@amexgbt.com,member,yes_member,17004608227,Jackie Yuro,yes,My Team,Eline Geschiere,eline.geschiere@amexgbt.com
Buzz Support,CWT Buzz Support,17000393537,My Team,Roseth Reyes,roseth.reyes@amexgbt.com,member,yes_member,17004608444,Roseth Reyes,yes,My Team,Eline Geschiere,eline.geschiere@amexgbt.com
Buzz Support,CWT Buzz Support,17000393537,My Team,Cristelle Rose Sampang,cristellerose.sampang@amexgbt.com,member,yes_member,17004608515,Cristelle Rose Sampang,yes,My Team,Eline Geschiere,eline.geschiere@amexgbt.com
CA APPLICATION DEVELOPMENT,CWT CA APPLICATION DEVELOPMENT,17000393343,My Team,Kevin Pascoe,kevin.pascoe@amexgbt.com,member,yes_member,17004602755,Kevin Pascoe,yes,My Team,Kevin Pascoe,kevin.pascoe@amexgbt.com
CA APPLICATION DEVELOPMENT,CWT CA APPLICATION DEVELOPMENT,17000393343,My Team,Sandeep Kalayankar,sandeep.kalayankar@amexgbt.com,member,yes_member,17004604201,Sandeep Kalayankar,yes,My Team,Kevin Pascoe,kevin.pascoe@amexgbt.com
CallTrack Change Approver Group,CWT CallTrack Change Approver Group,17000393345,My Team,Dennis Crisostomo,dennis.crisostomo@amexgbt.com,member,yes_member,17004608360,Dennis Crisostomo,yes,My Team,Marcus Wanielik,marcus.wanielik@amexgbt.com
CANADA FINANCE SETUP,CWT CANADA FINANCE SETUP,17000393538,My Team,MARCELA MANZANO,marcela.manzano@amexgbt.com,member,yes_member,17004602766,MARCELA MANZANO,yes,My Team,Sara Sullivan,sara.sullivan@amexgbt.com
CANADA FINANCE SETUP,CWT CANADA FINANCE SETUP,17000393538,My Team,Conner Kirkpatrick,conner.kirkpatrick@amexgbt.com,member,yes_member,17004603234,Conner Kirkpatrick,yes,My Team,Sara Sullivan,sara.sullivan@amexgbt.com
CANADA FINANCE SETUP,CWT CANADA FINANCE SETUP,17000393538,My Team,Sara Sullivan,sara.sullivan@amexgbt.com,member,yes_member,17004603508,Sara Sullivan,yes,My Team,Sara Sullivan,sara.sullivan@amexgbt.com
CANADA FINANCE SETUP,CWT CANADA FINANCE SETUP,17000393538,My Team,Sarah Schroeder,sarah.schroeder@amexgbt.com,member,yes_member,17004602960,Sarah Schroeder,yes,My Team,Sara Sullivan,sara.sullivan@amexgbt.com
CAPACITY PLANNING,CWT CAPACITY PLANNING,17000393346,My Team,Pushya Rani,pushya.rani@amexgbt.com,member,yes_member,17004866987,Pushya Rani,yes,My Team,Amita Sohoni,amita.sohoni@amexgbt.com
CAPACITY PLANNING,CWT CAPACITY PLANNING,17000393346,My Team,Radhakrishnan M,radhakrishnan.m@amexgbt.com,member,yes_member,17002196028,Radhakrishnan M,yes,My Team,Amita Sohoni,amita.sohoni@amexgbt.com
CAPACITY PLANNING,CWT CAPACITY PLANNING,17000393346,My Team,VAMSHI SAYANGARI,vamshi.sayangari@amexgbt.com,member,yes_member,17004037870,VAMSHI SAYANGARI,yes,My Team,Amita Sohoni,amita.sohoni@amexgbt.com
CAPACITY PLANNING,CWT CAPACITY PLANNING,17000393346,My Team,Panchireddy Surya Prakash,panchireddy.suryaprakash@amexgbt.com,member,yes_member,17004558193,Panchireddy Surya Prakash,yes,My Team,Amita Sohoni,amita.sohoni@amexgbt.com
CAPACITY PLANNING,CWT CAPACITY PLANNING,17000393346,My Team,Macharla Naveen,macharla.naveen@amexgbt.com,member,yes_member,17004688338,Macharla Naveen,yes,My Team,Amita Sohoni,amita.sohoni@amexgbt.com
CAPACITY PLANNING,CWT CAPACITY PLANNING,17000393346,My Team,VASEEM AKRAM SHAIK,vaseemakram.shaik@amexgbt.com,member,yes_member,17004902949,VASEEM AKRAM SHAIK,yes,My Team,Amita Sohoni,amita.sohoni@amexgbt.com
CAPACITY PLANNING,CWT CAPACITY PLANNING,17000393346,My Team,Gowri Ganesh Kesavan,gowriganesh.kesavan@amexgbt.com,member,yes_member,17004290620,Gowri Ganesh Kesavan,yes,My Team,Amita Sohoni,amita.sohoni@amexgbt.com
CAPACITY PLANNING,CWT CAPACITY PLANNING,17000393346,My Team,Deepak M,deepak.m@amexgbt.com,member,yes_member,17002967134,Deepak M,yes,My Team,Amita Sohoni,amita.sohoni@amexgbt.com
CAPACITY PLANNING,CWT CAPACITY PLANNING,17000393346,My Team,Travis Randolph,travis.randolph@amexgbt.com,member,yes_member,17004603802,Travis Randolph,yes,My Team,Amita Sohoni,amita.sohoni@amexgbt.com
CAPACITY PLANNING,CWT CAPACITY PLANNING,17000393346,My Team,Balaji Selvarathenam,balaji.selvarathenam@amexgbt.com,member,yes_member,17004835618,Balaji Selvarathenam,yes,My Team,Amita Sohoni,amita.sohoni@amexgbt.com
CAPACITY PLANNING,CWT CAPACITY PLANNING,17000393346,My Team,Datla Reddy,datla.reddy@amexgbt.com,member,yes_member,17004235911,Datla Reddy,yes,My Team,Amita Sohoni,amita.sohoni@amexgbt.com
CAPACITY PLANNING,CWT CAPACITY PLANNING,17000393346,My Team,Aswajith K R,aswajith.kr@amexgbt.com,member,yes_member,17004926115,Aswajith K R,yes,My Team,Amita Sohoni,amita.sohoni@amexgbt.com
CAPACITY PLANNING,CWT CAPACITY PLANNING,17000393346,My Team,Arul K,arul.k@amexgbt.com,member,yes_member,17004946692,Arul K,yes,My Team,Amita Sohoni,amita.sohoni@amexgbt.com
CAPACITY PLANNING,CWT CAPACITY PLANNING,17000393346,My Team,Lokesh Matheswaran,lokesh.matheswaran@amexgbt.com,member,yes_member,17004926117,Lokesh Matheswaran,yes,My Team,Amita Sohoni,amita.sohoni@amexgbt.com
CAPACITY PLANNING,CWT CAPACITY PLANNING,17000393346,My Team,Pradeep Mandlavari,pradeep.mandlavari@amexgbt.com,member,yes_member,17004897428,Pradeep Mandlavari,yes,My Team,Amita Sohoni,amita.sohoni@amexgbt.com
CBR DevOps,CWT CBR DevOps,17000393539,My Team,Justine Allen Arciga,justineallen.arciga@amexgbt.com,member,yes_member,17004608564,Justine Allen Arciga,yes,My Team,Haroun Al-Rashid Amerel,harounal-rashid.amerel@amexgbt.com
CBR DevOps,CWT CBR DevOps,17000393539,My Team,Pradeep Kumar,pkumar97d20@mycwt.com,agent_not_found,no,,,,,Haroun Al-Rashid Amerel,harounal-rashid.amerel@amexgbt.com
CBR DevOps,CWT CBR DevOps,17000393539,My Team,Justin Joseph Luciano,justinjoseph.luciano@amexgbt.com,member,yes_member,17004608298,Justin Joseph Luciano,yes,My Team,Haroun Al-Rashid Amerel,harounal-rashid.amerel@amexgbt.com
CBR DevOps,CWT CBR DevOps,17000393539,My Team,Tanmay Manilal Tandel,tanmaymanilal.tandel@amexgbt.com,member,yes_member,17004602684,Tanmay Manilal Tandel,yes,My Team,Haroun Al-Rashid Amerel,harounal-rashid.amerel@amexgbt.com
CBR DevOps,CWT CBR DevOps,17000393539,My Team,CBR DEVOPS On-Call Device,,agent_not_found,no,,,,,Haroun Al-Rashid Amerel,harounal-rashid.amerel@amexgbt.com
CBR DevOps,CWT CBR DevOps,17000393539,My Team,CBR DEVOPS On-Call Device,,agent_not_found,no,,,,,Haroun Al-Rashid Amerel,harounal-rashid.amerel@amexgbt.com
CBR DevOps,CWT CBR DevOps,17000393539,My Team,Ahmad Ali,ahmad.ali1@amexgbt.com,member,yes_member,17004608563,Ahmad Ali,yes,My Team,Haroun Al-Rashid Amerel,harounal-rashid.amerel@amexgbt.com
CBR DevOps,CWT CBR DevOps,17000393539,My Team,Carlo Ben Lorenzo Rodillo,carlobenlorenzo.rodillo@amexgbt.com,member,yes_member,17004608556,Carlo Ben Lorenzo Rodillo,yes,My Team,Haroun Al-Rashid Amerel,harounal-rashid.amerel@amexgbt.com
CBR DevOps,CWT CBR DevOps,17000393539,My Team,Aileen Guamos,aileen.guamos@amexgbt.com,member,yes_member,17004608320,Aileen Guamos,yes,My Team,Haroun Al-Rashid Amerel,harounal-rashid.amerel@amexgbt.com
CBR DevOps,CWT CBR DevOps,17000393539,My Team,Glen Bautista,glen.bautista@amexgbt.com,member,yes_member,17004608335,Glen Bautista,yes,My Team,Haroun Al-Rashid Amerel,harounal-rashid.amerel@amexgbt.com
CBR DevOps,CWT CBR DevOps,17000393539,My Team,Robenie Fernandez,robenie.fernandez@amexgbt.com,member,yes_member,17004608400,Robenie Fernandez,yes,My Team,Haroun Al-Rashid Amerel,harounal-rashid.amerel@amexgbt.com
CBR DevOps,CWT CBR DevOps,17000393539,My Team,CBR DEVOPS On-Call Device,,agent_not_found,no,,,,,Haroun Al-Rashid Amerel,harounal-rashid.amerel@amexgbt.com
CBR DevOps,CWT CBR DevOps,17000393539,My Team,Jeffrey Canlas,jeffrey.canlas@amexgbt.com,member,yes_member,17004608326,Jeffrey Canlas,yes,My Team,Haroun Al-Rashid Amerel,harounal-rashid.amerel@amexgbt.com
CBR DevOps,CWT CBR DevOps,17000393539,My Team,Sigrid Buenaventura,sigrid.buenaventura@amexgbt.com,member,yes_member,17004608392,Sigrid Buenaventura,yes,My Team,Haroun Al-Rashid Amerel,harounal-rashid.amerel@amexgbt.com
CBR DevOps,CWT CBR DevOps,17000393539,My Team,CBR DEVOPS On-Call 5 Device,,agent_not_found,no,,,,,Haroun Al-Rashid Amerel,harounal-rashid.amerel@amexgbt.com
CBR DevOps,CWT CBR DevOps,17000393539,My Team,Christine Mariel Montaniel,christinemariel.montaniel@amexgbt.com,member,yes_member,17004608240,Christine Mariel Montaniel,yes,My Team,Haroun Al-Rashid Amerel,harounal-rashid.amerel@amexgbt.com
CBR DevOps,CWT CBR DevOps,17000393539,My Team,Darwin James Abelardo,darwinjames.abelardo@amexgbt.com,member,yes_member,17004608440,Darwin James Abelardo,yes,My Team,Haroun Al-Rashid Amerel,harounal-rashid.amerel@amexgbt.com
CBR DevOps,CWT CBR DevOps,17000393539,My Team,Sean Dominique Franco,seandominique.franco@amexgbt.com,member,yes_member,17004608230,Sean Dominique Franco,yes,My Team,Haroun Al-Rashid Amerel,harounal-rashid.amerel@amexgbt.com
CBR DevOps,CWT CBR DevOps,17000393539,My Team,CBR DEVOPS On-Call 3 Device,,agent_not_found,no,,,,,Haroun Al-Rashid Amerel,harounal-rashid.amerel@amexgbt.com
CBR DevOps,CWT CBR DevOps,17000393539,My Team,CBR DEVOPS On-Call 6 Device,,agent_not_found,no,,,,,Haroun Al-Rashid Amerel,harounal-rashid.amerel@amexgbt.com
CBR DevOps,CWT CBR DevOps,17000393539,My Team,Haroun Al-Rashid Amerel,harounal-rashid.amerel@amexgbt.com,member,yes_member,17004608294,Haroun Al-Rashid Amerel,yes,My Team,Haroun Al-Rashid Amerel,harounal-rashid.amerel@amexgbt.com
CBR Spotnana Devops,CWT CBR Spotnana Devops,17000393540,My Team,Justine Allen Arciga,justineallen.arciga@amexgbt.com,member,yes_member,17004608564,Justine Allen Arciga,yes,My Team,Christine Mariel Montaniel,christinemariel.montaniel@amexgbt.com
CBR Spotnana Devops,CWT CBR Spotnana Devops,17000393540,My Team,Darwin James Abelardo,darwinjames.abelardo@amexgbt.com,member,yes_member,17004608440,Darwin James Abelardo,yes,My Team,Christine Mariel Montaniel,christinemariel.montaniel@amexgbt.com
CBR Spotnana Devops,CWT CBR Spotnana Devops,17000393540,My Team,Anna Mary-Marie Rose Tan,annamary-marierose.tan@amexgbt.com,member,yes_member,17004608530,Anna Mary-Marie Rose Tan,yes,My Team,Christine Mariel Montaniel,christinemariel.montaniel@amexgbt.com
CBR Spotnana Devops,CWT CBR Spotnana Devops,17000393540,My Team,John Harvey Sanchez,johnharvey.sanchez@amexgbt.com,member,yes_member,17004608544,John Harvey Sanchez,yes,My Team,Christine Mariel Montaniel,christinemariel.montaniel@amexgbt.com
CBR Spotnana Devops,CWT CBR Spotnana Devops,17000393540,My Team,Aileen Guamos,aileen.guamos@amexgbt.com,member,yes_member,17004608320,Aileen Guamos,yes,My Team,Christine Mariel Montaniel,christinemariel.montaniel@amexgbt.com
CBR Spotnana Devops,CWT CBR Spotnana Devops,17000393540,My Team,Glen Bautista,glen.bautista@amexgbt.com,member,yes_member,17004608335,Glen Bautista,yes,My Team,Christine Mariel Montaniel,christinemariel.montaniel@amexgbt.com
CBR Spotnana Devops,CWT CBR Spotnana Devops,17000393540,My Team,Winston Lee,winston.lee@amexgbt.com,member,yes_member,17004608301,Winston Lee,yes,My Team,Christine Mariel Montaniel,christinemariel.montaniel@amexgbt.com
CBR Spotnana Devops,CWT CBR Spotnana Devops,17000393540,My Team,Estele Jane Ortal,estelejane.ortal@amexgbt.com,member,yes_member,17004608383,Estele Jane Ortal,yes,My Team,Christine Mariel Montaniel,christinemariel.montaniel@amexgbt.com
CCR API Support,CWT CCR API Support,17000393351,My Team,Nathaniel Hanson So,nathanielhanson.so@amexgbt.com,member,yes_member,17004608517,Nathaniel Hanson So,yes,My Team,Haroun Al-Rashid Amerel,harounal-rashid.amerel@amexgbt.com
CCR API Support,CWT CCR API Support,17000393351,My Team,Louis Albert Cruz,louisalbert.cruz@amexgbt.com,member,yes_member,17004608499,Louis Albert Cruz,yes,My Team,Haroun Al-Rashid Amerel,harounal-rashid.amerel@amexgbt.com
CCR API Support,CWT CCR API Support,17000393351,My Team,John Harvey Sanchez,johnharvey.sanchez@amexgbt.com,member,yes_member,17004608544,John Harvey Sanchez,yes,My Team,Haroun Al-Rashid Amerel,harounal-rashid.amerel@amexgbt.com
CCR API Support,CWT CCR API Support,17000393351,My Team,Ryan Scalzo,ryan.scalzo@amexgbt.com,member,yes_member,17004605305,Ryan Scalzo,yes,My Team,Haroun Al-Rashid Amerel,harounal-rashid.amerel@amexgbt.com
CCRAPI Dev,CWT CCRAPI Dev,17000393352,My Team,Louis Albert Cruz,louisalbert.cruz@amexgbt.com,member,yes_member,17004608499,Louis Albert Cruz,yes,My Team,Haroun Al-Rashid Amerel,harounal-rashid.amerel@amexgbt.com
CCRAPI Dev,CWT CCRAPI Dev,17000393352,My Team,Robenie Fernandez,robenie.fernandez@amexgbt.com,member,yes_member,17004608400,Robenie Fernandez,yes,My Team,Haroun Al-Rashid Amerel,harounal-rashid.amerel@amexgbt.com
CCRAPI Dev,CWT CCRAPI Dev,17000393352,My Team,Nathaniel Hanson So,nathanielhanson.so@amexgbt.com,member,yes_member,17004608517,Nathaniel Hanson So,yes,My Team,Haroun Al-Rashid Amerel,harounal-rashid.amerel@amexgbt.com
CCRecon Support,CWT CCRecon Support,17000393541,My Team,Pamela Tope,pamela.tope@amexgbt.com,member,yes_member,17004603971,Pamela Tope,yes,My Team,Ramesh Nallavolu,ramesh.nallavolu@amexgbt.com
CCRecon Support,CWT CCRecon Support,17000393541,My Team,Steven Hamilton,steven.hamilton@amexgbt.com,member,yes_member,17004603123,Steven Hamilton,yes,My Team,Ramesh Nallavolu,ramesh.nallavolu@amexgbt.com
CCRecon Support,CWT CCRecon Support,17000393541,My Team,David Streets,david.streets@amexgbt.com,member,yes_member,17004604594,David Streets,yes,My Team,Ramesh Nallavolu,ramesh.nallavolu@amexgbt.com
CCRecon Support,CWT CCRecon Support,17000393541,My Team,Jayashree Nayak,jayashree.nayak@amexgbt.com,member,yes_member,17004603021,Jayashree Nayak,yes,My Team,Ramesh Nallavolu,ramesh.nallavolu@amexgbt.com
CCRecon Support,CWT CCRecon Support,17000393541,My Team,Marc Da Rita,marc.darita@amexgbt.com,member,yes_member,17004605050,Marc Da Rita,yes,My Team,Ramesh Nallavolu,ramesh.nallavolu@amexgbt.com
CE IT Server Monitoring,CWT CE IT Server Monitoring,17000393353,My Team,Jörg Schumacher,jschumacher@mycwt.com,agent_not_found,no,,,,,Frank Ho,frank.ho@amexgbt.com
CENTRAL BILLING,CWT CENTRAL BILLING,17000393542,My Team,Sandra Huertas,sandra.huertas@amexgbt.com,member,yes_member,17004608088,Sandra Huertas,yes,My Team,Carla Lembo,carla.lembo@amexgbt.com
CENTRAL BILLING,CWT CENTRAL BILLING,17000393542,My Team,Luca Lo Giudice,luca.logiudice@amexgbt.com,member,yes_member,17004608077,Luca Lo Giudice,yes,My Team,Carla Lembo,carla.lembo@amexgbt.com
CENTRAL BILLING,CWT CENTRAL BILLING,17000393542,My Team,Caterina Murati,caterina.murati@amexgbt.com,agent_not_found,no,,,,,Carla Lembo,carla.lembo@amexgbt.com
CFS - FA,CWT CFS - FA,17000393355,My Team,Ramona Jacobson,ramona.jacobson@amexgbt.com,member,yes_member,17004603421,Ramona Jacobson,yes,My Team,Ramona Jacobson,ramona.jacobson@amexgbt.com
CFS - FA,CWT CFS - FA,17000393355,My Team,Diana Fieldseth,diana.fieldseth@amexgbt.com,member,yes_member,17004603346,Diana Fieldseth,yes,My Team,Ramona Jacobson,ramona.jacobson@amexgbt.com
CFS - FA,CWT CFS - FA,17000393355,My Team,Narendra Cheruku,narendra.cheruku@amexgbt.com,member,yes_member,17004872201,Narendra Cheruku,yes,My Team,Ramona Jacobson,ramona.jacobson@amexgbt.com
CFS - Oracle,CWT CFS - Oracle,17000393356,My Team,Kristin Kacer,kristin.kacer@amexgbt.com,agent_not_found,no,,,,,Kristin Kacer,kristin.kacer@amexgbt.com
China Booking Tool Incident Management,,,,Dake Zhang,dzhang2@mycwt.com,group_unmatched,no,,,,,Jijun Meng,JMeng@mycwt.com
China Booking Tool Incident Management,,,,PingPing Lin,plin@mycwt.com,group_unmatched,no,,,,,Jijun Meng,JMeng@mycwt.com
China Booking Tool Incident Management,,,,Ji Yong Ang,jiyong.ang@amexgbt.com,group_unmatched,no,17004607083,Ji Yong Ang,yes,My Team,Jijun Meng,JMeng@mycwt.com
China Booking Tool Incident Management,,,,Laarni Valiente,laarni.valiente@amexgbt.com,group_unmatched,no,17004608419,Laarni Valiente,yes,My Team,Jijun Meng,JMeng@mycwt.com
China Booking Tool Incident Management,,,,Ziting Lv,zlv2@mycwt.com,group_unmatched,no,,,,,Jijun Meng,JMeng@mycwt.com
China Booking Tool Incident Management,,,,Wei Wang,wwang4@mycwt.com,group_unmatched,no,,,,,Jijun Meng,JMeng@mycwt.com
China Booking Tool Incident Management,,,,Chong Tian Soo,chongtian.soo@amexgbt.com,group_unmatched,no,17004607116,Chong Tian Soo,yes,My Team,Jijun Meng,JMeng@mycwt.com
China Booking Tool Incident Management,,,,Jijun Meng,jmeng@mycwt.com,group_unmatched,no,,,,,Jijun Meng,JMeng@mycwt.com
China Booking Tool Incident Management,,,,Junfeng Guo,jguo2@mycwt.com,group_unmatched,no,,,,,Jijun Meng,JMeng@mycwt.com
China Booking Tool Incident Management,,,,Fang Zhao,fzhao@mycwt.com,group_unmatched,no,,,,,Jijun Meng,JMeng@mycwt.com
China Booking Tool Incident Management,,,,Kang Lv,klv@mycwt.com,group_unmatched,no,,,,,Jijun Meng,JMeng@mycwt.com
China Booking Tool Incident Management,,,,Tom Xin,tomxin@mycwt.com,group_unmatched,no,,,,,Jijun Meng,JMeng@mycwt.com
China CAB,CWT China CAB,17000393362,My Team,Chong Tian Soo,chongtian.soo@amexgbt.com,member,yes_member,17004607116,Chong Tian Soo,yes,My Team,Jijun Meng,JMeng@mycwt.com
China CAB,CWT China CAB,17000393362,My Team,Jijun Meng,jmeng@mycwt.com,agent_not_found,no,,,,,Jijun Meng,JMeng@mycwt.com
China Online Booking Tool Approver Group,,,,Jijun Meng,jmeng@mycwt.com,group_unmatched,no,,,,,Jijun Meng,JMeng@mycwt.com
China Online Booking Tool Approver Group,,,,Zhe Lv,zlv@mycwt.com,group_unmatched,no,,,,,Jijun Meng,JMeng@mycwt.com
China Online Booking Tool Approver Group,,,,Pawan Kumar,pawan.kumar10@amexgbt.com,group_unmatched,no,17004604875,Pawan Kumar,yes,My Team,Jijun Meng,JMeng@mycwt.com
China Online Booking Tool Approver Group,,,,Xiaodong Zhao,xizhao@mycwt.com,group_unmatched,no,,,,,Jijun Meng,JMeng@mycwt.com
ChinaITInfra,CWT ChinaITInfra,17000393363,My Team,Ben Chen,bchen@mycwt.com,agent_not_found,no,,,,,Tom Xin,TomXin@mycwt.com
ChinaITInfra,CWT ChinaITInfra,17000393363,My Team,Jijun Meng,jmeng@mycwt.com,agent_not_found,no,,,,,Tom Xin,TomXin@mycwt.com
ChinaITInfra,CWT ChinaITInfra,17000393363,My Team,Xiaodong Zhao,xizhao@mycwt.com,agent_not_found,no,,,,,Tom Xin,TomXin@mycwt.com
ChinaITInfra,CWT ChinaITInfra,17000393363,My Team,Feng Bai,fbai@mycwt.com,agent_not_found,no,,,,,Tom Xin,TomXin@mycwt.com
ChinaITInfra,CWT ChinaITInfra,17000393363,My Team,Tom Xin,tomxin@mycwt.com,agent_not_found,no,,,,,Tom Xin,TomXin@mycwt.com
ChinaITInfra,CWT ChinaITInfra,17000393363,My Team,Zhe Lv,zlv@mycwt.com,agent_not_found,no,,,,,Tom Xin,TomXin@mycwt.com
CIP Support,CWT CIP Support,17000393543,My Team,Srinivasa Kovvuri,srinivasa.kovvuri@amexgbt.com,member,yes_member,17004605299,Srinivasa Kovvuri,yes,My Team,Daniel Walsh,daniel.walsh@amexgbt.com
CIP Support,CWT CIP Support,17000393543,My Team,Danica Eimer,danica.eimer@amexgbt.com,member,yes_member,17004603831,Danica Eimer,yes,My Team,Daniel Walsh,daniel.walsh@amexgbt.com
CIP Support,CWT CIP Support,17000393543,My Team,Daniel Walsh,daniel.walsh@amexgbt.com,member,yes_member,17004603019,Daniel Walsh,yes,My Team,Daniel Walsh,daniel.walsh@amexgbt.com
CIP Support,CWT CIP Support,17000393543,My Team,Praveen Bejjam,pbejjam@mycwt.com,agent_not_found,no,,,,,Daniel Walsh,daniel.walsh@amexgbt.com
CIP Support,CWT CIP Support,17000393543,My Team,Rajesh Gunda,rajesh.gunda@amexgbt.com,member,yes_member,17004602637,Rajesh Gunda,yes,My Team,Daniel Walsh,daniel.walsh@amexgbt.com
CIS FR DQS SUPPORT,CWT CIS FR DQS SUPPORT,17000393364,My Team,Thibault Gely,thibault.gely@amexgbt.com,member,yes_member,17004607651,Thibault Gely,yes,My Team,Thibault Gely,thibault.gely@amexgbt.com
CIS GLOBAL AUTOMATED FEED,CWT CIS GLOBAL AUTOMATED FEED,17000393496,My Team,Meenakshi Singh,meenakshi.singh@amexgbt.com,member,yes_member,17004603864,Meenakshi Singh,yes,My Team,Tenille Lockyer,tenille.lockyer@amexgbt.com
CIS GLOBAL AUTOMATED FEED,CWT CIS GLOBAL AUTOMATED FEED,17000393496,My Team,Vijay Kumar,vijay.kumar6@amexgbt.com,member,yes_member,17004604340,Vijay Kumar,yes,My Team,Tenille Lockyer,tenille.lockyer@amexgbt.com
CIS GLOBAL AUTOMATED FEED,CWT CIS GLOBAL AUTOMATED FEED,17000393496,My Team,Sukhwinder Singh,sukhwinder.singh@amexgbt.com,member,yes_member,17004604003,Sukhwinder Singh,yes,My Team,Tenille Lockyer,tenille.lockyer@amexgbt.com
CIS GLOBAL AUTOMATED FEED,CWT CIS GLOBAL AUTOMATED FEED,17000393496,My Team,Tenille Lockyer,tenille.lockyer@amexgbt.com,member,yes_member,17004606095,Tenille Lockyer,yes,My Team,Tenille Lockyer,tenille.lockyer@amexgbt.com
CIS GLOBAL DQS IMPROVEMENT,,,,Agus Purwanto,agus.purwanto@amexgbt.com,group_unmatched,no,,,,,Christopher Lingbaoan,christopher.lingbaoan@amexgbt.com
CIS GLOBAL PO NO TICKETS,,,,Barbara Bennett,barbara.bennett@amexgbt.com,group_unmatched,no,,,,,David Castillo,david.castillo2@amexgbt.com
CIS GLOBAL PROGRAM MESSENGER,CWT CIS GLOBAL PROGRAM MESSENGER,17000393544,My Team,Nicola Gill-Roberts,nicola.gill-roberts@amexgbt.com,member,yes_member,17004605737,Nicola Gill-Roberts,yes,My Team,Joanna Clare,joanna.clare1@amexgbt.com
CIS GLOBAL PROGRAM MESSENGER,CWT CIS GLOBAL PROGRAM MESSENGER,17000393544,My Team,Michal Witowski,michal.witowski@amexgbt.com,member,yes_member,17004606850,Michal Witowski,yes,My Team,Joanna Clare,joanna.clare1@amexgbt.com
CIS GLOBAL PROGRAM MESSENGER,CWT CIS GLOBAL PROGRAM MESSENGER,17000393544,My Team,Joanna Clare,joanna.clare1@amexgbt.com,member,yes_member,17004605909,Joanna Clare,yes,My Team,Joanna Clare,joanna.clare1@amexgbt.com
CIS GLOBAL PROGRAM MESSENGER,CWT CIS GLOBAL PROGRAM MESSENGER,17000393544,My Team,Mark Gabos,mark.gabos@amexgbt.com,member,yes_member,17004603811,Mark Gabos,yes,My Team,Joanna Clare,joanna.clare1@amexgbt.com
CIS GLOBAL TPSS,CWT CIS GLOBAL TPSS,17000393545,My Team,Angela Monedero Gonzalez,angela.monederogonzalez@amexgbt.com,member,yes_member,17004601805,Angela Monedero Gonzalez,yes,My Team,Joanna Clare,joanna.clare1@amexgbt.com
CIS GLOBAL TPSS,CWT CIS GLOBAL TPSS,17000393545,My Team,Fernando Mosquera Quinteiro,fernando.mosqueraquinteiro@amexgbt.com,member,yes_member,17004601848,Fernando Mosquera Quinteiro,yes,My Team,Joanna Clare,joanna.clare1@amexgbt.com
CIS GLOBAL TPSS,CWT CIS GLOBAL TPSS,17000393545,My Team,Joanna Clare,joanna.clare1@amexgbt.com,member,yes_member,17004605909,Joanna Clare,yes,My Team,Joanna Clare,joanna.clare1@amexgbt.com
CIS GLOBAL TPSS,CWT CIS GLOBAL TPSS,17000393545,My Team,Nicola Gill-Roberts,nicola.gill-roberts@amexgbt.com,member,yes_member,17004605737,Nicola Gill-Roberts,yes,My Team,Joanna Clare,joanna.clare1@amexgbt.com
CIS GLOBAL TPSS,CWT CIS GLOBAL TPSS,17000393545,My Team,Michal Witowski,michal.witowski@amexgbt.com,member,yes_member,17004606850,Michal Witowski,yes,My Team,Joanna Clare,joanna.clare1@amexgbt.com
CIS LATAM PRODUCT SUPPORT,CWT CIS LATAM PRODUCT SUPPORT,17000393546,My Team,Gilmar Banzato,gilmar.banzato@amexgbt.com,member,yes_member,17004602380,Gilmar Banzato,yes,My Team,Gilmar Banzato,gilmar.banzato@amexgbt.com
CIS LATAM PRODUCT SUPPORT,CWT CIS LATAM PRODUCT SUPPORT,17000393546,My Team,Nilson Filho,nilson.filho@amexgbt.com,member,yes_member,17004602401,Nilson Filho,yes,My Team,Gilmar Banzato,gilmar.banzato@amexgbt.com
CIS LATAM PRODUCT SUPPORT,CWT CIS LATAM PRODUCT SUPPORT,17000393546,My Team,Patricia Marini,patricia.marini@amexgbt.com,member,yes_member,17004602341,Patricia Marini,yes,My Team,Gilmar Banzato,gilmar.banzato@amexgbt.com
CIS OSM DIGITAL IMPLEMENTATION,CWT CIS OSM DIGITAL IMPLEMENTATION,17000393547,My Team,Joanna Kusmirek-Kowal,joanna.kusmirek-kowal@amexgbt.com,member,yes_member,17004601300,Joanna Kusmirek-Kowal,yes,My Team,Adriana Homsy,adriana.homsy1@amexgbt.com
CIS OSM DIGITAL IMPLEMENTATION,CWT CIS OSM DIGITAL IMPLEMENTATION,17000393547,My Team,Kaja Zin,kajamaria.zin@amexgbt.com,member,yes_member,17004676864,Kaja Zin,yes,My Team,Adriana Homsy,adriana.homsy1@amexgbt.com
CIS OSM DIGITAL IMPLEMENTATION,CWT CIS OSM DIGITAL IMPLEMENTATION,17000393547,My Team,Magdalena Krasa,magdalena.krasa@amexgbt.com,member,yes_member,17004601372,Magdalena Krasa,yes,My Team,Adriana Homsy,adriana.homsy1@amexgbt.com
CIS OSM DIGITAL IMPLEMENTATION,CWT CIS OSM DIGITAL IMPLEMENTATION,17000393547,My Team,Paulina Rogucka-Hassan,paulina.rogucka-hassan@amexgbt.com,member,yes_member,17004606709,Paulina Rogucka-Hassan,yes,My Team,Adriana Homsy,adriana.homsy1@amexgbt.com
CIS OSM DIGITAL IMPLEMENTATION,CWT CIS OSM DIGITAL IMPLEMENTATION,17000393547,My Team,Brian Paar,brian.paar@amexgbt.com,member,yes_member,17004603251,Brian Paar,yes,My Team,Adriana Homsy,adriana.homsy1@amexgbt.com
CIS OSM DIGITAL IMPLEMENTATION,CWT CIS OSM DIGITAL IMPLEMENTATION,17000393547,My Team,Marisol Valdez,marisol.valdez@amexgbt.com,member,yes_member,17004603550,Marisol Valdez,yes,My Team,Adriana Homsy,adriana.homsy1@amexgbt.com
CIS OSM DIGITAL IMPLEMENTATION,CWT CIS OSM DIGITAL IMPLEMENTATION,17000393547,My Team,Justyna Skiba,justyna.skiba@amexgbt.com,member,yes_member,17004601378,Justyna Skiba,yes,My Team,Adriana Homsy,adriana.homsy1@amexgbt.com
CIS OSM DIGITAL IMPLEMENTATION,CWT CIS OSM DIGITAL IMPLEMENTATION,17000393547,My Team,Alicja Dragon,alicja.dragon@amexgbt.com,member,yes_member,17004601664,Alicja Dragon,yes,My Team,Adriana Homsy,adriana.homsy1@amexgbt.com
CIS OSM DIGITAL IMPLEMENTATION,CWT CIS OSM DIGITAL IMPLEMENTATION,17000393547,My Team,Dawn Mannucci,dawn.mannucci@amexgbt.com,member,yes_member,17004603277,Dawn Mannucci,yes,My Team,Adriana Homsy,adriana.homsy1@amexgbt.com
CIS OSM DIGITAL IMPLEMENTATION,CWT CIS OSM DIGITAL IMPLEMENTATION,17000393547,My Team,Magdalena Cwalina,magdalena.cwalina@amexgbt.com,member,yes_member,17004606838,Magdalena Cwalina,yes,My Team,Adriana Homsy,adriana.homsy1@amexgbt.com
CIS OSM DIGITAL IMPLEMENTATION,CWT CIS OSM DIGITAL IMPLEMENTATION,17000393547,My Team,Monika Skwarek,monika.skwarek@amexgbt.com,member,yes_member,17004601320,Monika Skwarek,yes,My Team,Adriana Homsy,adriana.homsy1@amexgbt.com
CIS OSM DIGITAL IMPLEMENTATION,CWT CIS OSM DIGITAL IMPLEMENTATION,17000393547,My Team,Joanie Mclaren,joanie.mclaren@amexgbt.com,member,yes_member,17004603742,Joanie Mclaren,yes,My Team,Adriana Homsy,adriana.homsy1@amexgbt.com
CIS OSM DIGITAL IMPLEMENTATION,CWT CIS OSM DIGITAL IMPLEMENTATION,17000393547,My Team,Adriana Homsy,adriana.homsy1@amexgbt.com,member,yes_member,17004602713,Adriana Homsy,yes,My Team,Adriana Homsy,adriana.homsy1@amexgbt.com
CIS ROOMIT INTEGRATION,CWT CIS ROOMIT INTEGRATION,17000393548,My Team,Noemi Lorente Botella,noemi.lorentebotella@amexgbt.com,member,yes_member,17004601661,Noemi Lorente Botella,yes,My Team,Julia Topolska,julia.topolska@amexgbt.com
CIS ROOMIT INTEGRATION,CWT CIS ROOMIT INTEGRATION,17000393548,My Team,Justyna Zielińska-Rojas,justyna.zielinska-rojas@amexgbt.com,member,yes_member,17004601179,Justyna Zielińska-Rojas,yes,My Team,Julia Topolska,julia.topolska@amexgbt.com
CIS ROOMIT INTEGRATION,CWT CIS ROOMIT INTEGRATION,17000393548,My Team,Paula Sagan,paula.sagan@amexgbt.com,member,yes_member,17004606866,Paula Sagan,yes,My Team,Julia Topolska,julia.topolska@amexgbt.com
CIS ROOMIT INTEGRATION,CWT CIS ROOMIT INTEGRATION,17000393548,My Team,Julia Topolska,julia.topolska@amexgbt.com,member,yes_member,17004601160,Julia Topolska,yes,My Team,Julia Topolska,julia.topolska@amexgbt.com
CIS ROOMIT INTEGRATION,CWT CIS ROOMIT INTEGRATION,17000393548,My Team,Joanna Małkowska,joanna.malkowska@amexgbt.com,agent_not_found,no,,,,,Julia Topolska,julia.topolska@amexgbt.com
CIS ROOMIT INTEGRATION,CWT CIS ROOMIT INTEGRATION,17000393548,My Team,Justyna Jarzab,justyna.jarzab@amexgbt.com,member,yes_member,17004601212,Justyna Jarzab,yes,My Team,Julia Topolska,julia.topolska@amexgbt.com
CIS ROOMIT INTEGRATION,CWT CIS ROOMIT INTEGRATION,17000393548,My Team,Klaudia Olszewska,klaudia.olszewska@amexgbt.com,member,yes_member,17004601316,Klaudia Olszewska,yes,My Team,Julia Topolska,julia.topolska@amexgbt.com
CIS ROOMIT INTEGRATION,CWT CIS ROOMIT INTEGRATION,17000393548,My Team,Joanna Kulczycka,joanna.kulczycka@amexgbt.com,member,yes_member,17004601238,Joanna Kulczycka,yes,My Team,Julia Topolska,julia.topolska@amexgbt.com
CIS ROOMIT INTEGRATION,CWT CIS ROOMIT INTEGRATION,17000393548,My Team,Jadwiga Wolska,jadwiga.wolska@amexgbt.com,member,yes_member,17004601291,Jadwiga Wolska,yes,My Team,Julia Topolska,julia.topolska@amexgbt.com
CIS ROOMIT INTEGRATION,CWT CIS ROOMIT INTEGRATION,17000393548,My Team,Olha Rokni,olha.rokni@amexgbt.com,member,yes_member,17004601318,Olha Rokni,yes,My Team,Julia Topolska,julia.topolska@amexgbt.com
CitrixAssignmentGroup,CWT CitrixAssignmentGroup,17000393497,My Team,Jason Darryll Albalate,jasondarryll.albalate@amexgbt.com,member,yes_member,17004608224,Jason Darryll Albalate,yes,My Team,Decsten Matibag,decsten.matibag@amexgbt.com
CitrixAssignmentGroup,CWT CitrixAssignmentGroup,17000393497,My Team,Panchireddy Surya Prakash,panchireddy.suryaprakash@amexgbt.com,member,yes_member,17004558193,Panchireddy Surya Prakash,yes,My Team,Decsten Matibag,decsten.matibag@amexgbt.com
CitrixAssignmentGroup,CWT CitrixAssignmentGroup,17000393497,My Team,Decsten Matibag,decsten.matibag@amexgbt.com,member,yes_member,17004608402,Decsten Matibag,yes,My Team,Decsten Matibag,decsten.matibag@amexgbt.com
CitrixAssignmentGroup,CWT CitrixAssignmentGroup,17000393497,My Team,Brian Points,brian.points@amexgbt.com,member,yes_member,17004603231,Brian Points,yes,My Team,Decsten Matibag,decsten.matibag@amexgbt.com
CitrixAssignmentGroup,CWT CitrixAssignmentGroup,17000393497,My Team,Sigfre Yap,sigfre.yap@amexgbt.com,member,yes_member,17004608473,Sigfre Yap,yes,My Team,Decsten Matibag,decsten.matibag@amexgbt.com
CitrixAssignmentGroup,CWT CitrixAssignmentGroup,17000393497,My Team,Armel Josef Gutierrez,armeljosef.gutierrez@amexgbt.com,member,yes_member,17004608239,Armel Josef Gutierrez,yes,My Team,Decsten Matibag,decsten.matibag@amexgbt.com
CitrixAssignmentGroup,CWT CitrixAssignmentGroup,17000393497,My Team,Pradeep Mandlavari,pradeep.mandlavari@amexgbt.com,member,yes_member,17004897428,Pradeep Mandlavari,yes,My Team,Decsten Matibag,decsten.matibag@amexgbt.com
CitrixAssignmentGroup,CWT CitrixAssignmentGroup,17000393497,My Team,Deepak M,deepak.m@amexgbt.com,member,yes_member,17002967134,Deepak M,yes,My Team,Decsten Matibag,decsten.matibag@amexgbt.com
CitrixAssignmentGroup,CWT CitrixAssignmentGroup,17000393497,My Team,VAMSHI SAYANGARI,vamshi.sayangari@amexgbt.com,member,yes_member,17004037870,VAMSHI SAYANGARI,yes,My Team,Decsten Matibag,decsten.matibag@amexgbt.com
CitrixAssignmentGroup,CWT CitrixAssignmentGroup,17000393497,My Team,Rey Jose Delos Reyes,reyjose.delosreyes@amexgbt.com,member,yes_member,17004608487,Rey Jose Delos Reyes,yes,My Team,Decsten Matibag,decsten.matibag@amexgbt.com
CitrixAssignmentGroup,CWT CitrixAssignmentGroup,17000393497,My Team,Matthew Fritz,matthew.fritz@amexgbt.com,member,yes_member,17004603984,Matthew Fritz,yes,My Team,Decsten Matibag,decsten.matibag@amexgbt.com
CitrixAssignmentGroup,CWT CitrixAssignmentGroup,17000393497,My Team,Madan Yadav,madan.yadav@amexgbt.com,member,yes_member,17004605285,Madan Yadav,yes,My Team,Decsten Matibag,decsten.matibag@amexgbt.com
CitrixAssignmentGroup,CWT CitrixAssignmentGroup,17000393497,My Team,Macharla Naveen,macharla.naveen@amexgbt.com,member,yes_member,17004688338,Macharla Naveen,yes,My Team,Decsten Matibag,decsten.matibag@amexgbt.com
Client Config Repository API Approver Group,,,,Haroun Al-Rashid Amerel,harounal-rashid.amerel@amexgbt.com,group_unmatched,no,17004608294,Haroun Al-Rashid Amerel,yes,My Team,Haroun Al-Rashid Amerel,harounal-rashid.amerel@amexgbt.com
Client Config Repository API Approver Group,,,,Joshua Cura,joshua.cura@amexgbt.com,group_unmatched,no,17004608369,Joshua Cura,yes,My Team,Haroun Al-Rashid Amerel,harounal-rashid.amerel@amexgbt.com
Client Data Change,CWT Client Data Change,17000393549,My Team,Jitendra Jaiman,jitendra.jaiman@amexgbt.com,member,yes_member,17004605016,Jitendra Jaiman,yes,My Team,Cenise Roland,cenise.roland@amexgbt.com
Client Data Change,CWT Client Data Change,17000393549,My Team,Seema Dass,seema.dass@amexgbt.com,member,yes_member,17004604246,Seema Dass,yes,My Team,Cenise Roland,cenise.roland@amexgbt.com
Client Data Change,CWT Client Data Change,17000393549,My Team,Angela Hernandez,angela.hernandez@amexgbt.com,member,yes_member,17004606561,Angela Hernandez,yes,My Team,Cenise Roland,cenise.roland@amexgbt.com
Client Data Change,CWT Client Data Change,17000393549,My Team,Cenise Roland,cenise.roland@amexgbt.com,member,yes_member,17004602393,Cenise Roland,yes,My Team,Cenise Roland,cenise.roland@amexgbt.com
Client Data Change,CWT Client Data Change,17000393549,My Team,Ankur Das,ankur.das@amexgbt.com,member,yes_member,17004604442,Ankur Das,yes,My Team,Cenise Roland,cenise.roland@amexgbt.com
Client Data Change,CWT Client Data Change,17000393549,My Team,Juan Gomez,juan.gomez@amexgbt.com,member,yes_member,17004606357,Juan Gomez,yes,My Team,Cenise Roland,cenise.roland@amexgbt.com
Client Data Change,CWT Client Data Change,17000393549,My Team,Deepa Savara,deepa.savara@amexgbt.com,member,yes_member,17004604473,Deepa Savara,yes,My Team,Cenise Roland,cenise.roland@amexgbt.com
Client Data Change,CWT Client Data Change,17000393549,My Team,Ashish Negi,ashish.negi1@amexgbt.com,member,yes_member,17004604658,Ashish Negi,yes,My Team,Cenise Roland,cenise.roland@amexgbt.com
Client Data Change,CWT Client Data Change,17000393549,My Team,Shivani Sati,shivani.sati@amexgbt.com,member,yes_member,17004603751,Shivani Sati,yes,My Team,Cenise Roland,cenise.roland@amexgbt.com
Client Finance Setup,CWT Client Finance Setup,17000393498,My Team,Sreeperambudur Venkatesh,sreeperambudur.venkatesh@amexgbt.com,member,yes_member,17004872117,Sreeperambudur Venkatesh,yes,My Team,Sara Sullivan,sara.sullivan@amexgbt.com
Client Finance Setup,CWT Client Finance Setup,17000393498,My Team,Nishantkumar Pulumaddi,nishantkumar.pulumaddi@amexgbt.com,member,yes_member,17004872112,Nishantkumar Pulumaddi,yes,My Team,Sara Sullivan,sara.sullivan@amexgbt.com
Client Finance Setup,CWT Client Finance Setup,17000393498,My Team,Mary Feldsien,mary.feldsien@amexgbt.com,member,yes_member,17004603466,Mary Feldsien,yes,My Team,Sara Sullivan,sara.sullivan@amexgbt.com
Client Finance Setup,CWT Client Finance Setup,17000393498,My Team,Sarah Schroeder,sarah.schroeder@amexgbt.com,member,yes_member,17004602960,Sarah Schroeder,yes,My Team,Sara Sullivan,sara.sullivan@amexgbt.com
Client Finance Setup,CWT Client Finance Setup,17000393498,My Team,Suraj Gupta,gupta.suraj@amexgbt.com,member,yes_member,17004872118,Suraj Gupta,yes,My Team,Sara Sullivan,sara.sullivan@amexgbt.com
Client Finance Setup,CWT Client Finance Setup,17000393498,My Team,Sara Sullivan,sara.sullivan@amexgbt.com,member,yes_member,17004603508,Sara Sullivan,yes,My Team,Sara Sullivan,sara.sullivan@amexgbt.com
Client Finance Setup,CWT Client Finance Setup,17000393498,My Team,Baba Sai,baba.sai@amexgbt.com,member,yes_member,17004872113,Baba Sai,yes,My Team,Sara Sullivan,sara.sullivan@amexgbt.com
Client Finance Setup,CWT Client Finance Setup,17000393498,My Team,Girish Goud Tegulla,tegulla.girishgoud@amexgbt.com,member,yes_member,17004872116,Girish Goud Tegulla,yes,My Team,Sara Sullivan,sara.sullivan@amexgbt.com
Client Finance Setup,CWT Client Finance Setup,17000393498,My Team,Conner Kirkpatrick,conner.kirkpatrick@amexgbt.com,member,yes_member,17004603234,Conner Kirkpatrick,yes,My Team,Sara Sullivan,sara.sullivan@amexgbt.com
Client Implementation PM,CWT Client Implementation PM,17000393367,My Team,Sandeep Mehlawat,sandeep.mehlawat@amexgbt.com,member,yes_member,17004655612,Sandeep Mehlawat,yes,My Team,Anurag Chopra,anurag.chopra@amexgbt.com
Client Implementation PM,CWT Client Implementation PM,17000393367,My Team,Niti Morrison,niti.morrison@amexgbt.com,member,yes_member,17004606101,Niti Morrison,yes,My Team,Anurag Chopra,anurag.chopra@amexgbt.com
Client Implementation PM,CWT Client Implementation PM,17000393367,My Team,Anurag Chopra,anurag.chopra@amexgbt.com,member,yes_member,17004605147,Anurag Chopra,yes,My Team,Anurag Chopra,anurag.chopra@amexgbt.com
Client Implementation PM,CWT Client Implementation PM,17000393367,My Team,Mrinmayi Prabhune,mrinmayi.prabhune@amexgbt.com,member,yes_member,17004605153,Mrinmayi Prabhune,yes,My Team,Anurag Chopra,anurag.chopra@amexgbt.com
Client Implementation PM,CWT Client Implementation PM,17000393367,My Team,Preeti Dewan,preeti.dewan@amexgbt.com,member,yes_member,17004605219,Preeti Dewan,yes,My Team,Anurag Chopra,anurag.chopra@amexgbt.com
Client Implementation PM,CWT Client Implementation PM,17000393367,My Team,Bhawna Bhatia,bhawna.bhatia@amexgbt.com,member,yes_member,17004604982,Bhawna Bhatia,yes,My Team,Anurag Chopra,anurag.chopra@amexgbt.com
Client Policy and Knowledge Management,CWT Client Policy and Knowledge Management,17000393499,My Team,Barbara Grzybowska,bgrzybowska@mycwt.com,agent_not_found,no,,,,,Nicole Talbot,Nicole.Talbot@amexgbt.com
Client Policy and Knowledge Management,CWT Client Policy and Knowledge Management,17000393499,My Team,Alistair Archibald,alistair.archibald@amexgbt.com,member,yes_member,17004605693,Alistair Archibald,yes,My Team,Nicole Talbot,Nicole.Talbot@amexgbt.com
Client Policy and Knowledge Management,CWT Client Policy and Knowledge Management,17000393499,My Team,Anna Uberman-Kogut,anna.uberman-kogut@amexgbt.com,member,yes_member,17004606834,Anna Uberman-Kogut,yes,My Team,Nicole Talbot,Nicole.Talbot@amexgbt.com
CLMS SECURITY,CWT CLMS SECURITY,17000393550,My Team,Cheryl Haagensen,cheryl.haagensen@amexgbt.com,member,yes_member,17004603256,Cheryl Haagensen,yes,My Team,Fred Gonsalves,fred.gonsalves@amexgbt.com
Cloud Engineering,CWT Cloud Engineering,17000393500,My Team,Pottipala Pooja,pottipala.pooja@amexgbt.com,member,yes_member,17004926121,Pottipala Pooja,yes,My Team,Brad Skeel,brad.skeel@amexgbt.com
Cloud Engineering,CWT Cloud Engineering,17000393500,My Team,Shailesh Kodamana,shailesh.kodamana@amexgbt.com,member,yes_member,17002738247,Shailesh Kodamana,yes,My Team,Brad Skeel,brad.skeel@amexgbt.com
Cloud Engineering,CWT Cloud Engineering,17000393500,My Team,Ditto Selvam,ditto.selvam@amexgbt.com,member,yes_member,17004912390,Ditto Selvam,yes,My Team,Brad Skeel,brad.skeel@amexgbt.com
Cloud Engineering,CWT Cloud Engineering,17000393500,My Team,Arul K,arul.k@amexgbt.com,member,yes_member,17004946692,Arul K,yes,My Team,Brad Skeel,brad.skeel@amexgbt.com
Cloud Engineering,CWT Cloud Engineering,17000393500,My Team,Panchireddy Surya Prakash,panchireddy.suryaprakash@amexgbt.com,member,yes_member,17004558193,Panchireddy Surya Prakash,yes,My Team,Brad Skeel,brad.skeel@amexgbt.com
Cloud Engineering,CWT Cloud Engineering,17000393500,My Team,Loganayaki K,loganayaki.k@amexgbt.com,member,yes_member,17003718692,Loganayaki K,yes,My Team,Brad Skeel,brad.skeel@amexgbt.com
Cloud Engineering,CWT Cloud Engineering,17000393500,My Team,VAMSHI SAYANGARI,vamshi.sayangari@amexgbt.com,member,yes_member,17004037870,VAMSHI SAYANGARI,yes,My Team,Brad Skeel,brad.skeel@amexgbt.com
Cloud Engineering,CWT Cloud Engineering,17000393500,My Team,Nithyashree A,nithyashree.a@amexgbt.com,member,yes_member,17004926114,Nithyashree A,yes,My Team,Brad Skeel,brad.skeel@amexgbt.com
Cloud Engineering,CWT Cloud Engineering,17000393500,My Team,Pulugujju MastanRao,pulugujju.mastanrao@amexgbt.com,member,yes_member,17004303878,Pulugujju MastanRao,yes,My Team,Brad Skeel,brad.skeel@amexgbt.com
Cloud Engineering,CWT Cloud Engineering,17000393500,My Team,Rupak Chakraborty,rupak.chakraborty@amexgbt.com,member,yes_member,17004064498,Rupak Chakraborty,yes,My Team,Brad Skeel,brad.skeel@amexgbt.com
Cloud Engineering,CWT Cloud Engineering,17000393500,My Team,Macharla Naveen,macharla.naveen@amexgbt.com,member,yes_member,17004688338,Macharla Naveen,yes,My Team,Brad Skeel,brad.skeel@amexgbt.com
Cloud Engineering,CWT Cloud Engineering,17000393500,My Team,Siddharth Gowtham,siddharth.gowtham@amexgbt.com,member,yes_member,17001605893,Siddharth Gowtham,yes,My Team,Brad Skeel,brad.skeel@amexgbt.com
Cloud Engineering,CWT Cloud Engineering,17000393500,My Team,Trindha Raju Chippada,trindharaju.chippada@amexgbt.com,member,yes_member,17003638078,Trindha Raju Chippada,yes,My Team,Brad Skeel,brad.skeel@amexgbt.com
Cloud Engineering,CWT Cloud Engineering,17000393500,My Team,Balaji Selvarathenam,balaji.selvarathenam@amexgbt.com,member,yes_member,17004835618,Balaji Selvarathenam,yes,My Team,Brad Skeel,brad.skeel@amexgbt.com
Cloud Engineering,CWT Cloud Engineering,17000393500,My Team,Radhakrishnan M,radhakrishnan.m@amexgbt.com,member,yes_member,17002196028,Radhakrishnan M,yes,My Team,Brad Skeel,brad.skeel@amexgbt.com
Cloud Engineering,CWT Cloud Engineering,17000393500,My Team,Luke Moses,luke.moses@amexgbt.com,member,yes_member,17004603359,Luke Moses,yes,My Team,Brad Skeel,brad.skeel@amexgbt.com
Cloud Engineering,CWT Cloud Engineering,17000393500,My Team,Patrick Burlingame,patrick.burlingame@amexgbt.com,member,yes_member,17004603354,Patrick Burlingame,yes,My Team,Brad Skeel,brad.skeel@amexgbt.com
Cloud Engineering,CWT Cloud Engineering,17000393500,My Team,Shaik Ifran,shaik.ifran@amexgbt.com,member,yes_member,17004175812,Shaik Ifran,yes,My Team,Brad Skeel,brad.skeel@amexgbt.com
Cloud Engineering,CWT Cloud Engineering,17000393500,My Team,Prakash Ponnurangam,prakash.ponnurangam@amexgbt.com,member,yes_member,17002296997,Prakash Ponnurangam,yes,My Team,Brad Skeel,brad.skeel@amexgbt.com
Cloud Engineering,CWT Cloud Engineering,17000393500,My Team,Naasir Shah,naasir.shah@amexgbt.com,member,yes_member,17003718691,Naasir Shah,yes,My Team,Brad Skeel,brad.skeel@amexgbt.com
Cloud Engineering,CWT Cloud Engineering,17000393500,My Team,Pinkesh Kumar,pinkesh.kumar@amexgbt.com,member,yes_member,17004946687,Pinkesh Kumar,yes,My Team,Brad Skeel,brad.skeel@amexgbt.com
Cloud Engineering,CWT Cloud Engineering,17000393500,My Team,Lokesh Matheswaran,lokesh.matheswaran@amexgbt.com,member,yes_member,17004926117,Lokesh Matheswaran,yes,My Team,Brad Skeel,brad.skeel@amexgbt.com
Cloud Engineering,CWT Cloud Engineering,17000393500,My Team,Pushya Rani,pushya.rani@amexgbt.com,member,yes_member,17004866987,Pushya Rani,yes,My Team,Brad Skeel,brad.skeel@amexgbt.com
Cloud Engineering,CWT Cloud Engineering,17000393500,My Team,Aswajith K R,aswajith.kr@amexgbt.com,member,yes_member,17004926115,Aswajith K R,yes,My Team,Brad Skeel,brad.skeel@amexgbt.com
Cloud Engineering,CWT Cloud Engineering,17000393500,My Team,Joseph Majerus,joseph.majerus@amexgbt.com,member,yes_member,17004603340,Joseph Majerus,yes,My Team,Brad Skeel,brad.skeel@amexgbt.com
Cloud Engineering,CWT Cloud Engineering,17000393500,My Team,Sreenath K,sreenath.k@amexgbt.com,member,yes_member,17004926120,Sreenath K,yes,My Team,Brad Skeel,brad.skeel@amexgbt.com
Cloud Engineering,CWT Cloud Engineering,17000393500,My Team,Ganta Venkata Madhusudhan Rao,ganta.venkatamadhusudhanrao@amexgbt.com,member,yes_member,17004920471,Ganta Venkata Madhusudhan Rao,yes,My Team,Brad Skeel,brad.skeel@amexgbt.com
Cloud Engineering,CWT Cloud Engineering,17000393500,My Team,Naveen Namburi,naveen.namburi@amexgbt.com,member,yes_member,17004819258,Naveen Namburi,yes,My Team,Brad Skeel,brad.skeel@amexgbt.com
Cloud Engineering,CWT Cloud Engineering,17000393500,My Team,Artur Andrzejak,artur.andrzejak@amexgbt.com,member,yes_member,17004601229,Artur Andrzejak,yes,My Team,Brad Skeel,brad.skeel@amexgbt.com
Cloud Engineering,CWT Cloud Engineering,17000393500,My Team,Nivetha J,nivetha.j@amexgbt.com,member,yes_member,17004909930,Nivetha J,yes,My Team,Brad Skeel,brad.skeel@amexgbt.com
Cloud Engineering,CWT Cloud Engineering,17000393500,My Team,ABHISHEK D S,abhishek.ds@amexgbt.com,member,yes_member,17004946690,ABHISHEK D S,yes,My Team,Brad Skeel,brad.skeel@amexgbt.com
Cloud Engineering,CWT Cloud Engineering,17000393500,My Team,Gowri Ganesh Kesavan,gowriganesh.kesavan@amexgbt.com,member,yes_member,17004290620,Gowri Ganesh Kesavan,yes,My Team,Brad Skeel,brad.skeel@amexgbt.com
Cloud Engineering,CWT Cloud Engineering,17000393500,My Team,Deepak M,deepak.m@amexgbt.com,member,yes_member,17002967134,Deepak M,yes,My Team,Brad Skeel,brad.skeel@amexgbt.com
Cloud Engineering,CWT Cloud Engineering,17000393500,My Team,G Madhu,g.madhu@amexgbt.com,member,yes_member,17003001142,G Madhu,yes,My Team,Brad Skeel,brad.skeel@amexgbt.com
Cloud Engineering,CWT Cloud Engineering,17000393500,My Team,VASEEM AKRAM SHAIK,vaseemakram.shaik@amexgbt.com,member,yes_member,17004902949,VASEEM AKRAM SHAIK,yes,My Team,Brad Skeel,brad.skeel@amexgbt.com
Cloud Engineering,CWT Cloud Engineering,17000393500,My Team,Travis Randolph,travis.randolph@amexgbt.com,member,yes_member,17004603802,Travis Randolph,yes,My Team,Brad Skeel,brad.skeel@amexgbt.com
Cloud Engineering,CWT Cloud Engineering,17000393500,My Team,Datla Reddy,datla.reddy@amexgbt.com,member,yes_member,17004235911,Datla Reddy,yes,My Team,Brad Skeel,brad.skeel@amexgbt.com
Cloud Engineering,CWT Cloud Engineering,17000393500,My Team,Pradeep Mandlavari,pradeep.mandlavari@amexgbt.com,member,yes_member,17004897428,Pradeep Mandlavari,yes,My Team,Brad Skeel,brad.skeel@amexgbt.com
Cloud ERP Functional Support,CWT Cloud ERP Functional Support,17000393501,My Team,Kishore Mellacheruvu,kishore.mellacheruvu@amexgbt.com,member,yes_member,17004602680,Kishore Mellacheruvu,yes,My Team,Arif Khan,arif.khan@amexgbt.com
Cloud ERP Functional Support,CWT Cloud ERP Functional Support,17000393501,My Team,Jaroslaw Han,jaroslaw.han@amexgbt.com,member,yes_member,17004601148,Jaroslaw Han,yes,My Team,Arif Khan,arif.khan@amexgbt.com
Cloud ERP Functional Support,CWT Cloud ERP Functional Support,17000393501,My Team,Ian Skitzki,ian.skitzki@amexgbt.com,member,yes_member,17004602725,Ian Skitzki,yes,My Team,Arif Khan,arif.khan@amexgbt.com
Cloud ERP Functional Support,CWT Cloud ERP Functional Support,17000393501,My Team,Arif Khan,arif.khan@amexgbt.com,member,yes_member,17004605760,Arif Khan,yes,My Team,Arif Khan,arif.khan@amexgbt.com
Cloud ERP Functional Support,CWT Cloud ERP Functional Support,17000393501,My Team,Hussain Reddy Gona,hussainreddy.gona@amexgbt.com,member,yes_member,17004604885,Hussain Reddy Gona,yes,My Team,Arif Khan,arif.khan@amexgbt.com
Cloud Operations,CWT Cloud Operations,17000393502,My Team,Deepak M,deepak.m@amexgbt.com,member,yes_member,17002967134,Deepak M,yes,My Team,Chong Tian Soo,chongtian.soo@amexgbt.com
Cloud Operations,CWT Cloud Operations,17000393502,My Team,Radhakrishnan M,radhakrishnan.m@amexgbt.com,member,yes_member,17002196028,Radhakrishnan M,yes,My Team,Chong Tian Soo,chongtian.soo@amexgbt.com
Cloud Operations,CWT Cloud Operations,17000393502,My Team,Chong Tian Soo,chongtian.soo@amexgbt.com,member,yes_member,17004607116,Chong Tian Soo,yes,My Team,Chong Tian Soo,chongtian.soo@amexgbt.com
Cloud Operations,CWT Cloud Operations,17000393502,My Team,Rupak Chakraborty,rupak.chakraborty@amexgbt.com,member,yes_member,17004064498,Rupak Chakraborty,yes,My Team,Chong Tian Soo,chongtian.soo@amexgbt.com
Cloud Operations,CWT Cloud Operations,17000393502,My Team,Jonathan Madera,jonathan.madera@amexgbt.com,agent_not_found,no,,,,,Chong Tian Soo,chongtian.soo@amexgbt.com
Cloud Operations,CWT Cloud Operations,17000393502,My Team,Shailesh Kodamana,shailesh.kodamana@amexgbt.com,member,yes_member,17002738247,Shailesh Kodamana,yes,My Team,Chong Tian Soo,chongtian.soo@amexgbt.com
Cloud Operations,CWT Cloud Operations,17000393502,My Team,Artur Andrzejak,artur.andrzejak@amexgbt.com,member,yes_member,17004601229,Artur Andrzejak,yes,My Team,Chong Tian Soo,chongtian.soo@amexgbt.com
Cloud Operations,CWT Cloud Operations,17000393502,My Team,Balaji Selvarathenam,balaji.selvarathenam@amexgbt.com,member,yes_member,17004835618,Balaji Selvarathenam,yes,My Team,Chong Tian Soo,chongtian.soo@amexgbt.com
Cloud Operations,CWT Cloud Operations,17000393502,My Team,ABHISHEK D S,abhishek.ds@amexgbt.com,member,yes_member,17004946690,ABHISHEK D S,yes,My Team,Chong Tian Soo,chongtian.soo@amexgbt.com
Cloud Operations,CWT Cloud Operations,17000393502,My Team,Pushya Rani,pushya.rani@amexgbt.com,member,yes_member,17004866987,Pushya Rani,yes,My Team,Chong Tian Soo,chongtian.soo@amexgbt.com
Cloud Operations,CWT Cloud Operations,17000393502,My Team,Cloud Jarvis,,agent_not_found,no,,,,,Chong Tian Soo,chongtian.soo@amexgbt.com
Cloud Operations,CWT Cloud Operations,17000393502,My Team,Jan Ruel Repalda,janruel.repalda@amexgbt.com,agent_not_found,no,,,,,Chong Tian Soo,chongtian.soo@amexgbt.com
Cloud Operations,CWT Cloud Operations,17000393502,My Team,Piotr Rembielinski,piotr.rembielinski@amexgbt.com,member,yes_member,17004601159,Piotr Rembielinski,yes,My Team,Chong Tian Soo,chongtian.soo@amexgbt.com
Cloud Operations,CWT Cloud Operations,17000393502,My Team,Prakash Ponnurangam,prakash.ponnurangam@amexgbt.com,member,yes_member,17002296997,Prakash Ponnurangam,yes,My Team,Chong Tian Soo,chongtian.soo@amexgbt.com
Cloud Operations,CWT Cloud Operations,17000393502,My Team,Patrick Burlingame,patrick.burlingame@amexgbt.com,member,yes_member,17004603354,Patrick Burlingame,yes,My Team,Chong Tian Soo,chongtian.soo@amexgbt.com
Cloud Operations,CWT Cloud Operations,17000393502,My Team,Pinkesh Kumar,pinkesh.kumar@amexgbt.com,member,yes_member,17004946687,Pinkesh Kumar,yes,My Team,Chong Tian Soo,chongtian.soo@amexgbt.com
Cloud Operations,CWT Cloud Operations,17000393502,My Team,Pottipala Pooja,pottipala.pooja@amexgbt.com,member,yes_member,17004926121,Pottipala Pooja,yes,My Team,Chong Tian Soo,chongtian.soo@amexgbt.com
Cloud Operations,CWT Cloud Operations,17000393502,My Team,Pulugujju MastanRao,pulugujju.mastanrao@amexgbt.com,member,yes_member,17004303878,Pulugujju MastanRao,yes,My Team,Chong Tian Soo,chongtian.soo@amexgbt.com
Cloud Operations,CWT Cloud Operations,17000393502,My Team,Tiew Kiat Wong,tiewkiat.wong@amexgbt.com,member,yes_member,17004607102,Tiew Kiat Wong,yes,My Team,Chong Tian Soo,chongtian.soo@amexgbt.com
Cloud Operations,CWT Cloud Operations,17000393502,My Team,Dennis Davantes,dennis.davantes@amexgbt.com,agent_not_found,no,,,,,Chong Tian Soo,chongtian.soo@amexgbt.com
Cloud Operations,CWT Cloud Operations,17000393502,My Team,Windows Server Support On Call Shared Phone,,agent_not_found,no,,,,,Chong Tian Soo,chongtian.soo@amexgbt.com
Cloud Operations,CWT Cloud Operations,17000393502,My Team,Datla Reddy,datla.reddy@amexgbt.com,member,yes_member,17004235911,Datla Reddy,yes,My Team,Chong Tian Soo,chongtian.soo@amexgbt.com
Cloud Operations,CWT Cloud Operations,17000393502,My Team,John Michael Tamula,johnmichael.tamula@amexgbt.com,agent_not_found,no,,,,,Chong Tian Soo,chongtian.soo@amexgbt.com
Cloud Operations,CWT Cloud Operations,17000393502,My Team,Siddharth Gowtham,siddharth.gowtham@amexgbt.com,member,yes_member,17001605893,Siddharth Gowtham,yes,My Team,Chong Tian Soo,chongtian.soo@amexgbt.com
Cloud Operations,CWT Cloud Operations,17000393502,My Team,Sreenath K,sreenath.k@amexgbt.com,member,yes_member,17004926120,Sreenath K,yes,My Team,Chong Tian Soo,chongtian.soo@amexgbt.com
Cloud Operations,CWT Cloud Operations,17000393502,My Team,VAMSHI SAYANGARI,vamshi.sayangari@amexgbt.com,member,yes_member,17004037870,VAMSHI SAYANGARI,yes,My Team,Chong Tian Soo,chongtian.soo@amexgbt.com
Cloud Operations,CWT Cloud Operations,17000393502,My Team,Aswajith K R,aswajith.kr@amexgbt.com,member,yes_member,17004926115,Aswajith K R,yes,My Team,Chong Tian Soo,chongtian.soo@amexgbt.com
Cloud Operations,CWT Cloud Operations,17000393502,My Team,Nithyashree A,nithyashree.a@amexgbt.com,member,yes_member,17004926114,Nithyashree A,yes,My Team,Chong Tian Soo,chongtian.soo@amexgbt.com
Cloud Operations,CWT Cloud Operations,17000393502,My Team,Naasir Shah,naasir.shah@amexgbt.com,member,yes_member,17003718691,Naasir Shah,yes,My Team,Chong Tian Soo,chongtian.soo@amexgbt.com
Cloud Operations,CWT Cloud Operations,17000393502,My Team,Nivetha J,nivetha.j@amexgbt.com,member,yes_member,17004909930,Nivetha J,yes,My Team,Chong Tian Soo,chongtian.soo@amexgbt.com
Cloud Operations,CWT Cloud Operations,17000393502,My Team,Panchireddy Surya Prakash,panchireddy.suryaprakash@amexgbt.com,member,yes_member,17004558193,Panchireddy Surya Prakash,yes,My Team,Chong Tian Soo,chongtian.soo@amexgbt.com
Cloud Operations,CWT Cloud Operations,17000393502,My Team,Naveen Namburi,naveen.namburi@amexgbt.com,member,yes_member,17004819258,Naveen Namburi,yes,My Team,Chong Tian Soo,chongtian.soo@amexgbt.com
Cloud Operations,CWT Cloud Operations,17000393502,My Team,Gowri Ganesh Kesavan,gowriganesh.kesavan@amexgbt.com,member,yes_member,17004290620,Gowri Ganesh Kesavan,yes,My Team,Chong Tian Soo,chongtian.soo@amexgbt.com
Cloud Operations,CWT Cloud Operations,17000393502,My Team,Lokesh Matheswaran,lokesh.matheswaran@amexgbt.com,member,yes_member,17004926117,Lokesh Matheswaran,yes,My Team,Chong Tian Soo,chongtian.soo@amexgbt.com
Cloud Operations,CWT Cloud Operations,17000393502,My Team,Ditto Selvam,ditto.selvam@amexgbt.com,member,yes_member,17004912390,Ditto Selvam,yes,My Team,Chong Tian Soo,chongtian.soo@amexgbt.com
Cloud Operations,CWT Cloud Operations,17000393502,My Team,Pradeep Mandlavari,pradeep.mandlavari@amexgbt.com,member,yes_member,17004897428,Pradeep Mandlavari,yes,My Team,Chong Tian Soo,chongtian.soo@amexgbt.com
Cloud Operations,CWT Cloud Operations,17000393502,My Team,Arul K,arul.k@amexgbt.com,member,yes_member,17004946692,Arul K,yes,My Team,Chong Tian Soo,chongtian.soo@amexgbt.com
Cloud Operations,CWT Cloud Operations,17000393502,My Team,Karthick Subramanian,karthick.subramanian@amexgbt.com,member,yes_member,17004798276,Karthick Subramanian,yes,My Team,Chong Tian Soo,chongtian.soo@amexgbt.com
Cloud Operations,CWT Cloud Operations,17000393502,My Team,Macharla Naveen,macharla.naveen@amexgbt.com,member,yes_member,17004688338,Macharla Naveen,yes,My Team,Chong Tian Soo,chongtian.soo@amexgbt.com
Cloud Operations,CWT Cloud Operations,17000393502,My Team,Travis Randolph,travis.randolph@amexgbt.com,member,yes_member,17004603802,Travis Randolph,yes,My Team,Chong Tian Soo,chongtian.soo@amexgbt.com
Cloud Operations,CWT Cloud Operations,17000393502,My Team,Loganayaki K,loganayaki.k@amexgbt.com,member,yes_member,17003718692,Loganayaki K,yes,My Team,Chong Tian Soo,chongtian.soo@amexgbt.com
Cloud Operations,CWT Cloud Operations,17000393502,My Team,Luke Moses,luke.moses@amexgbt.com,member,yes_member,17004603359,Luke Moses,yes,My Team,Chong Tian Soo,chongtian.soo@amexgbt.com
Cloud Operations,CWT Cloud Operations,17000393502,My Team,G Madhu,g.madhu@amexgbt.com,member,yes_member,17003001142,G Madhu,yes,My Team,Chong Tian Soo,chongtian.soo@amexgbt.com
Cloud Operations,CWT Cloud Operations,17000393502,My Team,Ganta Venkata Madhusudhan Rao,ganta.venkatamadhusudhanrao@amexgbt.com,member,yes_member,17004920471,Ganta Venkata Madhusudhan Rao,yes,My Team,Chong Tian Soo,chongtian.soo@amexgbt.com
Cloud Operations,CWT Cloud Operations,17000393502,My Team,Shaik Ifran,shaik.ifran@amexgbt.com,member,yes_member,17004175812,Shaik Ifran,yes,My Team,Chong Tian Soo,chongtian.soo@amexgbt.com
Cloud Operations,CWT Cloud Operations,17000393502,My Team,Trindha Raju Chippada,trindharaju.chippada@amexgbt.com,member,yes_member,17003638078,Trindha Raju Chippada,yes,My Team,Chong Tian Soo,chongtian.soo@amexgbt.com
Cloud Operations,CWT Cloud Operations,17000393502,My Team,VASEEM AKRAM SHAIK,vaseemakram.shaik@amexgbt.com,member,yes_member,17004902949,VASEEM AKRAM SHAIK,yes,My Team,Chong Tian Soo,chongtian.soo@amexgbt.com
Cloud Operations,CWT Cloud Operations,17000393502,My Team,Joseph Majerus,joseph.majerus@amexgbt.com,member,yes_member,17004603340,Joseph Majerus,yes,My Team,Chong Tian Soo,chongtian.soo@amexgbt.com
Cloud Ops Vuln Mgmt,CWT Cloud Ops Vuln Mgmt,17000393368,My Team,Arul K,arul.k@amexgbt.com,member,yes_member,17004946692,Arul K,yes,My Team,Brad Skeel,brad.skeel@amexgbt.com
Cloud Ops Vuln Mgmt,CWT Cloud Ops Vuln Mgmt,17000393368,My Team,Joseph Majerus,joseph.majerus@amexgbt.com,member,yes_member,17004603340,Joseph Majerus,yes,My Team,Brad Skeel,brad.skeel@amexgbt.com
Cloud Ops Vuln Mgmt,CWT Cloud Ops Vuln Mgmt,17000393368,My Team,Sreenath K,sreenath.k@amexgbt.com,member,yes_member,17004926120,Sreenath K,yes,My Team,Brad Skeel,brad.skeel@amexgbt.com
Cloud Ops Vuln Mgmt,CWT Cloud Ops Vuln Mgmt,17000393368,My Team,Radhakrishnan M,radhakrishnan.m@amexgbt.com,member,yes_member,17002196028,Radhakrishnan M,yes,My Team,Brad Skeel,brad.skeel@amexgbt.com
Cloud Ops Vuln Mgmt,CWT Cloud Ops Vuln Mgmt,17000393368,My Team,ABHISHEK D S,abhishek.ds@amexgbt.com,member,yes_member,17004946690,ABHISHEK D S,yes,My Team,Brad Skeel,brad.skeel@amexgbt.com
Cloud Ops Vuln Mgmt,CWT Cloud Ops Vuln Mgmt,17000393368,My Team,Ganta Venkata Madhusudhan Rao,ganta.venkatamadhusudhanrao@amexgbt.com,member,yes_member,17004920471,Ganta Venkata Madhusudhan Rao,yes,My Team,Brad Skeel,brad.skeel@amexgbt.com
Cloud Ops Vuln Mgmt,CWT Cloud Ops Vuln Mgmt,17000393368,My Team,Pulugujju MastanRao,pulugujju.mastanrao@amexgbt.com,member,yes_member,17004303878,Pulugujju MastanRao,yes,My Team,Brad Skeel,brad.skeel@amexgbt.com
Cloud Ops Vuln Mgmt,CWT Cloud Ops Vuln Mgmt,17000393368,My Team,Rupak Chakraborty,rupak.chakraborty@amexgbt.com,member,yes_member,17004064498,Rupak Chakraborty,yes,My Team,Brad Skeel,brad.skeel@amexgbt.com
Cloud Ops Vuln Mgmt,CWT Cloud Ops Vuln Mgmt,17000393368,My Team,Shaik Ifran,shaik.ifran@amexgbt.com,member,yes_member,17004175812,Shaik Ifran,yes,My Team,Brad Skeel,brad.skeel@amexgbt.com
Cloud Ops Vuln Mgmt,CWT Cloud Ops Vuln Mgmt,17000393368,My Team,Siddharth Gowtham,siddharth.gowtham@amexgbt.com,member,yes_member,17001605893,Siddharth Gowtham,yes,My Team,Brad Skeel,brad.skeel@amexgbt.com
Cloud Ops Vuln Mgmt,CWT Cloud Ops Vuln Mgmt,17000393368,My Team,Aswajith K R,aswajith.kr@amexgbt.com,member,yes_member,17004926115,Aswajith K R,yes,My Team,Brad Skeel,brad.skeel@amexgbt.com
Cloud Ops Vuln Mgmt,CWT Cloud Ops Vuln Mgmt,17000393368,My Team,Panchireddy Surya Prakash,panchireddy.suryaprakash@amexgbt.com,member,yes_member,17004558193,Panchireddy Surya Prakash,yes,My Team,Brad Skeel,brad.skeel@amexgbt.com
Cloud Ops Vuln Mgmt,CWT Cloud Ops Vuln Mgmt,17000393368,My Team,VASEEM AKRAM SHAIK,vaseemakram.shaik@amexgbt.com,member,yes_member,17004902949,VASEEM AKRAM SHAIK,yes,My Team,Brad Skeel,brad.skeel@amexgbt.com
Cloud Ops Vuln Mgmt,CWT Cloud Ops Vuln Mgmt,17000393368,My Team,Macharla Naveen,macharla.naveen@amexgbt.com,member,yes_member,17004688338,Macharla Naveen,yes,My Team,Brad Skeel,brad.skeel@amexgbt.com
Cloud Ops Vuln Mgmt,CWT Cloud Ops Vuln Mgmt,17000393368,My Team,VAMSHI SAYANGARI,vamshi.sayangari@amexgbt.com,member,yes_member,17004037870,VAMSHI SAYANGARI,yes,My Team,Brad Skeel,brad.skeel@amexgbt.com
Cloud Ops Vuln Mgmt,CWT Cloud Ops Vuln Mgmt,17000393368,My Team,Nithyashree A,nithyashree.a@amexgbt.com,member,yes_member,17004926114,Nithyashree A,yes,My Team,Brad Skeel,brad.skeel@amexgbt.com
Cloud Ops Vuln Mgmt,CWT Cloud Ops Vuln Mgmt,17000393368,My Team,Pottipala Pooja,pottipala.pooja@amexgbt.com,member,yes_member,17004926121,Pottipala Pooja,yes,My Team,Brad Skeel,brad.skeel@amexgbt.com
Cloud Ops Vuln Mgmt,CWT Cloud Ops Vuln Mgmt,17000393368,My Team,Pushya Rani,pushya.rani@amexgbt.com,member,yes_member,17004866987,Pushya Rani,yes,My Team,Brad Skeel,brad.skeel@amexgbt.com
Cloud Ops Vuln Mgmt,CWT Cloud Ops Vuln Mgmt,17000393368,My Team,Lokesh Matheswaran,lokesh.matheswaran@amexgbt.com,member,yes_member,17004926117,Lokesh Matheswaran,yes,My Team,Brad Skeel,brad.skeel@amexgbt.com
Cloud Ops Vuln Mgmt,CWT Cloud Ops Vuln Mgmt,17000393368,My Team,Ditto Selvam,ditto.selvam@amexgbt.com,member,yes_member,17004912390,Ditto Selvam,yes,My Team,Brad Skeel,brad.skeel@amexgbt.com
Cloud Ops Vuln Mgmt,CWT Cloud Ops Vuln Mgmt,17000393368,My Team,Deepak M,deepak.m@amexgbt.com,member,yes_member,17002967134,Deepak M,yes,My Team,Brad Skeel,brad.skeel@amexgbt.com
Cloud Ops Vuln Mgmt,CWT Cloud Ops Vuln Mgmt,17000393368,My Team,G Madhu,g.madhu@amexgbt.com,member,yes_member,17003001142,G Madhu,yes,My Team,Brad Skeel,brad.skeel@amexgbt.com
Cloud Ops Vuln Mgmt,CWT Cloud Ops Vuln Mgmt,17000393368,My Team,Loganayaki K,loganayaki.k@amexgbt.com,member,yes_member,17003718692,Loganayaki K,yes,My Team,Brad Skeel,brad.skeel@amexgbt.com
Cloud Ops Vuln Mgmt,CWT Cloud Ops Vuln Mgmt,17000393368,My Team,Patrick Burlingame,patrick.burlingame@amexgbt.com,member,yes_member,17004603354,Patrick Burlingame,yes,My Team,Brad Skeel,brad.skeel@amexgbt.com
Cloud Ops Vuln Mgmt,CWT Cloud Ops Vuln Mgmt,17000393368,My Team,Balaji Selvarathenam,balaji.selvarathenam@amexgbt.com,member,yes_member,17004835618,Balaji Selvarathenam,yes,My Team,Brad Skeel,brad.skeel@amexgbt.com
Cloud Ops Vuln Mgmt,CWT Cloud Ops Vuln Mgmt,17000393368,My Team,Pradeep Mandlavari,pradeep.mandlavari@amexgbt.com,member,yes_member,17004897428,Pradeep Mandlavari,yes,My Team,Brad Skeel,brad.skeel@amexgbt.com
Cloud Ops Vuln Mgmt,CWT Cloud Ops Vuln Mgmt,17000393368,My Team,Gowri Ganesh Kesavan,gowriganesh.kesavan@amexgbt.com,member,yes_member,17004290620,Gowri Ganesh Kesavan,yes,My Team,Brad Skeel,brad.skeel@amexgbt.com
Cloud Ops Vuln Mgmt,CWT Cloud Ops Vuln Mgmt,17000393368,My Team,John Michael Tamula,johnmichael.tamula@amexgbt.com,agent_not_found,no,,,,,Brad Skeel,brad.skeel@amexgbt.com
Cloud Ops Vuln Mgmt,CWT Cloud Ops Vuln Mgmt,17000393368,My Team,Travis Randolph,travis.randolph@amexgbt.com,member,yes_member,17004603802,Travis Randolph,yes,My Team,Brad Skeel,brad.skeel@amexgbt.com
Cloud Ops Vuln Mgmt,CWT Cloud Ops Vuln Mgmt,17000393368,My Team,Naasir Shah,naasir.shah@amexgbt.com,member,yes_member,17003718691,Naasir Shah,yes,My Team,Brad Skeel,brad.skeel@amexgbt.com
Cloud Ops Vuln Mgmt,CWT Cloud Ops Vuln Mgmt,17000393368,My Team,Pinkesh Kumar,pinkesh.kumar@amexgbt.com,member,yes_member,17004946687,Pinkesh Kumar,yes,My Team,Brad Skeel,brad.skeel@amexgbt.com
Cloud Ops Vuln Mgmt,CWT Cloud Ops Vuln Mgmt,17000393368,My Team,Prakash Ponnurangam,prakash.ponnurangam@amexgbt.com,member,yes_member,17002296997,Prakash Ponnurangam,yes,My Team,Brad Skeel,brad.skeel@amexgbt.com
Cloud Ops Vuln Mgmt,CWT Cloud Ops Vuln Mgmt,17000393368,My Team,Trindha Raju Chippada,trindharaju.chippada@amexgbt.com,member,yes_member,17003638078,Trindha Raju Chippada,yes,My Team,Brad Skeel,brad.skeel@amexgbt.com
Cloud Ops Vuln Mgmt,CWT Cloud Ops Vuln Mgmt,17000393368,My Team,Nivetha J,nivetha.j@amexgbt.com,member,yes_member,17004909930,Nivetha J,yes,My Team,Brad Skeel,brad.skeel@amexgbt.com
Cloud Ops Vuln Mgmt,CWT Cloud Ops Vuln Mgmt,17000393368,My Team,Shailesh Kodamana,shailesh.kodamana@amexgbt.com,member,yes_member,17002738247,Shailesh Kodamana,yes,My Team,Brad Skeel,brad.skeel@amexgbt.com
Cloud Ops Vuln Mgmt,CWT Cloud Ops Vuln Mgmt,17000393368,My Team,Datla Reddy,datla.reddy@amexgbt.com,member,yes_member,17004235911,Datla Reddy,yes,My Team,Brad Skeel,brad.skeel@amexgbt.com
Cloud Ops Vuln Mgmt,CWT Cloud Ops Vuln Mgmt,17000393368,My Team,Naveen Namburi,naveen.namburi@amexgbt.com,member,yes_member,17004819258,Naveen Namburi,yes,My Team,Brad Skeel,brad.skeel@amexgbt.com
CM Support EMEA,CWT CM Support EMEA,17000393507,My Team,Saurabh Bhuyan,saurabh.bhuyan@amexgbt.com,member,yes_member,17004604764,Saurabh Bhuyan,yes,My Team,Carlo Caruso,carlo.caruso@amexgbt.com
CM Support EMEA,CWT CM Support EMEA,17000393507,My Team,Jovencio Barquin Jr.,jovencio.barquinjr@amexgbt.com,member,yes_member,17004608452,Jovencio Barquin Jr.,yes,My Team,Carlo Caruso,carlo.caruso@amexgbt.com
CM Support EMEA,CWT CM Support EMEA,17000393507,My Team,Nicoletta Costa,nicoletta.costa@amexgbt.com,member,yes_member,17004605935,Nicoletta Costa,yes,My Team,Carlo Caruso,carlo.caruso@amexgbt.com
CM Support EMEA,CWT CM Support EMEA,17000393507,My Team,Lorraine Alexander,lorraine.alexander@amexgbt.com,member,yes_member,17004605622,Lorraine Alexander,yes,My Team,Carlo Caruso,carlo.caruso@amexgbt.com
CM Support EMEA,CWT CM Support EMEA,17000393507,My Team,Nicola Griffith,nicola.griffith@amexgbt.com,member,yes_member,17004605568,Nicola Griffith,yes,My Team,Carlo Caruso,carlo.caruso@amexgbt.com
CM Support EMEA,CWT CM Support EMEA,17000393507,My Team,Sandra Howie,sandra.howie@amexgbt.com,member,yes_member,17004605663,Sandra Howie,yes,My Team,Carlo Caruso,carlo.caruso@amexgbt.com
CM Support EMEA,CWT CM Support EMEA,17000393507,My Team,Monica Holst,monica.holst@amexgbt.com,member,yes_member,17004608827,Monica Holst,yes,My Team,Carlo Caruso,carlo.caruso@amexgbt.com
CMS Specialist Group,CWT CMS Specialist Group,17000393508,My Team,Rita Elentrio,rita.elentrio@amexgbt.com,member,yes_member,17004604984,Rita Elentrio,yes,My Team,David Wiles,david.wiles@amexgbt.com
CMS Specialist Group,CWT CMS Specialist Group,17000393508,My Team,Raquel Gracia Lowe,raquel.gracialowe@amexgbt.com,member,yes_member,17004605828,Raquel Gracia Lowe,yes,My Team,David Wiles,david.wiles@amexgbt.com
CMS Specialist Group,CWT CMS Specialist Group,17000393508,My Team,David Wiles,david.wiles@amexgbt.com,member,yes_member,17004603627,David Wiles,yes,My Team,David Wiles,david.wiles@amexgbt.com
CMS Specialist Group,CWT CMS Specialist Group,17000393508,My Team,Ian Donaldson,ian.donaldson@amexgbt.com,member,yes_member,17004634792,Ian Donaldson,yes,My Team,David Wiles,david.wiles@amexgbt.com
CMS Specialist Group,CWT CMS Specialist Group,17000393508,My Team,Tommesha Williams,tommesha.williams@amexgbt.com,member,yes_member,17005058361,Tommesha Williams,yes,My Team,David Wiles,david.wiles@amexgbt.com
CN INFRASTRUCTURE,CWT CN INFRASTRUCTURE,17000393509,My Team,Ben Chen,bchen@mycwt.com,agent_not_found,no,,,,,Tom Xin,TomXin@mycwt.com
CN INFRASTRUCTURE,CWT CN INFRASTRUCTURE,17000393509,My Team,Feng Bai,fbai@mycwt.com,agent_not_found,no,,,,,Tom Xin,TomXin@mycwt.com
CN INFRASTRUCTURE,CWT CN INFRASTRUCTURE,17000393509,My Team,Tom Xin,tomxin@mycwt.com,agent_not_found,no,,,,,Tom Xin,TomXin@mycwt.com
Collaboration,CWT Collaboration,17000393503,My Team,Cody Lamont,cody.lamont@amexgbt.com,member,yes_member,17004603487,Cody Lamont,yes,My Team,Jagannath Thotli,jagannath.thotli@amexgbt.com
Collaboration,CWT Collaboration,17000393503,My Team,Zachary Daniel,zachary.daniel@amexgbt.com,member,yes_member,17004603486,Zachary Daniel,yes,My Team,Jagannath Thotli,jagannath.thotli@amexgbt.com
Collaboration,CWT Collaboration,17000393503,My Team,Jagannath Thotli,jagannath.thotli@amexgbt.com,member,yes_member,17004602672,Jagannath Thotli,yes,My Team,Jagannath Thotli,jagannath.thotli@amexgbt.com
Colombia IT Help Desk,CWT Colombia IT Help Desk,17000393373,My Team,Carlos Hernandez,carlos.hernandez2@amexgbt.com,member,yes_member,17004606356,Carlos Hernandez,yes,My Team,David Romero,david.romero@amexgbt.com
Conferma Support,CWT Conferma Support,17000393504,My Team,Diane Degenhardt,diane.degenhardt@amexgbt.com,member,yes_member,17004605950,Diane Degenhardt,yes,My Team,Michael Wirth,michael.wirth@amexgbt.com
Conferma Support,CWT Conferma Support,17000393504,My Team,Lisa Harrison,lisa.harrison@amexgbt.com,member,yes_member,17004605745,Lisa Harrison,yes,My Team,Michael Wirth,michael.wirth@amexgbt.com
Conferma Support,CWT Conferma Support,17000393504,My Team,Michael Wirth,michael.wirth@amexgbt.com,member,yes_member,17004605810,Michael Wirth,yes,My Team,Michael Wirth,michael.wirth@amexgbt.com
Configuration Management,CWT Configuration Management,17000393505,My Team,Rohini Thombre,rohini.thombre@amexgbt.com,member,yes_member,17003871508,Rohini Thombre,yes,My Team,Hannah Henderson,hannah.henderson@amexgbt.com
Configuration Management,CWT Configuration Management,17000393505,My Team,Mahtab Alam,mahtab.alam@amexgbt.com,member,yes_member,17004120747,Mahtab Alam,yes,My Team,Hannah Henderson,hannah.henderson@amexgbt.com
Configuration Management,CWT Configuration Management,17000393505,My Team,Syed Rehanul Haque,syedrehanul.haque@amexgbt.com,member,yes_member,17002894972,Syed Rehanul Haque,yes,My Team,Hannah Henderson,hannah.henderson@amexgbt.com
Configuration Management,CWT Configuration Management,17000393505,My Team,Mohammed Thanish,mohammed.thanish@amexgbt.com,member,yes_member,17002123817,Mohammed Thanish,yes,My Team,Hannah Henderson,hannah.henderson@amexgbt.com
Configuration Management,CWT Configuration Management,17000393505,My Team,Suman Naik,suman.naik@amexgbt.com,member,yes_member,17004170707,Suman Naik,yes,My Team,Hannah Henderson,hannah.henderson@amexgbt.com
Configuration Management,CWT Configuration Management,17000393505,My Team,Anastasia Blundell,anastasia.blundell@amexgbt.com,member,yes_member,17001602400,Anastasia Blundell,yes,My Team,Hannah Henderson,hannah.henderson@amexgbt.com
Configuration Management,CWT Configuration Management,17000393505,My Team,Chris Peterson,chris.peterson@amexgbt.com,member,yes_member,17001481015,Chris Peterson,yes,My Team,Hannah Henderson,hannah.henderson@amexgbt.com
Configuration Management,CWT Configuration Management,17000393505,My Team,Suraj Shetty,suraj.shetty@amexgbt.com,member,yes_member,17004159070,Suraj Shetty,yes,My Team,Hannah Henderson,hannah.henderson@amexgbt.com
Configuration Management,CWT Configuration Management,17000393505,My Team,Ivan Jimenez,ivan.jimenez1@amexgbt.com,member,yes_member,17001481084,Ivan Jimenez,yes,My Team,Hannah Henderson,hannah.henderson@amexgbt.com
Configuration Management,CWT Configuration Management,17000393505,My Team,Snehal Rajput,snehal.rajput@amexgbt.com,member,yes_member,17004946688,Snehal Rajput,yes,My Team,Hannah Henderson,hannah.henderson@amexgbt.com
Configuration Management,CWT Configuration Management,17000393505,My Team,Ankam Siva Krishna,ankam.sivakrishna@amexgbt.com,member,yes_member,17004119104,Ankam Siva Krishna,yes,My Team,Hannah Henderson,hannah.henderson@amexgbt.com
Configuration Management,CWT Configuration Management,17000393505,My Team,Garlus Missier S,garlus.missiers@amexgbt.com,member,yes_member,17003214239,Garlus Missier S,yes,My Team,Hannah Henderson,hannah.henderson@amexgbt.com
Configuration Management,CWT Configuration Management,17000393505,My Team,Needa Fathima,needa.fathima@amexgbt.com,member,yes_member,17001534060,Needa Fathima,yes,My Team,Hannah Henderson,hannah.henderson@amexgbt.com
Configuration Management,CWT Configuration Management,17000393505,My Team,Arpit Dixit,arpit.dixit@amexgbt.com,member,yes_member,17004853902,Arpit Dixit,yes,My Team,Hannah Henderson,hannah.henderson@amexgbt.com
Configuration Management,CWT Configuration Management,17000393505,My Team,Korrapati Haji Ghouse,korrapati.hajighouse@amexgbt.com,not_in_group,no,17004991058,Korrapati hajighouse,yes,My Team,Hannah Henderson,hannah.henderson@amexgbt.com
Configuration Management,CWT Configuration Management,17000393505,My Team,Issa Alombah,issa.alombah@amexgbt.com,member,yes_member,17001525835,Issa Alombah,yes,My Team,Hannah Henderson,hannah.henderson@amexgbt.com
Configuration Management,CWT Configuration Management,17000393505,My Team,Banoth Shailaja,banoth.shailaja@amexgbt.com,member,yes_member,17004432722,Banoth Shailaja,yes,My Team,Hannah Henderson,hannah.henderson@amexgbt.com
Configuration Management,CWT Configuration Management,17000393505,My Team,Lorenzo Aguayo,lorenzo.aguayo@amexgbt.com,member,yes_member,17003921983,Lorenzo Aguayo,yes,My Team,Hannah Henderson,hannah.henderson@amexgbt.com
Configuration Management,CWT Configuration Management,17000393505,My Team,Nilendra Singhal,nilendra.singhal@amexgbt.com,member,yes_member,17004638895,Nilendra Singhal,yes,My Team,Hannah Henderson,hannah.henderson@amexgbt.com
Configuration Management,CWT Configuration Management,17000393505,My Team,Laarni Valiente,laarni.valiente@amexgbt.com,member,yes_member,17004608419,Laarni Valiente,yes,My Team,Hannah Henderson,hannah.henderson@amexgbt.com
Configuration Management,CWT Configuration Management,17000393505,My Team,Bose Bakare,bose.bakare@amexgbt.com,member,yes_member,17004605548,Bose Bakare,yes,My Team,Hannah Henderson,hannah.henderson@amexgbt.com
Configuration Management,CWT Configuration Management,17000393505,My Team,Snehalatha B,snehalatha.b@amexgbt.com,member,yes_member,17004651858,Snehalatha B,yes,My Team,Hannah Henderson,hannah.henderson@amexgbt.com
Configuration Management,CWT Configuration Management,17000393505,My Team,Sanjukta Dhar,sanjukta.dhar@amexgbt.com,member,yes_member,17004955474,Sanjukta Dhar,yes,My Team,Hannah Henderson,hannah.henderson@amexgbt.com
Configuration Management,CWT Configuration Management,17000393505,My Team,Vishwa BS,vishwa.bs@amexgbt.com,member,yes_member,17004374355,Vishwa BS,yes,My Team,Hannah Henderson,hannah.henderson@amexgbt.com
Configuration Management,CWT Configuration Management,17000393505,My Team,Akanchha Prapti,akanchha.prapti@amexgbt.com,member,yes_member,17004270311,Akanchha Prapti,yes,My Team,Hannah Henderson,hannah.henderson@amexgbt.com
Configuration Management,CWT Configuration Management,17000393505,My Team,Hari Kumar Akula,harikumar.akula@amexgbt.com,member,yes_member,17004473368,Hari Kumar Akula,yes,My Team,Hannah Henderson,hannah.henderson@amexgbt.com
Contact Center Products,CWT Contact Center Products,17000393510,My Team,Alejandro Carrasco,alejandro.carrasco@amexgbt.com,member,yes_member,17004606369,Alejandro Carrasco,yes,My Team,Dawid Buras,dawid.buras@amexgbt.com
Contact Center Products,CWT Contact Center Products,17000393510,My Team,Barbara Bąk,barbara.bak@amexgbt.com,member,yes_member,17004606694,Barbara Bąk,yes,My Team,Dawid Buras,dawid.buras@amexgbt.com
Contact Center Products,CWT Contact Center Products,17000393510,My Team,Marcin Fortuna,marcin.fortuna@amexgbt.com,member,yes_member,17004601166,Marcin Fortuna,yes,My Team,Dawid Buras,dawid.buras@amexgbt.com
Contact Center Products,CWT Contact Center Products,17000393510,My Team,Dawid Buras,dawid.buras@amexgbt.com,member,yes_member,17004601191,Dawid Buras,yes,My Team,Dawid Buras,dawid.buras@amexgbt.com
Contact Center Products,CWT Contact Center Products,17000393510,My Team,Luis Nogueira,luis.nogueira@amexgbt.com,member,yes_member,17004602484,Luis Nogueira,yes,My Team,Dawid Buras,dawid.buras@amexgbt.com
Contact Center Products,CWT Contact Center Products,17000393510,My Team,Ulyana Sydorkevych,ulyana.sydorkevych@amexgbt.com,member,yes_member,17004601321,Ulyana Sydorkevych,yes,My Team,Dawid Buras,dawid.buras@amexgbt.com
Contact Center Products,CWT Contact Center Products,17000393510,My Team,Juan Jose Candel Nacarino,juanjo.candel@amexgbt.com,member,yes_member,17004601777,Juan Jose Candel Nacarino,yes,My Team,Dawid Buras,dawid.buras@amexgbt.com
Contact Center Products,CWT Contact Center Products,17000393510,My Team,Erwan Maze,erwan.maze@amexgbt.com,member,yes_member,17004607618,Erwan Maze,yes,My Team,Dawid Buras,dawid.buras@amexgbt.com
Contact Center Products,CWT Contact Center Products,17000393510,My Team,Rafal Sroka,rafal.sroka@amexgbt.com,member,yes_member,17004601194,Rafal Sroka,yes,My Team,Dawid Buras,dawid.buras@amexgbt.com
CONTACT TRACKING DEVELOPMENT,CWT CONTACT TRACKING DEVELOPMENT,17000393511,My Team,CONTACT TRACKING DEV Oncall,contacttrackingoncallsupport@carlsonwagonlit.com,agent_not_found,no,,,,,Roderick Alvarez,roderick.alvarez@amexgbt.com
CONTACT TRACKING DEVELOPMENT,CWT CONTACT TRACKING DEVELOPMENT,17000393511,My Team,John Paulo Villafranca,johnpaulo.villafranca@amexgbt.com,member,yes_member,17004608306,John Paulo Villafranca,yes,My Team,Roderick Alvarez,roderick.alvarez@amexgbt.com
CONTACT TRACKING DEVELOPMENT,CWT CONTACT TRACKING DEVELOPMENT,17000393511,My Team,Sunny Postrado,sunny.postrado@amexgbt.com,member,yes_member,17004608303,Sunny Postrado,yes,My Team,Roderick Alvarez,roderick.alvarez@amexgbt.com
Contact Tracking Global Approver Group,CWT Contact Tracking Global Approver Group,17000393378,My Team,Dawid Buras,dawid.buras@amexgbt.com,member,yes_member,17004601191,Dawid Buras,yes,My Team,Dawid Buras,dawid.buras@amexgbt.com
Contact Tracking Global Approver Group,CWT Contact Tracking Global Approver Group,17000393378,My Team,Radiana Saeva,radiana.saeva@amexgbt.com,member,yes_member,17004606826,Radiana Saeva,yes,My Team,Dawid Buras,dawid.buras@amexgbt.com
Contact Tracking Global Approver Group,CWT Contact Tracking Global Approver Group,17000393378,My Team,Steven Henderson,steve.henderson@amexgbt.com,member,yes_member,17004605575,Steven Henderson,yes,My Team,Dawid Buras,dawid.buras@amexgbt.com
Contact Tracking Global Approver Group,CWT Contact Tracking Global Approver Group,17000393378,My Team,David Castillo,david.castillo2@amexgbt.com,member,yes_member,17005058363,David Castillo,yes,My Team,Dawid Buras,dawid.buras@amexgbt.com
Corporate Financial Systems,CWT Corporate Financial Systems,17000393380,My Team,Luiz Bittencourt,luiz.bittencourt@amexgbt.com,member,yes_member,17004602459,Luiz Bittencourt,yes,My Team,Nathalie Palma,nathalie.palma@amexgbt.com
Corporate Financial Systems,CWT Corporate Financial Systems,17000393380,My Team,Trina Simonson,trina.simonson@amexgbt.com,member,yes_member,17004603138,Trina Simonson,yes,My Team,Nathalie Palma,nathalie.palma@amexgbt.com
Corporate Financial Systems,CWT Corporate Financial Systems,17000393380,My Team,Christophe Michaux,christophe.michaux@amexgbt.com,member,yes_member,17004606207,Christophe Michaux,yes,My Team,Nathalie Palma,nathalie.palma@amexgbt.com
Corporate Financial Systems,CWT Corporate Financial Systems,17000393380,My Team,Ramesh Nallavolu,ramesh.nallavolu@amexgbt.com,member,yes_member,17004603374,Ramesh Nallavolu,yes,My Team,Nathalie Palma,nathalie.palma@amexgbt.com
Corporate Financial Systems,CWT Corporate Financial Systems,17000393380,My Team,Yanitza Fritch,yanitza.fritch@amexgbt.com,member,yes_member,17004607164,Yanitza Fritch,yes,My Team,Nathalie Palma,nathalie.palma@amexgbt.com
Corporate Financial Systems,CWT Corporate Financial Systems,17000393380,My Team,Phillip Greenhagen,phillip.greenhagen@amexgbt.com,member,yes_member,17004603428,Phillip Greenhagen,yes,My Team,Nathalie Palma,nathalie.palma@amexgbt.com
Corporate Financial Systems,CWT Corporate Financial Systems,17000393380,My Team,John Cris Vincent Pelletero,johncrisvincent.pelletero@amexgbt.com,member,yes_member,17004608362,John Cris Vincent Pelletero,yes,My Team,Nathalie Palma,nathalie.palma@amexgbt.com
Corporate Financial Systems,CWT Corporate Financial Systems,17000393380,My Team,Fred Gonsalves,fred.gonsalves@amexgbt.com,member,yes_member,17004634814,Fred Gonsalves,yes,My Team,Nathalie Palma,nathalie.palma@amexgbt.com
COT CIS LATAM,CWT COT CIS LATAM,17000393381,My Team,Mariano Falese,mariano.falese@amexgbt.com,member,yes_member,17004605535,Mariano Falese,yes,My Team,Mariano Falese,mariano.falese@amexgbt.com
COT DE SALES EMEA,,,,Gerhard Unfried,gerhard.unfried@amexgbt.com,group_unmatched,no,17004602178,Gerhard Unfried,yes,My Team,Aleksandra Pawelczak,aleksandra.pawelczak@amexgbt.com
COT DK TRAVELER SERVICES EMEA,CWT COT DK TRAVELER SERVICES EMEA,17000393382,My Team,Mari Luukkonen,mari.luukkonen@amexgbt.com,member,yes_member,17004601085,Mari Luukkonen,yes,My Team,Tenille Lockyer,tenille.lockyer@amexgbt.com
COT DK TRAVELER SERVICES EMEA,CWT COT DK TRAVELER SERVICES EMEA,17000393382,My Team,Jeanette Zetterholm,jeanette.zetterholm@amexgbt.com,member,yes_member,17004608840,Jeanette Zetterholm,yes,My Team,Tenille Lockyer,tenille.lockyer@amexgbt.com
COT ES TRAVELLER SERVICES EMEA,CWT COT ES TRAVELLER SERVICES EMEA,17000393383,My Team,Miguel Angel Miñambres Baltasar,miguelangel.minambresbaltasar@amexgbt.com,member,yes_member,17004601787,Miguel Angel Miñambres Baltasar,yes,My Team,Aleksandra Pawelczak,aleksandra.pawelczak@amexgbt.com
COT ES TRAVELLER SERVICES EMEA,CWT COT ES TRAVELLER SERVICES EMEA,17000393383,My Team,Aleksandra Pawelczak,aleksandra.pawelczak@amexgbt.com,member,yes_member,17004606864,Aleksandra Pawelczak,yes,My Team,Aleksandra Pawelczak,aleksandra.pawelczak@amexgbt.com
COT IT TRAVELER SERVICES EMEA,CWT COT IT TRAVELER SERVICES EMEA,17000393384,My Team,Roberta Albergati,roberta.albergati@amexgbt.com,member,yes_member,17004608085,Roberta Albergati,yes,My Team,Francesca Noseda,francesca.noseda@amexgbt.com
COT IT TRAVELER SERVICES EMEA,CWT COT IT TRAVELER SERVICES EMEA,17000393384,My Team,Ilaria Cioci,ilaria.cioci@amexgbt.com,member,yes_member,17004608121,Ilaria Cioci,yes,My Team,Francesca Noseda,francesca.noseda@amexgbt.com
COT IT TRAVELER SERVICES EMEA,CWT COT IT TRAVELER SERVICES EMEA,17000393384,My Team,Emanuela Purificati,emanuela.purificati@amexgbt.com,member,yes_member,17004607838,Emanuela Purificati,yes,My Team,Francesca Noseda,francesca.noseda@amexgbt.com
COT SE TRAVELER SERVICES EMEA,CWT COT SE TRAVELER SERVICES EMEA,17000393385,My Team,Mari Luukkonen,mari.luukkonen@amexgbt.com,member,yes_member,17004601085,Mari Luukkonen,yes,My Team,Tenille Lockyer,tenille.lockyer@amexgbt.com
COT SE TRAVELER SERVICES EMEA,CWT COT SE TRAVELER SERVICES EMEA,17000393385,My Team,Jeanette Zetterholm,jeanette.zetterholm@amexgbt.com,member,yes_member,17004608840,Jeanette Zetterholm,yes,My Team,Tenille Lockyer,tenille.lockyer@amexgbt.com
Counselor Platform Product Management,CWT Counselor Platform Product Management,17000393506,My Team,Radiana Saeva,radiana.saeva@amexgbt.com,member,yes_member,17004606826,Radiana Saeva,yes,My Team,Dawid Buras,dawid.buras@amexgbt.com
Counselor Platform Product Management,CWT Counselor Platform Product Management,17000393506,My Team,Dawid Buras,dawid.buras@amexgbt.com,member,yes_member,17004601191,Dawid Buras,yes,My Team,Dawid Buras,dawid.buras@amexgbt.com
Counselor Platform Product Management,CWT Counselor Platform Product Management,17000393506,My Team,Steven Henderson,steve.henderson@amexgbt.com,member,yes_member,17004605575,Steven Henderson,yes,My Team,Dawid Buras,dawid.buras@amexgbt.com
Counselor Platform Product Management,CWT Counselor Platform Product Management,17000393506,My Team,David Castillo,david.castillo2@amexgbt.com,member,yes_member,17005058363,David Castillo,yes,My Team,Dawid Buras,dawid.buras@amexgbt.com
CRC-C-CWTCAB-EMEA,CWT CRC-C-CWTCAB-EMEA,17000393386,My Team,Seckin Kaya,seckin.kaya@amexgbt.com,member,yes_member,17004605983,Seckin Kaya,yes,My Team,Seckin Kaya,seckin.kaya@amexgbt.com
CRM Approver Group,CWT CRM Approver Group,17000393387,My Team,Phillip Greenhagen,phillip.greenhagen@amexgbt.com,member,yes_member,17004603428,Phillip Greenhagen,yes,My Team,Mel Asuncion,mel.asuncion@amexgbt.com
CRM Approver Group,CWT CRM Approver Group,17000393387,My Team,Mel Asuncion,mel.asuncion@amexgbt.com,member,yes_member,17004634825,Mel Asuncion,yes,My Team,Mel Asuncion,mel.asuncion@amexgbt.com
CSC CM Approvers Group,CWT CSC CM Approvers Group,17000393455,My Team,Daniel Walsh,daniel.walsh@amexgbt.com,member,yes_member,17004603019,Daniel Walsh,yes,My Team,Daniel Walsh,daniel.walsh@amexgbt.com
CSC CM Approvers Group,CWT CSC CM Approvers Group,17000393455,My Team,Haroun Al-Rashid Amerel,harounal-rashid.amerel@amexgbt.com,member,yes_member,17004608294,Haroun Al-Rashid Amerel,yes,My Team,Daniel Walsh,daniel.walsh@amexgbt.com
CSC CM Approvers Group,CWT CSC CM Approvers Group,17000393455,My Team,Jeffrey Canlas,jeffrey.canlas@amexgbt.com,member,yes_member,17004608326,Jeffrey Canlas,yes,My Team,Daniel Walsh,daniel.walsh@amexgbt.com
CSC CM L3 Support Group,CWT CSC CM L3 Support Group,17000393512,My Team,Winston Lee,winston.lee@amexgbt.com,member,yes_member,17004608301,Winston Lee,yes,My Team,Haroun Al-Rashid Amerel,harounal-rashid.amerel@amexgbt.com
CSC CM L3 Support Group,CWT CSC CM L3 Support Group,17000393512,My Team,Jeffrey Canlas,jeffrey.canlas@amexgbt.com,member,yes_member,17004608326,Jeffrey Canlas,yes,My Team,Haroun Al-Rashid Amerel,harounal-rashid.amerel@amexgbt.com
CSC CM Support Group,CWT CSC CM Support Group,17000393513,My Team,Jeffrey Canlas,jeffrey.canlas@amexgbt.com,member,yes_member,17004608326,Jeffrey Canlas,yes,My Team,Daniel Walsh,daniel.walsh@amexgbt.com
CSC CM Support Group,CWT CSC CM Support Group,17000393513,My Team,Srinivasa Kovvuri,srinivasa.kovvuri@amexgbt.com,member,yes_member,17004605299,Srinivasa Kovvuri,yes,My Team,Daniel Walsh,daniel.walsh@amexgbt.com
CSC CM Support Group,CWT CSC CM Support Group,17000393513,My Team,Praveen Bejjam,pbejjam@mycwt.com,agent_not_found,no,,,,,Daniel Walsh,daniel.walsh@amexgbt.com
CSC CM Support Group,CWT CSC CM Support Group,17000393513,My Team,Daniel Walsh,daniel.walsh@amexgbt.com,member,yes_member,17004603019,Daniel Walsh,yes,My Team,Daniel Walsh,daniel.walsh@amexgbt.com
CSC CM Support Group,CWT CSC CM Support Group,17000393513,My Team,Rajesh Gunda,rajesh.gunda@amexgbt.com,member,yes_member,17004602637,Rajesh Gunda,yes,My Team,Daniel Walsh,daniel.walsh@amexgbt.com
CSC Security Approvers Group,CWT CSC Security Approvers Group,17000393016,My Team,Daniel Walsh,daniel.walsh@amexgbt.com,member,yes_member,17004603019,Daniel Walsh,yes,My Team,Daniel Walsh,daniel.walsh@amexgbt.com
CSC Security Approvers Group,CWT CSC Security Approvers Group,17000393016,My Team,Haroun Al-Rashid Amerel,harounal-rashid.amerel@amexgbt.com,member,yes_member,17004608294,Haroun Al-Rashid Amerel,yes,My Team,Daniel Walsh,daniel.walsh@amexgbt.com
CSC Security Support Group,CWT CSC Security Support Group,17000393017,My Team,Jeffrey Canlas,jeffrey.canlas@amexgbt.com,member,yes_member,17004608326,Jeffrey Canlas,yes,My Team,Daniel Walsh,daniel.walsh@amexgbt.com
CSC Security Support Group,CWT CSC Security Support Group,17000393017,My Team,Daniel Walsh,daniel.walsh@amexgbt.com,member,yes_member,17004603019,Daniel Walsh,yes,My Team,Daniel Walsh,daniel.walsh@amexgbt.com
CTS Admin Nordic Clients,CWT CTS Admin Nordic Clients,17000393514,My Team,Andreas Nyboe,andreas.nyboe@amexgbt.com,member,yes_member,17004610836,Andreas Nyboe,yes,My Team,Katarina Exerman,katarina.exerman@amexgbt.com
CTS Admin Nordic Clients,CWT CTS Admin Nordic Clients,17000393514,My Team,Pernilla Ållas,pernilla.aallas@amexgbt.com,member,yes_member,17004608816,Pernilla Ållas,yes,My Team,Katarina Exerman,katarina.exerman@amexgbt.com
CTS DASHBOARD USER,CWT CTS DASHBOARD USER,17000393020,My Team,Camilla Haglund,camilla.haglund@amexgbt.com,member,yes_member,17004608799,Camilla Haglund,yes,My Team,Regine Joyce De Leon,reginejoyce.deleon@amexgbt.com
CTS DASHBOARD USER,CWT CTS DASHBOARD USER,17000393020,My Team,BIANCA GOSE,bianca.gose@amexgbt.com,member,yes_member,17004608690,BIANCA GOSE,yes,My Team,Regine Joyce De Leon,reginejoyce.deleon@amexgbt.com
CTS DASHBOARD USER,CWT CTS DASHBOARD USER,17000393020,My Team,Carlo Martin Malihan,carlomartin.malihan@amexgbt.com,member,yes_member,17004608650,Carlo Martin Malihan,yes,My Team,Regine Joyce De Leon,reginejoyce.deleon@amexgbt.com
CTS DASHBOARD USER,CWT CTS DASHBOARD USER,17000393020,My Team,Monika Chaudhary,monika.chaudhary@amexgbt.com,member,yes_member,17004605031,Monika Chaudhary,yes,My Team,Regine Joyce De Leon,reginejoyce.deleon@amexgbt.com
CTS DASHBOARD USER,CWT CTS DASHBOARD USER,17000393020,My Team,Jeffrey Mark Maqui,jeffreymark.maqui@amexgbt.com,member,yes_member,17004608757,Jeffrey Mark Maqui,yes,My Team,Regine Joyce De Leon,reginejoyce.deleon@amexgbt.com
CTS DASHBOARD USER,CWT CTS DASHBOARD USER,17000393020,My Team,Tobias Mierau,tmierau2@mycwt.com,agent_not_found,no,,,,,Regine Joyce De Leon,reginejoyce.deleon@amexgbt.com
CTS DASHBOARD USER,CWT CTS DASHBOARD USER,17000393020,My Team,Paulina Rogucka-Hassan,paulina.rogucka-hassan@amexgbt.com,member,yes_member,17004606709,Paulina Rogucka-Hassan,yes,My Team,Regine Joyce De Leon,reginejoyce.deleon@amexgbt.com
CTS DASHBOARD USER,CWT CTS DASHBOARD USER,17000393020,My Team,Kristia Evans Puyaoan,kristiaevans.puyaoan@amexgbt.com,member,yes_member,17004608348,Kristia Evans Puyaoan,yes,My Team,Regine Joyce De Leon,reginejoyce.deleon@amexgbt.com
CTS DASHBOARD USER,CWT CTS DASHBOARD USER,17000393020,My Team,Laarnie Joy Catibog,laarniejoy.catibog@amexgbt.com,member,yes_member,17004608767,Laarnie Joy Catibog,yes,My Team,Regine Joyce De Leon,reginejoyce.deleon@amexgbt.com
CTS DASHBOARD USER,CWT CTS DASHBOARD USER,17000393020,My Team,Juan Gomez,juan.gomez@amexgbt.com,member,yes_member,17004606357,Juan Gomez,yes,My Team,Regine Joyce De Leon,reginejoyce.deleon@amexgbt.com
CTS DASHBOARD USER,CWT CTS DASHBOARD USER,17000393020,My Team,Yasemin Berghäll,yberghaell@mycwt.com,agent_not_found,no,,,,,Regine Joyce De Leon,reginejoyce.deleon@amexgbt.com
CTS DASHBOARD USER,CWT CTS DASHBOARD USER,17000393020,My Team,James Albert De Guzman,jamesalbert.deguzman@amexgbt.com,member,yes_member,17004608683,James Albert De Guzman,yes,My Team,Regine Joyce De Leon,reginejoyce.deleon@amexgbt.com
CTS DASHBOARD USER,CWT CTS DASHBOARD USER,17000393020,My Team,Tenzing Kalsang,tenzing.kalsang@amexgbt.com,member,yes_member,17004604774,Tenzing Kalsang,yes,My Team,Regine Joyce De Leon,reginejoyce.deleon@amexgbt.com
CTS DASHBOARD USER,CWT CTS DASHBOARD USER,17000393020,My Team,DAN MARCO STA TERESA,danmarco.stateresa@amexgbt.com,member,yes_member,17004608659,DAN MARCO STA TERESA,yes,My Team,Regine Joyce De Leon,reginejoyce.deleon@amexgbt.com
CTS DASHBOARD USER,CWT CTS DASHBOARD USER,17000393020,My Team,Katarzyna Boniecka-Kowalczyk,katarzyna.boniecka-kowalczyk@amexgbt.com,member,yes_member,17004606844,Katarzyna Boniecka-Kowalczyk,yes,My Team,Regine Joyce De Leon,reginejoyce.deleon@amexgbt.com
CTS DASHBOARD USER,CWT CTS DASHBOARD USER,17000393020,My Team,Bartlomiej Grygiel,bartlomiej.grygiel@amexgbt.com,member,yes_member,17004601263,Bartlomiej Grygiel,yes,My Team,Regine Joyce De Leon,reginejoyce.deleon@amexgbt.com
CTS DASHBOARD USER,CWT CTS DASHBOARD USER,17000393020,My Team,Dagmara Milek,dagmara.milek@amexgbt.com,member,yes_member,17004601288,Dagmara Milek,yes,My Team,Regine Joyce De Leon,reginejoyce.deleon@amexgbt.com
CTS DASHBOARD USER,CWT CTS DASHBOARD USER,17000393020,My Team,Marlon Madrinian,marlon.madrinian@amexgbt.com,member,yes_member,17004608758,Marlon Madrinian,yes,My Team,Regine Joyce De Leon,reginejoyce.deleon@amexgbt.com
CTS DASHBOARD USER,CWT CTS DASHBOARD USER,17000393020,My Team,Keith Anderson Lorico,keithanderson.lorico@amexgbt.com,member,yes_member,17004608411,Keith Anderson Lorico,yes,My Team,Regine Joyce De Leon,reginejoyce.deleon@amexgbt.com
CTS DASHBOARD USER,CWT CTS DASHBOARD USER,17000393020,My Team,Ruth Marie Pernia,ruthmarie.pernia@amexgbt.com,member,yes_member,17004608656,Ruth Marie Pernia,yes,My Team,Regine Joyce De Leon,reginejoyce.deleon@amexgbt.com
CTS DASHBOARD USER,CWT CTS DASHBOARD USER,17000393020,My Team,Nadine Abejo,nadine.abejo@amexgbt.com,member,yes_member,17004608672,Nadine Abejo,yes,My Team,Regine Joyce De Leon,reginejoyce.deleon@amexgbt.com
CTS DASHBOARD USER,CWT CTS DASHBOARD USER,17000393020,My Team,Valeria Montero,valeria.montero@amexgbt.com,member,yes_member,17004608289,Valeria Montero,yes,My Team,Regine Joyce De Leon,reginejoyce.deleon@amexgbt.com
CTS DASHBOARD USER,CWT CTS DASHBOARD USER,17000393020,My Team,Eileen Joy Soriao,eileenjoy.soriao@amexgbt.com,member,yes_member,17004608875,Eileen Joy Soriao,yes,My Team,Regine Joyce De Leon,reginejoyce.deleon@amexgbt.com
CTS DASHBOARD USER,CWT CTS DASHBOARD USER,17000393020,My Team,JON-JIE DE TORRES,jon-jie.detorres@amexgbt.com,member,yes_member,17004608684,JON-JIE DE TORRES,yes,My Team,Regine Joyce De Leon,reginejoyce.deleon@amexgbt.com
CTS DASHBOARD USER,CWT CTS DASHBOARD USER,17000393020,My Team,Monika Armada,monika.armada@amexgbt.com,member,yes_member,17004601269,Monika Armada,yes,My Team,Regine Joyce De Leon,reginejoyce.deleon@amexgbt.com
CTS DASHBOARD USER,CWT CTS DASHBOARD USER,17000393020,My Team,Kamil Malinowski,kamil.malinowski@amexgbt.com,member,yes_member,17004601167,Kamil Malinowski,yes,My Team,Regine Joyce De Leon,reginejoyce.deleon@amexgbt.com
CTS DASHBOARD USER,CWT CTS DASHBOARD USER,17000393020,My Team,Marta Piotrowska,marta.piotrowska@amexgbt.com,member,yes_member,17004601275,Marta Piotrowska,yes,My Team,Regine Joyce De Leon,reginejoyce.deleon@amexgbt.com
CTS DASHBOARD USER,CWT CTS DASHBOARD USER,17000393020,My Team,Monika Skwarek,monika.skwarek@amexgbt.com,member,yes_member,17004601320,Monika Skwarek,yes,My Team,Regine Joyce De Leon,reginejoyce.deleon@amexgbt.com
CTS DASHBOARD USER,CWT CTS DASHBOARD USER,17000393020,My Team,Ker John Sacis,kerjohn.sacis@amexgbt.com,member,yes_member,17004608415,Ker John Sacis,yes,My Team,Regine Joyce De Leon,reginejoyce.deleon@amexgbt.com
CTS DASHBOARD USER,CWT CTS DASHBOARD USER,17000393020,My Team,Virginie Bertrand,virginie.bertrand@amexgbt.com,member,yes_member,17004607425,Virginie Bertrand,yes,My Team,Regine Joyce De Leon,reginejoyce.deleon@amexgbt.com
CTS DASHBOARD USER,CWT CTS DASHBOARD USER,17000393020,My Team,Casey Abarca,casey.abarca@amexgbt.com,member,yes_member,17004608888,Casey Abarca,yes,My Team,Regine Joyce De Leon,reginejoyce.deleon@amexgbt.com
CTS DASHBOARD USER,CWT CTS DASHBOARD USER,17000393020,My Team,Julianito Sarvida,julianito.sarvida@amexgbt.com,member,yes_member,17004608660,Julianito Sarvida,yes,My Team,Regine Joyce De Leon,reginejoyce.deleon@amexgbt.com
CTS DASHBOARD USER,CWT CTS DASHBOARD USER,17000393020,My Team,Ma April Therese Barcelona,maapriltherese.barcelona@amexgbt.com,member,yes_member,17004608409,Ma April Therese Barcelona,yes,My Team,Regine Joyce De Leon,reginejoyce.deleon@amexgbt.com
CTS DASHBOARD USER,CWT CTS DASHBOARD USER,17000393020,My Team,Jose Erwin Santos,joseerwin.santos@amexgbt.com,member,yes_member,17004608413,Jose Erwin Santos,yes,My Team,Regine Joyce De Leon,reginejoyce.deleon@amexgbt.com
CTS DASHBOARD USER,CWT CTS DASHBOARD USER,17000393020,My Team,Christine Joy Valino,christinejoy.valino@amexgbt.com,member,yes_member,17004608666,Christine Joy Valino,yes,My Team,Regine Joyce De Leon,reginejoyce.deleon@amexgbt.com
CTS DASHBOARD USER,CWT CTS DASHBOARD USER,17000393020,My Team,Kunal Sen Gupta,kunal.sengupta@amexgbt.com,member,yes_member,17004604421,Kunal Sen Gupta,yes,My Team,Regine Joyce De Leon,reginejoyce.deleon@amexgbt.com
CTS DASHBOARD USER,CWT CTS DASHBOARD USER,17000393020,My Team,Sarthak Baghel,sarthak.baghel@amexgbt.com,member,yes_member,17004604190,Sarthak Baghel,yes,My Team,Regine Joyce De Leon,reginejoyce.deleon@amexgbt.com
CTS DASHBOARD USER,CWT CTS DASHBOARD USER,17000393020,My Team,Ledmour Labit,ledmour.labit@amexgbt.com,member,yes_member,17004608645,Ledmour Labit,yes,My Team,Regine Joyce De Leon,reginejoyce.deleon@amexgbt.com
CTS DASHBOARD USER,CWT CTS DASHBOARD USER,17000393020,My Team,John Louie Daya,johnlouie.daya@amexgbt.com,member,yes_member,17004608300,John Louie Daya,yes,My Team,Regine Joyce De Leon,reginejoyce.deleon@amexgbt.com
CTS DASHBOARD USER,CWT CTS DASHBOARD USER,17000393020,My Team,Jacky Boy Pangandaman,jackyboy.pangandaman@amexgbt.com,member,yes_member,17004608397,Jacky Boy Pangandaman,yes,My Team,Regine Joyce De Leon,reginejoyce.deleon@amexgbt.com
CTS DASHBOARD USER,CWT CTS DASHBOARD USER,17000393020,My Team,Mary Jennifer Sanchez,maryjennifer.sanchez@amexgbt.com,member,yes_member,17004608457,Mary Jennifer Sanchez,yes,My Team,Regine Joyce De Leon,reginejoyce.deleon@amexgbt.com
CTS DASHBOARD USER,CWT CTS DASHBOARD USER,17000393020,My Team,Ramir Cantillana,ramir.cantillana@amexgbt.com,member,yes_member,17004608309,Ramir Cantillana,yes,My Team,Regine Joyce De Leon,reginejoyce.deleon@amexgbt.com
CTS DASHBOARD USER,CWT CTS DASHBOARD USER,17000393020,My Team,Ria Rose Ragual,riarose.ragual@amexgbt.com,member,yes_member,17004608217,Ria Rose Ragual,yes,My Team,Regine Joyce De Leon,reginejoyce.deleon@amexgbt.com
CTS DASHBOARD USER,CWT CTS DASHBOARD USER,17000393020,My Team,Maria Angelita De Leon,mariaangelita.deleon@amexgbt.com,member,yes_member,17004608367,Maria Angelita De Leon,yes,My Team,Regine Joyce De Leon,reginejoyce.deleon@amexgbt.com
CTS DASHBOARD USER,CWT CTS DASHBOARD USER,17000393020,My Team,Carren Nevado,carren.nevado@amexgbt.com,member,yes_member,17004608653,Carren Nevado,yes,My Team,Regine Joyce De Leon,reginejoyce.deleon@amexgbt.com
CTS DASHBOARD USER,CWT CTS DASHBOARD USER,17000393020,My Team,Anthony Gurdiel,anthony.gurdiel@amexgbt.com,member,yes_member,17004608324,Anthony Gurdiel,yes,My Team,Regine Joyce De Leon,reginejoyce.deleon@amexgbt.com
CTS DASHBOARD USER,CWT CTS DASHBOARD USER,17000393020,My Team,Joanna Clare,joanna.clare1@amexgbt.com,member,yes_member,17004605909,Joanna Clare,yes,My Team,Regine Joyce De Leon,reginejoyce.deleon@amexgbt.com
CTS DASHBOARD USER,CWT CTS DASHBOARD USER,17000393020,My Team,Iris Perez,iris.perez@amexgbt.com,member,yes_member,17004608655,Iris Perez,yes,My Team,Regine Joyce De Leon,reginejoyce.deleon@amexgbt.com
CTS DASHBOARD USER,CWT CTS DASHBOARD USER,17000393020,My Team,Salil Bakshi,salil.bakshi@amexgbt.com,member,yes_member,17004605140,Salil Bakshi,yes,My Team,Regine Joyce De Leon,reginejoyce.deleon@amexgbt.com
CTS DASHBOARD USER,CWT CTS DASHBOARD USER,17000393020,My Team,Regine Joyce De Leon,reginejoyce.deleon@amexgbt.com,member,yes_member,17005058351,Regine Joyce De Leon,yes,My Team,Regine Joyce De Leon,reginejoyce.deleon@amexgbt.com
CTS DASHBOARD USER,CWT CTS DASHBOARD USER,17000393020,My Team,Jacob Aaron Esquivias,jacobaaron.esquivias@amexgbt.com,member,yes_member,17004608688,Jacob Aaron Esquivias,yes,My Team,Regine Joyce De Leon,reginejoyce.deleon@amexgbt.com
CTS DASHBOARD USER,CWT CTS DASHBOARD USER,17000393020,My Team,John Michael Lacsi,johnmichael.lacsi@amexgbt.com,member,yes_member,17004608754,John Michael Lacsi,yes,My Team,Regine Joyce De Leon,reginejoyce.deleon@amexgbt.com
CTS DASHBOARD USER,CWT CTS DASHBOARD USER,17000393020,My Team,Stella Bralska,stella.bralska@amexgbt.com,member,yes_member,17004601151,Stella Bralska,yes,My Team,Regine Joyce De Leon,reginejoyce.deleon@amexgbt.com
CTS DASHBOARD USER,CWT CTS DASHBOARD USER,17000393020,My Team,John Patrick Mozo,johnpatrick.mozo@amexgbt.com,member,yes_member,17004608692,John Patrick Mozo,yes,My Team,Regine Joyce De Leon,reginejoyce.deleon@amexgbt.com
CTS DASHBOARD USER,CWT CTS DASHBOARD USER,17000393020,My Team,Sandra Macdonald,sandra.macdonald@amexgbt.com,member,yes_member,17004634764,Sandra Macdonald,yes,My Team,Regine Joyce De Leon,reginejoyce.deleon@amexgbt.com
CTS DASHBOARD USER,CWT CTS DASHBOARD USER,17000393020,My Team,Lina Kohtala,lina.kohtala@amexgbt.com,member,yes_member,17004608864,Lina Kohtala,yes,My Team,Regine Joyce De Leon,reginejoyce.deleon@amexgbt.com
CTS DASHBOARD USER,CWT CTS DASHBOARD USER,17000393020,My Team,Adriana Homsy,adriana.homsy1@amexgbt.com,member,yes_member,17004602713,Adriana Homsy,yes,My Team,Regine Joyce De Leon,reginejoyce.deleon@amexgbt.com
CTS DASHBOARD USER,CWT CTS DASHBOARD USER,17000393020,My Team,Adderly Bangkil,adderly.bangkil@amexgbt.com,member,yes_member,17004608211,Adderly Bangkil,yes,My Team,Regine Joyce De Leon,reginejoyce.deleon@amexgbt.com
CTS DASHBOARD USER,CWT CTS DASHBOARD USER,17000393020,My Team,Silvia Camerani,silvia.camerani@amexgbt.com,member,yes_member,17004608097,Silvia Camerani,yes,My Team,Regine Joyce De Leon,reginejoyce.deleon@amexgbt.com
CTS DASHBOARD USER,CWT CTS DASHBOARD USER,17000393020,My Team,Roed Albert Malicdem,roedalbert.malicdem@amexgbt.com,member,yes_member,17004608343,Roed Albert Malicdem,yes,My Team,Regine Joyce De Leon,reginejoyce.deleon@amexgbt.com
CTS DASHBOARD USER,CWT CTS DASHBOARD USER,17000393020,My Team,Wilson Villanueva,wilson.villanueva@amexgbt.com,member,yes_member,17004608381,Wilson Villanueva,yes,My Team,Regine Joyce De Leon,reginejoyce.deleon@amexgbt.com
CTS DASHBOARD USER,CWT CTS DASHBOARD USER,17000393020,My Team,Volker Zehrtisch,vzehrtisch2@mycwt.com,agent_not_found,no,,,,,Regine Joyce De Leon,reginejoyce.deleon@amexgbt.com
CTS DASHBOARD USER,CWT CTS DASHBOARD USER,17000393020,My Team,Rachelle Ann Suarez,rachelleann.suarez@amexgbt.com,member,yes_member,17004608877,Rachelle Ann Suarez,yes,My Team,Regine Joyce De Leon,reginejoyce.deleon@amexgbt.com
CTS DASHBOARD USER,CWT CTS DASHBOARD USER,17000393020,My Team,Jan Lucas,jan.lucas@amexgbt.com,member,yes_member,17004608756,Jan Lucas,yes,My Team,Regine Joyce De Leon,reginejoyce.deleon@amexgbt.com
CTS DASHBOARD USER,CWT CTS DASHBOARD USER,17000393020,My Team,Lorly Tongson,lorly.tongson@amexgbt.com,member,yes_member,17004602783,Lorly Tongson,yes,My Team,Regine Joyce De Leon,reginejoyce.deleon@amexgbt.com
CTS DASHBOARD USER,CWT CTS DASHBOARD USER,17000393020,My Team,Carlo Caruso,c.caruso@accenture.com,member,yes_member,17005058364,Carlo Caruso,yes,My Team,Regine Joyce De Leon,reginejoyce.deleon@amexgbt.com
CTS DASHBOARD USER,CWT CTS DASHBOARD USER,17000393020,My Team,Dennic Von Lorenzo,dennicvon.lorenzo@amexgbt.com,member,yes_member,17004608648,Dennic Von Lorenzo,yes,My Team,Regine Joyce De Leon,reginejoyce.deleon@amexgbt.com
CTS DASHBOARD USER,CWT CTS DASHBOARD USER,17000393020,My Team,Charissa Andrea Vivero-Pesado,charissaandrea.vivero-pesado@amexgbt.com,agent_not_found,no,,,,,Regine Joyce De Leon,reginejoyce.deleon@amexgbt.com
CTS DASHBOARD USER,CWT CTS DASHBOARD USER,17000393020,My Team,Lotta Agerfjord,lotta.agerfjord@amexgbt.com,member,yes_member,17004608820,Lotta Agerfjord,yes,My Team,Regine Joyce De Leon,reginejoyce.deleon@amexgbt.com
CTS DASHBOARD USER,CWT CTS DASHBOARD USER,17000393020,My Team,Carlo Caruso,carlo.caruso@amexgbt.com,member,yes_member,17004605791,Carlo Caruso,yes,My Team,Regine Joyce De Leon,reginejoyce.deleon@amexgbt.com
CTS DASHBOARD USER,CWT CTS DASHBOARD USER,17000393020,My Team,Douglas Araujo,douglas.araujo@amexgbt.com,member,yes_member,17004602603,Douglas Araujo,yes,My Team,Regine Joyce De Leon,reginejoyce.deleon@amexgbt.com
CTS New Client Handover,CWT CTS New Client Handover,17000393515,My Team,Lotta Agerfjord,lotta.agerfjord@amexgbt.com,member,yes_member,17004608820,Lotta Agerfjord,yes,My Team,Lotta Agerfjord,lotta.agerfjord@amexgbt.com
CTS New Client Handover,CWT CTS New Client Handover,17000393515,My Team,Charissa Andrea Vivero-Pesado,charissaandrea.vivero-pesado@amexgbt.com,agent_not_found,no,,,,,Lotta Agerfjord,lotta.agerfjord@amexgbt.com
CTS Tech AT,CWT CTS Tech AT,17000393021,My Team,Magdalena Pataj,magdalena.pataj@amexgbt.com,member,yes_member,17004601607,Magdalena Pataj,yes,My Team,Lotta Agerfjord,lotta.agerfjord@amexgbt.com
CTS Tech AT,CWT CTS Tech AT,17000393021,My Team,Marko Taavitsainen,marko.taavitsainen@amexgbt.com,member,yes_member,17004601090,Marko Taavitsainen,yes,My Team,Lotta Agerfjord,lotta.agerfjord@amexgbt.com
CTS Tech AT,CWT CTS Tech AT,17000393021,My Team,Lotta Agerfjord,lotta.agerfjord@amexgbt.com,member,yes_member,17004608820,Lotta Agerfjord,yes,My Team,Lotta Agerfjord,lotta.agerfjord@amexgbt.com
CTS Tech AT,CWT CTS Tech AT,17000393021,My Team,Tiina Almgren,tiina.almgren@amexgbt.com,member,yes_member,17004606150,Tiina Almgren,yes,My Team,Lotta Agerfjord,lotta.agerfjord@amexgbt.com
CTS Tech BE,CWT CTS Tech BE,17000393516,My Team,Natalia Diaz Villalba,natalia.diazvillalba@amexgbt.com,member,yes_member,17004602019,Natalia Diaz Villalba,yes,My Team,Lotta Agerfjord,lotta.agerfjord@amexgbt.com
CTS Tech BE,CWT CTS Tech BE,17000393516,My Team,Rhoderick Alcantara,rhoderick.alcantara@amexgbt.com,member,yes_member,17004608673,Rhoderick Alcantara,yes,My Team,Lotta Agerfjord,lotta.agerfjord@amexgbt.com
CTS Tech BE,CWT CTS Tech BE,17000393516,My Team,Isabelle Wery,isabelle.wery@amexgbt.com,member,yes_member,17004606236,Isabelle Wery,yes,My Team,Lotta Agerfjord,lotta.agerfjord@amexgbt.com
CTS Tech BE,CWT CTS Tech BE,17000393516,My Team,Lotta Agerfjord,lotta.agerfjord@amexgbt.com,member,yes_member,17004608820,Lotta Agerfjord,yes,My Team,Lotta Agerfjord,lotta.agerfjord@amexgbt.com
CTS Tech BE,CWT CTS Tech BE,17000393516,My Team,Yvan David Delatour,yvandavid.delatour@amexgbt.com,member,yes_member,17004608685,Yvan David Delatour,yes,My Team,Lotta Agerfjord,lotta.agerfjord@amexgbt.com
CTS Tech BE,CWT CTS Tech BE,17000393516,My Team,Virginie Bertrand,virginie.bertrand@amexgbt.com,member,yes_member,17004607425,Virginie Bertrand,yes,My Team,Lotta Agerfjord,lotta.agerfjord@amexgbt.com
CTS Tech BE,CWT CTS Tech BE,17000393516,My Team,Hichame Boudra,hichame.boudra@amexgbt.com,member,yes_member,17004611006,Hichame Boudra,yes,My Team,Lotta Agerfjord,lotta.agerfjord@amexgbt.com
CTS Tech BE,CWT CTS Tech BE,17000393516,My Team,David Bertocchi,david.bertocchi@amexgbt.com,member,yes_member,17004607659,David Bertocchi,yes,My Team,Lotta Agerfjord,lotta.agerfjord@amexgbt.com
CTS Tech BR,CWT CTS Tech BR,17000393517,My Team,Fernando Francisco,fernando.francisco@amexgbt.com,member,yes_member,17004602392,Fernando Francisco,yes,My Team,Douglas Araujo,douglas.araujo@amexgbt.com
CTS Tech BR,CWT CTS Tech BR,17000393517,My Team,Thalys Rodrigues,thalys.rodrigues@amexgbt.com,member,yes_member,17004602388,Thalys Rodrigues,yes,My Team,Douglas Araujo,douglas.araujo@amexgbt.com
CTS Tech BR,CWT CTS Tech BR,17000393517,My Team,Douglas Araujo,douglas.araujo@amexgbt.com,member,yes_member,17004602603,Douglas Araujo,yes,My Team,Douglas Araujo,douglas.araujo@amexgbt.com
CTS Tech BR,CWT CTS Tech BR,17000393517,My Team,Pedro Moraes dos Santos,pedro.moraesdossantos@amexgbt.com,member,yes_member,17004602257,Pedro Moraes dos Santos,yes,My Team,Douglas Araujo,douglas.araujo@amexgbt.com
CTS Tech CH,CWT CTS Tech CH,17000393518,My Team,Virginie Bertrand,virginie.bertrand@amexgbt.com,member,yes_member,17004607425,Virginie Bertrand,yes,My Team,Lotta Agerfjord,lotta.agerfjord@amexgbt.com
CTS Tech CH,CWT CTS Tech CH,17000393518,My Team,Natalia Diaz Villalba,natalia.diazvillalba@amexgbt.com,member,yes_member,17004602019,Natalia Diaz Villalba,yes,My Team,Lotta Agerfjord,lotta.agerfjord@amexgbt.com
CTS Tech CH,CWT CTS Tech CH,17000393518,My Team,Isabelle Wery,isabelle.wery@amexgbt.com,member,yes_member,17004606236,Isabelle Wery,yes,My Team,Lotta Agerfjord,lotta.agerfjord@amexgbt.com
CTS Tech CH,CWT CTS Tech CH,17000393518,My Team,Magdalena Pataj,magdalena.pataj@amexgbt.com,member,yes_member,17004601607,Magdalena Pataj,yes,My Team,Lotta Agerfjord,lotta.agerfjord@amexgbt.com
CTS Tech CH,CWT CTS Tech CH,17000393518,My Team,HERMANN NDINWA KINANG,hermann.ndinwakinang@amexgbt.com,member,yes_member,17004608652,HERMANN NDINWA KINANG,yes,My Team,Lotta Agerfjord,lotta.agerfjord@amexgbt.com
CTS Tech CH,CWT CTS Tech CH,17000393518,My Team,Hichame Boudra,hichame.boudra@amexgbt.com,member,yes_member,17004611006,Hichame Boudra,yes,My Team,Lotta Agerfjord,lotta.agerfjord@amexgbt.com
CTS Tech CH,CWT CTS Tech CH,17000393518,My Team,Marko Taavitsainen,marko.taavitsainen@amexgbt.com,member,yes_member,17004601090,Marko Taavitsainen,yes,My Team,Lotta Agerfjord,lotta.agerfjord@amexgbt.com
CTS Tech CH,CWT CTS Tech CH,17000393518,My Team,Lotta Agerfjord,lotta.agerfjord@amexgbt.com,member,yes_member,17004608820,Lotta Agerfjord,yes,My Team,Lotta Agerfjord,lotta.agerfjord@amexgbt.com
CTS Tech CH,CWT CTS Tech CH,17000393518,My Team,Tommaso Giannelli,tommaso.giannelli@amexgbt.com,member,yes_member,17004608059,Tommaso Giannelli,yes,My Team,Lotta Agerfjord,lotta.agerfjord@amexgbt.com
CTS Tech DE,CWT CTS Tech DE,17000393519,My Team,Volker Zehrtisch,vzehrtisch2@mycwt.com,agent_not_found,no,,,,,Joanna Clare,joanna.clare1@amexgbt.com
CTS Tech DE,CWT CTS Tech DE,17000393519,My Team,Gaby Wuttke,gwuttke2@mycwt.com,agent_not_found,no,,,,,Joanna Clare,joanna.clare1@amexgbt.com
CTS Tech DE,CWT CTS Tech DE,17000393519,My Team,Sascha Grebe,sgrebe2@mycwt.com,agent_not_found,no,,,,,Joanna Clare,joanna.clare1@amexgbt.com
CTS Tech DE,CWT CTS Tech DE,17000393519,My Team,Tobias Mierau,tmierau2@mycwt.com,agent_not_found,no,,,,,Joanna Clare,joanna.clare1@amexgbt.com
CTS Tech DK,CWT CTS Tech DK,17000393520,My Team,Alice Halpern,alice.halpern@amexgbt.com,member,yes_member,17004610893,Alice Halpern,yes,My Team,Lotta Agerfjord,lotta.agerfjord@amexgbt.com
CTS Tech DK,CWT CTS Tech DK,17000393520,My Team,Magdalena Pataj,magdalena.pataj@amexgbt.com,member,yes_member,17004601607,Magdalena Pataj,yes,My Team,Lotta Agerfjord,lotta.agerfjord@amexgbt.com
CTS Tech DK,CWT CTS Tech DK,17000393520,My Team,Lotta Agerfjord,lotta.agerfjord@amexgbt.com,member,yes_member,17004608820,Lotta Agerfjord,yes,My Team,Lotta Agerfjord,lotta.agerfjord@amexgbt.com
CTS Tech DK,CWT CTS Tech DK,17000393520,My Team,Yasemin Berghäll,yberghaell@mycwt.com,agent_not_found,no,,,,,Lotta Agerfjord,lotta.agerfjord@amexgbt.com
CTS Tech DK,CWT CTS Tech DK,17000393520,My Team,Camilla Haglund,camilla.haglund@amexgbt.com,member,yes_member,17004608799,Camilla Haglund,yes,My Team,Lotta Agerfjord,lotta.agerfjord@amexgbt.com
CTS Tech DK,CWT CTS Tech DK,17000393520,My Team,Christina Van Overeem,christina.vanovereem@amexgbt.com,member,yes_member,17004610885,Christina Van Overeem,yes,My Team,Lotta Agerfjord,lotta.agerfjord@amexgbt.com
CTS Tech DK,CWT CTS Tech DK,17000393520,My Team,Michaela Nrec Hersak,michaela.nrechersak@amexgbt.com,member,yes_member,17004608808,Michaela Nrec Hersak,yes,My Team,Lotta Agerfjord,lotta.agerfjord@amexgbt.com
CTS Tech DK,CWT CTS Tech DK,17000393520,My Team,Line Asha Sørensen,lineasha.soerensen@amexgbt.com,member,yes_member,17004610891,Line Asha Sørensen,yes,My Team,Lotta Agerfjord,lotta.agerfjord@amexgbt.com
CTS Tech DK,CWT CTS Tech DK,17000393520,My Team,Marko Taavitsainen,marko.taavitsainen@amexgbt.com,member,yes_member,17004601090,Marko Taavitsainen,yes,My Team,Lotta Agerfjord,lotta.agerfjord@amexgbt.com
CTS Tech DK,CWT CTS Tech DK,17000393520,My Team,Tiina Almgren,tiina.almgren@amexgbt.com,member,yes_member,17004606150,Tiina Almgren,yes,My Team,Lotta Agerfjord,lotta.agerfjord@amexgbt.com
CTS Tech EE,CWT CTS Tech EE,17000393521,My Team,Alice Halpern,alice.halpern@amexgbt.com,member,yes_member,17004610893,Alice Halpern,yes,My Team,Lotta Agerfjord,lotta.agerfjord@amexgbt.com
CTS Tech EE,CWT CTS Tech EE,17000393521,My Team,Christina Van Overeem,christina.vanovereem@amexgbt.com,member,yes_member,17004610885,Christina Van Overeem,yes,My Team,Lotta Agerfjord,lotta.agerfjord@amexgbt.com
CTS Tech EE,CWT CTS Tech EE,17000393521,My Team,HERMANN NDINWA KINANG,hermann.ndinwakinang@amexgbt.com,member,yes_member,17004608652,HERMANN NDINWA KINANG,yes,My Team,Lotta Agerfjord,lotta.agerfjord@amexgbt.com
CTS Tech EE,CWT CTS Tech EE,17000393521,My Team,Lotta Agerfjord,lotta.agerfjord@amexgbt.com,member,yes_member,17004608820,Lotta Agerfjord,yes,My Team,Lotta Agerfjord,lotta.agerfjord@amexgbt.com
CTS Tech EE,CWT CTS Tech EE,17000393521,My Team,Magdalena Pataj,magdalena.pataj@amexgbt.com,member,yes_member,17004601607,Magdalena Pataj,yes,My Team,Lotta Agerfjord,lotta.agerfjord@amexgbt.com
CTS Tech ES,CWT CTS Tech ES,17000393522,My Team,Charissa Andrea Vivero-Pesado,charissaandrea.vivero-pesado@amexgbt.com,agent_not_found,no,,,,,Lotta Agerfjord,lotta.agerfjord@amexgbt.com
CTS Tech ES,CWT CTS Tech ES,17000393522,My Team,Carmen Moreno Vega,carmen.morenovega@amexgbt.com,member,yes_member,17004601715,Carmen Moreno Vega,yes,My Team,Lotta Agerfjord,lotta.agerfjord@amexgbt.com
CTS Tech ES,CWT CTS Tech ES,17000393522,My Team,Silvia Camerani,silvia.camerani@amexgbt.com,member,yes_member,17004608097,Silvia Camerani,yes,My Team,Lotta Agerfjord,lotta.agerfjord@amexgbt.com
CTS Tech ES,CWT CTS Tech ES,17000393522,My Team,Natalia Diaz Villalba,natalia.diazvillalba@amexgbt.com,member,yes_member,17004602019,Natalia Diaz Villalba,yes,My Team,Lotta Agerfjord,lotta.agerfjord@amexgbt.com
CTS Tech ES,CWT CTS Tech ES,17000393522,My Team,Mary Jennifer Sanchez,maryjennifer.sanchez@amexgbt.com,member,yes_member,17004608457,Mary Jennifer Sanchez,yes,My Team,Lotta Agerfjord,lotta.agerfjord@amexgbt.com
CTS Tech ES,CWT CTS Tech ES,17000393522,My Team,Lotta Agerfjord,lotta.agerfjord@amexgbt.com,member,yes_member,17004608820,Lotta Agerfjord,yes,My Team,Lotta Agerfjord,lotta.agerfjord@amexgbt.com
CTS Tech ES,CWT CTS Tech ES,17000393522,My Team,Magdalena Pataj,magdalena.pataj@amexgbt.com,member,yes_member,17004601607,Magdalena Pataj,yes,My Team,Lotta Agerfjord,lotta.agerfjord@amexgbt.com
CTS Tech ES,CWT CTS Tech ES,17000393522,My Team,Ker John Sacis,kerjohn.sacis@amexgbt.com,member,yes_member,17004608415,Ker John Sacis,yes,My Team,Lotta Agerfjord,lotta.agerfjord@amexgbt.com
CTS TECH EU SOIL,CWT CTS TECH EU SOIL,17000393022,My Team,Alice Halpern,alice.halpern@amexgbt.com,member,yes_member,17004610893,Alice Halpern,yes,My Team,Lotta Agerfjord,lotta.agerfjord@amexgbt.com
CTS TECH EU SOIL,CWT CTS TECH EU SOIL,17000393022,My Team,Lotta Agerfjord,lotta.agerfjord@amexgbt.com,member,yes_member,17004608820,Lotta Agerfjord,yes,My Team,Lotta Agerfjord,lotta.agerfjord@amexgbt.com
CTS TECH EU SOIL,CWT CTS TECH EU SOIL,17000393022,My Team,David Bertocchi,david.bertocchi@amexgbt.com,member,yes_member,17004607659,David Bertocchi,yes,My Team,Lotta Agerfjord,lotta.agerfjord@amexgbt.com
CTS TECH EU SOIL,CWT CTS TECH EU SOIL,17000393022,My Team,Christina Van Overeem,christina.vanovereem@amexgbt.com,member,yes_member,17004610885,Christina Van Overeem,yes,My Team,Lotta Agerfjord,lotta.agerfjord@amexgbt.com
CTS TECH EU SOIL,CWT CTS TECH EU SOIL,17000393022,My Team,Virginie Bertrand,virginie.bertrand@amexgbt.com,member,yes_member,17004607425,Virginie Bertrand,yes,My Team,Lotta Agerfjord,lotta.agerfjord@amexgbt.com
CTS TECH EU SOIL,CWT CTS TECH EU SOIL,17000393022,My Team,Le Diem Huong Antoinette Tran,lediemhuongantoinette.tran@amexgbt.com,member,yes_member,17004607427,Le Diem Huong Antoinette Tran,yes,My Team,Lotta Agerfjord,lotta.agerfjord@amexgbt.com
CTS TECH EU SOIL,CWT CTS TECH EU SOIL,17000393022,My Team,Magdalena Pataj,magdalena.pataj@amexgbt.com,member,yes_member,17004601607,Magdalena Pataj,yes,My Team,Lotta Agerfjord,lotta.agerfjord@amexgbt.com
CTS Tech FI,CWT CTS Tech FI,17000393523,My Team,Yasemin Berghäll,yberghaell@mycwt.com,agent_not_found,no,,,,,Lotta Agerfjord,lotta.agerfjord@amexgbt.com
CTS Tech FI,CWT CTS Tech FI,17000393523,My Team,Tiina Almgren,tiina.almgren@amexgbt.com,member,yes_member,17004606150,Tiina Almgren,yes,My Team,Lotta Agerfjord,lotta.agerfjord@amexgbt.com
CTS Tech FI,CWT CTS Tech FI,17000393523,My Team,Michaela Nrec Hersak,michaela.nrechersak@amexgbt.com,member,yes_member,17004608808,Michaela Nrec Hersak,yes,My Team,Lotta Agerfjord,lotta.agerfjord@amexgbt.com
CTS Tech FI,CWT CTS Tech FI,17000393523,My Team,Camilla Haglund,camilla.haglund@amexgbt.com,member,yes_member,17004608799,Camilla Haglund,yes,My Team,Lotta Agerfjord,lotta.agerfjord@amexgbt.com
CTS Tech FI,CWT CTS Tech FI,17000393523,My Team,Magdalena Pataj,magdalena.pataj@amexgbt.com,member,yes_member,17004601607,Magdalena Pataj,yes,My Team,Lotta Agerfjord,lotta.agerfjord@amexgbt.com
CTS Tech FI,CWT CTS Tech FI,17000393523,My Team,Christina Van Overeem,christina.vanovereem@amexgbt.com,member,yes_member,17004610885,Christina Van Overeem,yes,My Team,Lotta Agerfjord,lotta.agerfjord@amexgbt.com
CTS Tech FI,CWT CTS Tech FI,17000393523,My Team,Line Asha Sørensen,lineasha.soerensen@amexgbt.com,member,yes_member,17004610891,Line Asha Sørensen,yes,My Team,Lotta Agerfjord,lotta.agerfjord@amexgbt.com
CTS Tech FI,CWT CTS Tech FI,17000393523,My Team,Lotta Agerfjord,lotta.agerfjord@amexgbt.com,member,yes_member,17004608820,Lotta Agerfjord,yes,My Team,Lotta Agerfjord,lotta.agerfjord@amexgbt.com
CTS Tech FI,CWT CTS Tech FI,17000393523,My Team,Alice Halpern,alice.halpern@amexgbt.com,member,yes_member,17004610893,Alice Halpern,yes,My Team,Lotta Agerfjord,lotta.agerfjord@amexgbt.com
CTS Tech FI,CWT CTS Tech FI,17000393523,My Team,Marko Taavitsainen,marko.taavitsainen@amexgbt.com,member,yes_member,17004601090,Marko Taavitsainen,yes,My Team,Lotta Agerfjord,lotta.agerfjord@amexgbt.com
CTS Tech FR,CWT CTS Tech FR,17000393524,My Team,Isabelle Wery,isabelle.wery@amexgbt.com,member,yes_member,17004606236,Isabelle Wery,yes,My Team,Lotta Agerfjord,lotta.agerfjord@amexgbt.com
CTS Tech FR,CWT CTS Tech FR,17000393524,My Team,Yvan David Delatour,yvandavid.delatour@amexgbt.com,member,yes_member,17004608685,Yvan David Delatour,yes,My Team,Lotta Agerfjord,lotta.agerfjord@amexgbt.com
CTS Tech FR,CWT CTS Tech FR,17000393524,My Team,Hichame Boudra,hichame.boudra@amexgbt.com,member,yes_member,17004611006,Hichame Boudra,yes,My Team,Lotta Agerfjord,lotta.agerfjord@amexgbt.com
CTS Tech FR,CWT CTS Tech FR,17000393524,My Team,David Bertocchi,david.bertocchi@amexgbt.com,member,yes_member,17004607659,David Bertocchi,yes,My Team,Lotta Agerfjord,lotta.agerfjord@amexgbt.com
CTS Tech FR,CWT CTS Tech FR,17000393524,My Team,Virginie Bertrand,virginie.bertrand@amexgbt.com,member,yes_member,17004607425,Virginie Bertrand,yes,My Team,Lotta Agerfjord,lotta.agerfjord@amexgbt.com
CTS Tech FR,CWT CTS Tech FR,17000393524,My Team,Rhoderick Alcantara,rhoderick.alcantara@amexgbt.com,member,yes_member,17004608673,Rhoderick Alcantara,yes,My Team,Lotta Agerfjord,lotta.agerfjord@amexgbt.com
CTS Tech FR,CWT CTS Tech FR,17000393524,My Team,HERMANN NDINWA KINANG,hermann.ndinwakinang@amexgbt.com,member,yes_member,17004608652,HERMANN NDINWA KINANG,yes,My Team,Lotta Agerfjord,lotta.agerfjord@amexgbt.com
CTS Tech FR,CWT CTS Tech FR,17000393524,My Team,Audrey Ridey,audrey.ridey@amexgbt.com,member,yes_member,17004607269,Audrey Ridey,yes,My Team,Lotta Agerfjord,lotta.agerfjord@amexgbt.com
CTS Tech FR,CWT CTS Tech FR,17000393524,My Team,Mélanie Jossin,melanie.jossin@amexgbt.com,member,yes_member,17004607707,Mélanie Jossin,yes,My Team,Lotta Agerfjord,lotta.agerfjord@amexgbt.com
CTS Tech FR,CWT CTS Tech FR,17000393524,My Team,Le Diem Huong Antoinette Tran,lediemhuongantoinette.tran@amexgbt.com,member,yes_member,17004607427,Le Diem Huong Antoinette Tran,yes,My Team,Lotta Agerfjord,lotta.agerfjord@amexgbt.com
CTS Tech FR,CWT CTS Tech FR,17000393524,My Team,Lotta Agerfjord,lotta.agerfjord@amexgbt.com,member,yes_member,17004608820,Lotta Agerfjord,yes,My Team,Lotta Agerfjord,lotta.agerfjord@amexgbt.com
CTS Tech FR,CWT CTS Tech FR,17000393524,My Team,Jennifer Jura,jennifer.jura@amexgbt.com,member,yes_member,17004607461,Jennifer Jura,yes,My Team,Lotta Agerfjord,lotta.agerfjord@amexgbt.com
CTS Tech IN,CWT CTS Tech IN,17000393525,My Team,Anthony Gurdiel,anthony.gurdiel@amexgbt.com,member,yes_member,17004608324,Anthony Gurdiel,yes,My Team,Charissa Andrea Vivero-Pesado,charissaandrea.vivero-pesado@amexgbt.com
CTS Tech IN,CWT CTS Tech IN,17000393525,My Team,Charissa Andrea Vivero-Pesado,charissaandrea.vivero-pesado@amexgbt.com,agent_not_found,no,,,,,Charissa Andrea Vivero-Pesado,charissaandrea.vivero-pesado@amexgbt.com
CTS Tech IN,CWT CTS Tech IN,17000393525,My Team,Regine Joyce De Leon,reginejoyce.deleon@amexgbt.com,member,yes_member,17005058351,Regine Joyce De Leon,yes,My Team,Charissa Andrea Vivero-Pesado,charissaandrea.vivero-pesado@amexgbt.com
CTS Tech IN,CWT CTS Tech IN,17000393525,My Team,Carren Nevado,carren.nevado@amexgbt.com,member,yes_member,17004608653,Carren Nevado,yes,My Team,Charissa Andrea Vivero-Pesado,charissaandrea.vivero-pesado@amexgbt.com
CTS Tech IN,CWT CTS Tech IN,17000393525,My Team,Julianito Sarvida,julianito.sarvida@amexgbt.com,member,yes_member,17004608660,Julianito Sarvida,yes,My Team,Charissa Andrea Vivero-Pesado,charissaandrea.vivero-pesado@amexgbt.com
CTS Tech IN,CWT CTS Tech IN,17000393525,My Team,Joy Ann ALMORADIE,joyann.almoradie@amexgbt.com,member,yes_member,17004608667,Joy Ann Almoradie,yes,My Team,Charissa Andrea Vivero-Pesado,charissaandrea.vivero-pesado@amexgbt.com
CTS Tech IN,CWT CTS Tech IN,17000393525,My Team,Christine Joy Valino,christinejoy.valino@amexgbt.com,member,yes_member,17004608666,Christine Joy Valino,yes,My Team,Charissa Andrea Vivero-Pesado,charissaandrea.vivero-pesado@amexgbt.com
CTS Tech IN,CWT CTS Tech IN,17000393525,My Team,Lotta Agerfjord,lotta.agerfjord@amexgbt.com,member,yes_member,17004608820,Lotta Agerfjord,yes,My Team,Charissa Andrea Vivero-Pesado,charissaandrea.vivero-pesado@amexgbt.com
CTS Tech IN,CWT CTS Tech IN,17000393525,My Team,Sarthak Baghel,sarthak.baghel@amexgbt.com,member,yes_member,17004604190,Sarthak Baghel,yes,My Team,Charissa Andrea Vivero-Pesado,charissaandrea.vivero-pesado@amexgbt.com
CTS Tech IN,CWT CTS Tech IN,17000393525,My Team,Carlo Martin Malihan,carlomartin.malihan@amexgbt.com,member,yes_member,17004608650,Carlo Martin Malihan,yes,My Team,Charissa Andrea Vivero-Pesado,charissaandrea.vivero-pesado@amexgbt.com
CTS Tech IN,CWT CTS Tech IN,17000393525,My Team,James Albert De Guzman,jamesalbert.deguzman@amexgbt.com,member,yes_member,17004608683,James Albert De Guzman,yes,My Team,Charissa Andrea Vivero-Pesado,charissaandrea.vivero-pesado@amexgbt.com
CTS Tech IN,CWT CTS Tech IN,17000393525,My Team,Ruth Marie Pernia,ruthmarie.pernia@amexgbt.com,member,yes_member,17004608656,Ruth Marie Pernia,yes,My Team,Charissa Andrea Vivero-Pesado,charissaandrea.vivero-pesado@amexgbt.com
CTS Tech IN,CWT CTS Tech IN,17000393525,My Team,BIANCA GOSE,bianca.gose@amexgbt.com,member,yes_member,17004608690,BIANCA GOSE,yes,My Team,Charissa Andrea Vivero-Pesado,charissaandrea.vivero-pesado@amexgbt.com
CTS Tech IN,CWT CTS Tech IN,17000393525,My Team,Jacob Aaron Esquivias,jacobaaron.esquivias@amexgbt.com,not_in_group,no,17004608688,Jacob Aaron Esquivias,yes,My Team,Charissa Andrea Vivero-Pesado,charissaandrea.vivero-pesado@amexgbt.com
CTS Tech IN,CWT CTS Tech IN,17000393525,My Team,Jan Lucas,jan.lucas@amexgbt.com,member,yes_member,17004608756,Jan Lucas,yes,My Team,Charissa Andrea Vivero-Pesado,charissaandrea.vivero-pesado@amexgbt.com
CTS Tech IN,CWT CTS Tech IN,17000393525,My Team,Kunal Sen Gupta,kunal.sengupta@amexgbt.com,member,yes_member,17004604421,Kunal Sen Gupta,yes,My Team,Charissa Andrea Vivero-Pesado,charissaandrea.vivero-pesado@amexgbt.com
CTS Tech IN,CWT CTS Tech IN,17000393525,My Team,Dennic Von Lorenzo,dennicvon.lorenzo@amexgbt.com,member,yes_member,17004608648,Dennic Von Lorenzo,yes,My Team,Charissa Andrea Vivero-Pesado,charissaandrea.vivero-pesado@amexgbt.com
CTS Tech IN,CWT CTS Tech IN,17000393525,My Team,Iris Perez,iris.perez@amexgbt.com,member,yes_member,17004608655,Iris Perez,yes,My Team,Charissa Andrea Vivero-Pesado,charissaandrea.vivero-pesado@amexgbt.com
CTS Tech IN,CWT CTS Tech IN,17000393525,My Team,Ledmour Labit,ledmour.labit@amexgbt.com,member,yes_member,17004608645,Ledmour Labit,yes,My Team,Charissa Andrea Vivero-Pesado,charissaandrea.vivero-pesado@amexgbt.com
CTS Tech IN,CWT CTS Tech IN,17000393525,My Team,Roed Albert Malicdem,roedalbert.malicdem@amexgbt.com,member,yes_member,17004608343,Roed Albert Malicdem,yes,My Team,Charissa Andrea Vivero-Pesado,charissaandrea.vivero-pesado@amexgbt.com
CTS Tech IN,CWT CTS Tech IN,17000393525,My Team,DAN MARCO STA TERESA,danmarco.stateresa@amexgbt.com,member,yes_member,17004608659,DAN MARCO STA TERESA,yes,My Team,Charissa Andrea Vivero-Pesado,charissaandrea.vivero-pesado@amexgbt.com
CTS Tech IN,CWT CTS Tech IN,17000393525,My Team,Nadine Abejo,nadine.abejo@amexgbt.com,member,yes_member,17004608672,Nadine Abejo,yes,My Team,Charissa Andrea Vivero-Pesado,charissaandrea.vivero-pesado@amexgbt.com
CTS Tech IN,CWT CTS Tech IN,17000393525,My Team,JON-JIE DE TORRES,jon-jie.detorres@amexgbt.com,member,yes_member,17004608684,JON-JIE DE TORRES,yes,My Team,Charissa Andrea Vivero-Pesado,charissaandrea.vivero-pesado@amexgbt.com
CTS Tech IT,CWT CTS Tech IT,17000393526,My Team,Andrea Marinale,andrea.marinale@amexgbt.com,member,yes_member,17004607898,Andrea Marinale,yes,My Team,Lotta Agerfjord,lotta.agerfjord@amexgbt.com
CTS Tech IT,CWT CTS Tech IT,17000393526,My Team,Luigina Giulietti,luigina.giulietti@amexgbt.com,member,yes_member,17004608063,Luigina Giulietti,yes,My Team,Lotta Agerfjord,lotta.agerfjord@amexgbt.com
CTS Tech IT,CWT CTS Tech IT,17000393526,My Team,Tommaso Giannelli,tommaso.giannelli@amexgbt.com,member,yes_member,17004608059,Tommaso Giannelli,yes,My Team,Lotta Agerfjord,lotta.agerfjord@amexgbt.com
CTS Tech IT,CWT CTS Tech IT,17000393526,My Team,Emanuela De Matteis,emanuela.dematteis@amexgbt.com,member,yes_member,17004608035,Emanuela De Matteis,yes,My Team,Lotta Agerfjord,lotta.agerfjord@amexgbt.com
CTS Tech IT,CWT CTS Tech IT,17000393526,My Team,Lotta Agerfjord,lotta.agerfjord@amexgbt.com,member,yes_member,17004608820,Lotta Agerfjord,yes,My Team,Lotta Agerfjord,lotta.agerfjord@amexgbt.com
CTS Tech IT,CWT CTS Tech IT,17000393526,My Team,Silvia Camerani,silvia.camerani@amexgbt.com,member,yes_member,17004608097,Silvia Camerani,yes,My Team,Lotta Agerfjord,lotta.agerfjord@amexgbt.com
CTS Tech LATAM,CWT CTS Tech LATAM,17000393527,My Team,Regine Joyce De Leon,reginejoyce.deleon@amexgbt.com,member,yes_member,17005058351,Regine Joyce De Leon,yes,My Team,Douglas Araujo,douglas.araujo@amexgbt.com
CTS Tech LATAM,CWT CTS Tech LATAM,17000393527,My Team,Wagner Barbosa Ferreira,wagner.barbosaferreira@amexgbt.com,member,yes_member,17004602569,Wagner Ferreira,yes,My Team,Douglas Araujo,douglas.araujo@amexgbt.com
CTS Tech LATAM,CWT CTS Tech LATAM,17000393527,My Team,Douglas Araujo,douglas.araujo@amexgbt.com,member,yes_member,17004602603,Douglas Araujo,yes,My Team,Douglas Araujo,douglas.araujo@amexgbt.com
CTS Tech LATAM,CWT CTS Tech LATAM,17000393527,My Team,LUIS ANTONIO BARRIENTOS,luisantonio.barrientos@amexgbt.com,member,yes_member,17004608677,LUIS ANTONIO BARRIENTOS,yes,My Team,Douglas Araujo,douglas.araujo@amexgbt.com
CTS Tech LATAM,CWT CTS Tech LATAM,17000393527,My Team,Thalys Rodrigues,thalys.rodrigues@amexgbt.com,member,yes_member,17004602388,Thalys Rodrigues,yes,My Team,Douglas Araujo,douglas.araujo@amexgbt.com
CTS Tech LATAM,CWT CTS Tech LATAM,17000393527,My Team,Mary Jennifer Sanchez,maryjennifer.sanchez@amexgbt.com,member,yes_member,17004608457,Mary Jennifer Sanchez,yes,My Team,Douglas Araujo,douglas.araujo@amexgbt.com
CTS Tech LATAM,CWT CTS Tech LATAM,17000393527,My Team,Charissa Andrea Vivero-Pesado,charissaandrea.vivero-pesado@amexgbt.com,agent_not_found,no,,,,,Douglas Araujo,douglas.araujo@amexgbt.com
CTS Tech NL,CWT CTS Tech NL,17000393528,My Team,Michaela Nrec Hersak,michaela.nrechersak@amexgbt.com,member,yes_member,17004608808,Michaela Nrec Hersak,yes,My Team,Lotta Agerfjord,lotta.agerfjord@amexgbt.com
CTS Tech NL,CWT CTS Tech NL,17000393528,My Team,Camilla Haglund,camilla.haglund@amexgbt.com,member,yes_member,17004608799,Camilla Haglund,yes,My Team,Lotta Agerfjord,lotta.agerfjord@amexgbt.com
CTS Tech NL,CWT CTS Tech NL,17000393528,My Team,HERMANN NDINWA KINANG,hermann.ndinwakinang@amexgbt.com,member,yes_member,17004608652,HERMANN NDINWA KINANG,yes,My Team,Lotta Agerfjord,lotta.agerfjord@amexgbt.com
CTS Tech NL,CWT CTS Tech NL,17000393528,My Team,Lotta Agerfjord,lotta.agerfjord@amexgbt.com,member,yes_member,17004608820,Lotta Agerfjord,yes,My Team,Lotta Agerfjord,lotta.agerfjord@amexgbt.com
CTS Tech NL,CWT CTS Tech NL,17000393528,My Team,Line Asha Sørensen,lineasha.soerensen@amexgbt.com,member,yes_member,17004610891,Line Asha Sørensen,yes,My Team,Lotta Agerfjord,lotta.agerfjord@amexgbt.com
CTS Tech NL,CWT CTS Tech NL,17000393528,My Team,Natalia Diaz Villalba,natalia.diazvillalba@amexgbt.com,member,yes_member,17004602019,Natalia Diaz Villalba,yes,My Team,Lotta Agerfjord,lotta.agerfjord@amexgbt.com
CTS Tech NL,CWT CTS Tech NL,17000393528,My Team,Magdalena Pataj,magdalena.pataj@amexgbt.com,member,yes_member,17004601607,Magdalena Pataj,yes,My Team,Lotta Agerfjord,lotta.agerfjord@amexgbt.com
CTS TECH PH,CWT CTS TECH PH,17000393529,My Team,Ma April Therese Barcelona,maapriltherese.barcelona@amexgbt.com,not_in_group,no,17004608409,Ma April Therese Barcelona,yes,My Team,Charissa Andrea Vivero-Pesado,charissaandrea.vivero-pesado@amexgbt.com
CTS TECH PH,CWT CTS TECH PH,17000393529,My Team,Roed Albert Malicdem,roedalbert.malicdem@amexgbt.com,member,yes_member,17004608343,Roed Albert Malicdem,yes,My Team,Charissa Andrea Vivero-Pesado,charissaandrea.vivero-pesado@amexgbt.com
CTS TECH PH,CWT CTS TECH PH,17000393529,My Team,Carlo Martin Malihan,carlomartin.malihan@amexgbt.com,member,yes_member,17004608650,Carlo Martin Malihan,yes,My Team,Charissa Andrea Vivero-Pesado,charissaandrea.vivero-pesado@amexgbt.com
CTS TECH PH,CWT CTS TECH PH,17000393529,My Team,Rachelle Ann Suarez,rachelleann.suarez@amexgbt.com,member,yes_member,17004608877,Rachelle Ann Suarez,yes,My Team,Charissa Andrea Vivero-Pesado,charissaandrea.vivero-pesado@amexgbt.com
CTS TECH PH,CWT CTS TECH PH,17000393529,My Team,Ledmour Labit,ledmour.labit@amexgbt.com,member,yes_member,17004608645,Ledmour Labit,yes,My Team,Charissa Andrea Vivero-Pesado,charissaandrea.vivero-pesado@amexgbt.com
CTS TECH PH,CWT CTS TECH PH,17000393529,My Team,Ria Rose Ragual,riarose.ragual@amexgbt.com,member,yes_member,17004608217,Ria Rose Ragual,yes,My Team,Charissa Andrea Vivero-Pesado,charissaandrea.vivero-pesado@amexgbt.com
CTS TECH PH,CWT CTS TECH PH,17000393529,My Team,DAN MARCO STA TERESA,danmarco.stateresa@amexgbt.com,member,yes_member,17004608659,DAN MARCO STA TERESA,yes,My Team,Charissa Andrea Vivero-Pesado,charissaandrea.vivero-pesado@amexgbt.com
CTS TECH PH,CWT CTS TECH PH,17000393529,My Team,HERMANN NDINWA KINANG,hermann.ndinwakinang@amexgbt.com,member,yes_member,17004608652,HERMANN NDINWA KINANG,yes,My Team,Charissa Andrea Vivero-Pesado,charissaandrea.vivero-pesado@amexgbt.com
CTS TECH PH,CWT CTS TECH PH,17000393529,My Team,Yvan David Delatour,yvandavid.delatour@amexgbt.com,member,yes_member,17004608685,Yvan David Delatour,yes,My Team,Charissa Andrea Vivero-Pesado,charissaandrea.vivero-pesado@amexgbt.com
CTS TECH PH,CWT CTS TECH PH,17000393529,My Team,Lotta Agerfjord,lotta.agerfjord@amexgbt.com,member,yes_member,17004608820,Lotta Agerfjord,yes,My Team,Charissa Andrea Vivero-Pesado,charissaandrea.vivero-pesado@amexgbt.com
CTS TECH PH,CWT CTS TECH PH,17000393529,My Team,James Albert De Guzman,jamesalbert.deguzman@amexgbt.com,member,yes_member,17004608683,James Albert De Guzman,yes,My Team,Charissa Andrea Vivero-Pesado,charissaandrea.vivero-pesado@amexgbt.com
CTS TECH PH,CWT CTS TECH PH,17000393529,My Team,Nadine Abejo,nadine.abejo@amexgbt.com,member,yes_member,17004608672,Nadine Abejo,yes,My Team,Charissa Andrea Vivero-Pesado,charissaandrea.vivero-pesado@amexgbt.com
CTS TECH PH,CWT CTS TECH PH,17000393529,My Team,Carren Nevado,carren.nevado@amexgbt.com,member,yes_member,17004608653,Carren Nevado,yes,My Team,Charissa Andrea Vivero-Pesado,charissaandrea.vivero-pesado@amexgbt.com
CTS TECH PH,CWT CTS TECH PH,17000393529,My Team,Anthony Gurdiel,anthony.gurdiel@amexgbt.com,member,yes_member,17004608324,Anthony Gurdiel,yes,My Team,Charissa Andrea Vivero-Pesado,charissaandrea.vivero-pesado@amexgbt.com
CTS TECH PH,CWT CTS TECH PH,17000393529,My Team,Sarthak Baghel,sarthak.baghel@amexgbt.com,member,yes_member,17004604190,Sarthak Baghel,yes,My Team,Charissa Andrea Vivero-Pesado,charissaandrea.vivero-pesado@amexgbt.com
CTS TECH PH,CWT CTS TECH PH,17000393529,My Team,Dennic Von Lorenzo,dennicvon.lorenzo@amexgbt.com,member,yes_member,17004608648,Dennic Von Lorenzo,yes,My Team,Charissa Andrea Vivero-Pesado,charissaandrea.vivero-pesado@amexgbt.com
CTS TECH PH,CWT CTS TECH PH,17000393529,My Team,Joy Ann ALMORADIE,joyann.almoradie@amexgbt.com,member,yes_member,17004608667,Joy Ann Almoradie,yes,My Team,Charissa Andrea Vivero-Pesado,charissaandrea.vivero-pesado@amexgbt.com
CTS TECH PH,CWT CTS TECH PH,17000393529,My Team,BIANCA GOSE,bianca.gose@amexgbt.com,member,yes_member,17004608690,BIANCA GOSE,yes,My Team,Charissa Andrea Vivero-Pesado,charissaandrea.vivero-pesado@amexgbt.com
CTS TECH PH,CWT CTS TECH PH,17000393529,My Team,Jan Lucas,jan.lucas@amexgbt.com,member,yes_member,17004608756,Jan Lucas,yes,My Team,Charissa Andrea Vivero-Pesado,charissaandrea.vivero-pesado@amexgbt.com
CTS TECH PH,CWT CTS TECH PH,17000393529,My Team,Maria Angelita De Leon,mariaangelita.deleon@amexgbt.com,member,yes_member,17004608367,Maria Angelita De Leon,yes,My Team,Charissa Andrea Vivero-Pesado,charissaandrea.vivero-pesado@amexgbt.com
CTS TECH PH,CWT CTS TECH PH,17000393529,My Team,Wilson Villanueva,wilson.villanueva@amexgbt.com,member,yes_member,17004608381,Wilson Villanueva,yes,My Team,Charissa Andrea Vivero-Pesado,charissaandrea.vivero-pesado@amexgbt.com
CTS TECH PH,CWT CTS TECH PH,17000393529,My Team,Julianito Sarvida,julianito.sarvida@amexgbt.com,member,yes_member,17004608660,Julianito Sarvida,yes,My Team,Charissa Andrea Vivero-Pesado,charissaandrea.vivero-pesado@amexgbt.com
CTS TECH PH,CWT CTS TECH PH,17000393529,My Team,Eileen Joy Soriao,eileenjoy.soriao@amexgbt.com,member,yes_member,17004608875,Eileen Joy Soriao,yes,My Team,Charissa Andrea Vivero-Pesado,charissaandrea.vivero-pesado@amexgbt.com
CTS TECH PH,CWT CTS TECH PH,17000393529,My Team,Laarnie Joy Catibog,laarniejoy.catibog@amexgbt.com,member,yes_member,17004608767,Laarnie Joy Catibog,yes,My Team,Charissa Andrea Vivero-Pesado,charissaandrea.vivero-pesado@amexgbt.com
CTS TECH PH,CWT CTS TECH PH,17000393529,My Team,Renz Almer Tolosa,renzalmer.tolosa@amexgbt.com,member,yes_member,17004608212,Renz Almer Tolosa,yes,My Team,Charissa Andrea Vivero-Pesado,charissaandrea.vivero-pesado@amexgbt.com
CTS TECH PH,CWT CTS TECH PH,17000393529,My Team,Charissa Andrea Vivero-Pesado,charissaandrea.vivero-pesado@amexgbt.com,agent_not_found,no,,,,,Charissa Andrea Vivero-Pesado,charissaandrea.vivero-pesado@amexgbt.com
CTS TECH PH,CWT CTS TECH PH,17000393529,My Team,John Michael Lacsi,johnmichael.lacsi@amexgbt.com,member,yes_member,17004608754,John Michael Lacsi,yes,My Team,Charissa Andrea Vivero-Pesado,charissaandrea.vivero-pesado@amexgbt.com
CTS TECH PH,CWT CTS TECH PH,17000393529,My Team,Regine Joyce De Leon,reginejoyce.deleon@amexgbt.com,member,yes_member,17005058351,Regine Joyce De Leon,yes,My Team,Charissa Andrea Vivero-Pesado,charissaandrea.vivero-pesado@amexgbt.com
CTS TECH PH,CWT CTS TECH PH,17000393529,My Team,JON-JIE DE TORRES,jon-jie.detorres@amexgbt.com,member,yes_member,17004608684,JON-JIE DE TORRES,yes,My Team,Charissa Andrea Vivero-Pesado,charissaandrea.vivero-pesado@amexgbt.com
CTS TECH PH,CWT CTS TECH PH,17000393529,My Team,Christine Joy Valino,christinejoy.valino@amexgbt.com,member,yes_member,17004608666,Christine Joy Valino,yes,My Team,Charissa Andrea Vivero-Pesado,charissaandrea.vivero-pesado@amexgbt.com
CTS TECH PH,CWT CTS TECH PH,17000393529,My Team,Jacob Aaron Esquivias,jacobaaron.esquivias@amexgbt.com,not_in_group,no,17004608688,Jacob Aaron Esquivias,yes,My Team,Charissa Andrea Vivero-Pesado,charissaandrea.vivero-pesado@amexgbt.com
CTS TECH PH,CWT CTS TECH PH,17000393529,My Team,Adderly Bangkil,adderly.bangkil@amexgbt.com,member,yes_member,17004608211,Adderly Bangkil,yes,My Team,Charissa Andrea Vivero-Pesado,charissaandrea.vivero-pesado@amexgbt.com
CTS TECH PH,CWT CTS TECH PH,17000393529,My Team,John Patrick Mozo,johnpatrick.mozo@amexgbt.com,member,yes_member,17004608692,John Patrick Mozo,yes,My Team,Charissa Andrea Vivero-Pesado,charissaandrea.vivero-pesado@amexgbt.com
CTS TECH PH,CWT CTS TECH PH,17000393529,My Team,Ruth Marie Pernia,ruthmarie.pernia@amexgbt.com,member,yes_member,17004608656,Ruth Marie Pernia,yes,My Team,Charissa Andrea Vivero-Pesado,charissaandrea.vivero-pesado@amexgbt.com
CTS TECH PH,CWT CTS TECH PH,17000393529,My Team,Rhoderick Alcantara,rhoderick.alcantara@amexgbt.com,member,yes_member,17004608673,Rhoderick Alcantara,yes,My Team,Charissa Andrea Vivero-Pesado,charissaandrea.vivero-pesado@amexgbt.com
CTS TECH PH,CWT CTS TECH PH,17000393529,My Team,Iris Perez,iris.perez@amexgbt.com,member,yes_member,17004608655,Iris Perez,yes,My Team,Charissa Andrea Vivero-Pesado,charissaandrea.vivero-pesado@amexgbt.com
CTS Tech SE,CWT CTS Tech SE,17000393530,My Team,Camilla Haglund,camilla.haglund@amexgbt.com,member,yes_member,17004608799,Camilla Haglund,yes,My Team,Lotta Agerfjord,lotta.agerfjord@amexgbt.com
CTS Tech SE,CWT CTS Tech SE,17000393530,My Team,Michaela Nrec Hersak,michaela.nrechersak@amexgbt.com,member,yes_member,17004608808,Michaela Nrec Hersak,yes,My Team,Lotta Agerfjord,lotta.agerfjord@amexgbt.com
CTS Tech SE,CWT CTS Tech SE,17000393530,My Team,Line Asha Sørensen,lineasha.soerensen@amexgbt.com,member,yes_member,17004610891,Line Asha Sørensen,yes,My Team,Lotta Agerfjord,lotta.agerfjord@amexgbt.com
CTS Tech SE,CWT CTS Tech SE,17000393530,My Team,Alice Halpern,alice.halpern@amexgbt.com,member,yes_member,17004610893,Alice Halpern,yes,My Team,Lotta Agerfjord,lotta.agerfjord@amexgbt.com
CTS Tech SE,CWT CTS Tech SE,17000393530,My Team,Marko Taavitsainen,marko.taavitsainen@amexgbt.com,member,yes_member,17004601090,Marko Taavitsainen,yes,My Team,Lotta Agerfjord,lotta.agerfjord@amexgbt.com
CTS Tech SE,CWT CTS Tech SE,17000393530,My Team,Lotta Agerfjord,lotta.agerfjord@amexgbt.com,member,yes_member,17004608820,Lotta Agerfjord,yes,My Team,Lotta Agerfjord,lotta.agerfjord@amexgbt.com
CTS Tech SE,CWT CTS Tech SE,17000393530,My Team,Yasemin Berghäll,yberghaell@mycwt.com,agent_not_found,no,,,,,Lotta Agerfjord,lotta.agerfjord@amexgbt.com
CTS Tech SE,CWT CTS Tech SE,17000393530,My Team,Magdalena Pataj,magdalena.pataj@amexgbt.com,member,yes_member,17004601607,Magdalena Pataj,yes,My Team,Lotta Agerfjord,lotta.agerfjord@amexgbt.com
CTS Tech SE,CWT CTS Tech SE,17000393530,My Team,Christina Van Overeem,christina.vanovereem@amexgbt.com,member,yes_member,17004610885,Christina Van Overeem,yes,My Team,Lotta Agerfjord,lotta.agerfjord@amexgbt.com
CTS Tech SE,CWT CTS Tech SE,17000393530,My Team,Tiina Almgren,tiina.almgren@amexgbt.com,member,yes_member,17004606150,Tiina Almgren,yes,My Team,Lotta Agerfjord,lotta.agerfjord@amexgbt.com
CTS TECH TOKENIZATION,CWT CTS TECH TOKENIZATION,17000393023,My Team,Tiina Almgren,tiina.almgren@amexgbt.com,member,yes_member,17004606150,Tiina Almgren,yes,My Team,Lotta Agerfjord,lotta.agerfjord@amexgbt.com
CTS TECH TOKENIZATION,CWT CTS TECH TOKENIZATION,17000393023,My Team,Line Asha Sørensen,lineasha.soerensen@amexgbt.com,member,yes_member,17004610891,Line Asha Sørensen,yes,My Team,Lotta Agerfjord,lotta.agerfjord@amexgbt.com
CTS TECH TOKENIZATION,CWT CTS TECH TOKENIZATION,17000393023,My Team,Yvan David Delatour,yvandavid.delatour@amexgbt.com,member,yes_member,17004608685,Yvan David Delatour,yes,My Team,Lotta Agerfjord,lotta.agerfjord@amexgbt.com
CTS TECH TOKENIZATION,CWT CTS TECH TOKENIZATION,17000393023,My Team,Lotta Agerfjord,lotta.agerfjord@amexgbt.com,member,yes_member,17004608820,Lotta Agerfjord,yes,My Team,Lotta Agerfjord,lotta.agerfjord@amexgbt.com
CTS Tech US Soil,CWT CTS Tech US Soil,17000393024,My Team,Amy Buckert,amy.buckert@amexgbt.com,member,yes_member,17004606954,Amy Buckert,yes,My Team,Claire Butterworth,claire.butterworth@amexgbt.com
CTS Tech US Soil,CWT CTS Tech US Soil,17000393024,My Team,Lotta Agerfjord,lotta.agerfjord@amexgbt.com,member,yes_member,17004608820,Lotta Agerfjord,yes,My Team,Claire Butterworth,claire.butterworth@amexgbt.com
CTS Urgent Care,CWT CTS Urgent Care,17000393025,My Team,Renz Almer Tolosa,renzalmer.tolosa@amexgbt.com,member,yes_member,17004608212,Renz Almer Tolosa,yes,My Team,Charissa Andrea Vivero-Pesado,charissaandrea.vivero-pesado@amexgbt.com
CTS Urgent Care,CWT CTS Urgent Care,17000393025,My Team,Jose Erwin Santos,joseerwin.santos@amexgbt.com,member,yes_member,17004608413,Jose Erwin Santos,yes,My Team,Charissa Andrea Vivero-Pesado,charissaandrea.vivero-pesado@amexgbt.com
CTS Urgent Care,CWT CTS Urgent Care,17000393025,My Team,Ker John Sacis,kerjohn.sacis@amexgbt.com,member,yes_member,17004608415,Ker John Sacis,yes,My Team,Charissa Andrea Vivero-Pesado,charissaandrea.vivero-pesado@amexgbt.com
CTS Urgent Care,CWT CTS Urgent Care,17000393025,My Team,Jacky Boy Pangandaman,jackyboy.pangandaman@amexgbt.com,member,yes_member,17004608397,Jacky Boy Pangandaman,yes,My Team,Charissa Andrea Vivero-Pesado,charissaandrea.vivero-pesado@amexgbt.com
CTS Urgent Care,CWT CTS Urgent Care,17000393025,My Team,Eileen Joy Soriao,eileenjoy.soriao@amexgbt.com,member,yes_member,17004608875,Eileen Joy Soriao,yes,My Team,Charissa Andrea Vivero-Pesado,charissaandrea.vivero-pesado@amexgbt.com
CTS Urgent Care,CWT CTS Urgent Care,17000393025,My Team,Lotta Agerfjord,lotta.agerfjord@amexgbt.com,member,yes_member,17004608820,Lotta Agerfjord,yes,My Team,Charissa Andrea Vivero-Pesado,charissaandrea.vivero-pesado@amexgbt.com
CTS Urgent Care,CWT CTS Urgent Care,17000393025,My Team,Ma April Therese Barcelona,maapriltherese.barcelona@amexgbt.com,member,yes_member,17004608409,Ma April Therese Barcelona,yes,My Team,Charissa Andrea Vivero-Pesado,charissaandrea.vivero-pesado@amexgbt.com
CTS Urgent Care,CWT CTS Urgent Care,17000393025,My Team,Alexter John Tupaz,alexterjohn.tupaz@amexgbt.com,member,yes_member,17004608550,Alexter John Tupaz,yes,My Team,Charissa Andrea Vivero-Pesado,charissaandrea.vivero-pesado@amexgbt.com
CTS Urgent Care,CWT CTS Urgent Care,17000393025,My Team,Jan Lucas,jan.lucas@amexgbt.com,member,yes_member,17004608756,Jan Lucas,yes,My Team,Charissa Andrea Vivero-Pesado,charissaandrea.vivero-pesado@amexgbt.com
Customer Care ACCENTURE FTS,CWT Customer Care ACCENTURE FTS,17000393026,My Team,Tracy Allred,tracy.allred@amexgbt.com,member,yes_member,17004603112,Tracy Allred,yes,My Team,Melanie Low,melanie.low@amexgbt.com
Customer Care ACCENTURE FTS,CWT Customer Care ACCENTURE FTS,17000393026,My Team,Tomasz Ciuba,tomasz.ciuba@amexgbt.com,member,yes_member,17004601232,Tomasz Ciuba,yes,My Team,Melanie Low,melanie.low@amexgbt.com
Customer Care ACCENTURE FTS,CWT Customer Care ACCENTURE FTS,17000393026,My Team,Theresa Mettes,theresa.mettes@amexgbt.com,member,yes_member,17004603313,Theresa Mettes,yes,My Team,Melanie Low,melanie.low@amexgbt.com
Customer Care ACCENTURE FTS,CWT Customer Care ACCENTURE FTS,17000393026,My Team,Monika Sikora,monika.sikora@amexgbt.com,member,yes_member,17004606700,Monika Sikora,yes,My Team,Melanie Low,melanie.low@amexgbt.com
Customer Care ACCENTURE FTS,CWT Customer Care ACCENTURE FTS,17000393026,My Team,Maria Dassinger,maria.dassinger@amexgbt.com,member,yes_member,17002465480,Maria Dassinger,yes,My Team,Melanie Low,melanie.low@amexgbt.com
Customer Care ACCENTURE FTS,CWT Customer Care ACCENTURE FTS,17000393026,My Team,Julia Stuedle,julia.stuedle@amexgbt.com,member,yes_member,17004605325,Julia Stuedle,yes,My Team,Melanie Low,melanie.low@amexgbt.com
Customer Care ACCENTURE FTS,CWT Customer Care ACCENTURE FTS,17000393026,My Team,Kim Vanderhei,kim.vanderhei@amexgbt.com,member,yes_member,17004604142,Kim Vanderhei,yes,My Team,Melanie Low,melanie.low@amexgbt.com
Customer Care ACCENTURE FTS,CWT Customer Care ACCENTURE FTS,17000393026,My Team,Kimberly Craig,kimberly.craig@amexgbt.com,member,yes_member,17004604839,Kimberly Craig,yes,My Team,Melanie Low,melanie.low@amexgbt.com
Customer Care ACCENTURE FTS,CWT Customer Care ACCENTURE FTS,17000393026,My Team,Mia Angelica Cayabyab,miaangelica.cayabyab@amexgbt.com,member,yes_member,17004608218,Mia Angelica Cayabyab,yes,My Team,Melanie Low,melanie.low@amexgbt.com
Customer Care ACCENTURE FTS,CWT Customer Care ACCENTURE FTS,17000393026,My Team,Francine Angela Daphne Alina,francineangeladaphne.alina@amexgbt.com,member,yes_member,17004608842,Francine Angela Daphne Alina,yes,My Team,Melanie Low,melanie.low@amexgbt.com
Customer Care ACCENTURE FTS,CWT Customer Care ACCENTURE FTS,17000393026,My Team,Majella Caryn Ann Tanglao,mcastellano@mycwt.com,agent_not_found,no,,,,,Melanie Low,melanie.low@amexgbt.com
Customer Care ACCENTURE FTS,CWT Customer Care ACCENTURE FTS,17000393026,My Team,Darlene Banista,darlene.banista@amexgbt.com,member,yes_member,17004608344,Darlene Banista,yes,My Team,Melanie Low,melanie.low@amexgbt.com
Customer Care ACCENTURE FTS,CWT Customer Care ACCENTURE FTS,17000393026,My Team,Valerie Lim,valerie.lim@amexgbt.com,member,yes_member,17004608386,Valerie Lim,yes,My Team,Melanie Low,melanie.low@amexgbt.com
Customer Care ACCENTURE FTS,CWT Customer Care ACCENTURE FTS,17000393026,My Team,Michelle Elkins,michelle.elkins@amexgbt.com,member,yes_member,17004603057,Michelle Elkins,yes,My Team,Melanie Low,melanie.low@amexgbt.com
Customer Care ACCENTURE FTS,CWT Customer Care ACCENTURE FTS,17000393026,My Team,Anna Wojnar,anna.wojnar@amexgbt.com,member,yes_member,17004601187,Anna Wojnar,yes,My Team,Melanie Low,melanie.low@amexgbt.com
Customer Care ACCENTURE FTS,CWT Customer Care ACCENTURE FTS,17000393026,My Team,Katarzyna Marszalek,katarzyna.marszalek@amexgbt.com,member,yes_member,17004606845,Katarzyna Marszalek,yes,My Team,Melanie Low,melanie.low@amexgbt.com
Customer Care ACCENTURE FTS,CWT Customer Care ACCENTURE FTS,17000393026,My Team,Agnieszka Janda,agnieszka.janda@amexgbt.com,member,yes_member,17004601262,Agnieszka Janda,yes,My Team,Melanie Low,melanie.low@amexgbt.com
Customer Care ACCENTURE FTS,CWT Customer Care ACCENTURE FTS,17000393026,My Team,Marta Bolek,marta.bolek@amexgbt.com,member,yes_member,17004634837,Marta Bolek,yes,My Team,Melanie Low,melanie.low@amexgbt.com
Customer Care ACCENTURE FTS,CWT Customer Care ACCENTURE FTS,17000393026,My Team,Katherine Teachout,katherine.teachout@amexgbt.com,not_in_group,no,17005058365,Katherine Teachout,yes,My Team,Melanie Low,melanie.low@amexgbt.com
Customer Care ACCENTURE FTS,CWT Customer Care ACCENTURE FTS,17000393026,My Team,Aneta Peszt,aneta.peszt@amexgbt.com,member,yes_member,17004601542,Aneta Peszt,yes,My Team,Melanie Low,melanie.low@amexgbt.com
Customer Care ACCENTURE FTS,CWT Customer Care ACCENTURE FTS,17000393026,My Team,Marea Clement,marea.clement@amexgbt.com,member,yes_member,17004602899,Marea Clement,yes,My Team,Melanie Low,melanie.low@amexgbt.com
Customer Care ACCENTURE FTS,CWT Customer Care ACCENTURE FTS,17000393026,My Team,Tomasz Maksinski,tomasz.maksinski@amexgbt.com,agent_not_found,no,,,,,Melanie Low,melanie.low@amexgbt.com
Customer Care APAC Global,CWT Customer Care APAC Global,17000393027,My Team,Stephanie Dinan,stephanie.dinan@amexgbt.com,not_in_group,no,17004634850,Stephanie Dinan,yes,My Team,Melanie Low,melanie.low@amexgbt.com
Customer Care APAC Global,CWT Customer Care APAC Global,17000393027,My Team,Darlene Banista,darlene.banista@amexgbt.com,member,yes_member,17004608344,Darlene Banista,yes,My Team,Melanie Low,melanie.low@amexgbt.com
Customer Care APAC Global,CWT Customer Care APAC Global,17000393027,My Team,Jonathan Joseph Gabiola,jonathanjoseph.gabiola@amexgbt.com,member,yes_member,17004608229,Jonathan Joseph Gabiola,yes,My Team,Melanie Low,melanie.low@amexgbt.com
Customer Care APAC Global,CWT Customer Care APAC Global,17000393027,My Team,Maria Edselyn Bernardino,mariaedselyn.bernardino@amexgbt.com,member,yes_member,17004608421,Maria Edselyn Bernardino,yes,My Team,Melanie Low,melanie.low@amexgbt.com
Customer Care APAC Global,CWT Customer Care APAC Global,17000393027,My Team,Mia Angelica Cayabyab,miaangelica.cayabyab@amexgbt.com,member,yes_member,17004608218,Mia Angelica Cayabyab,yes,My Team,Melanie Low,melanie.low@amexgbt.com
Customer Care APAC Global,CWT Customer Care APAC Global,17000393027,My Team,Valerie Lim,valerie.lim@amexgbt.com,member,yes_member,17004608386,Valerie Lim,yes,My Team,Melanie Low,melanie.low@amexgbt.com
Customer Care APAC Global,CWT Customer Care APAC Global,17000393027,My Team,Majella Caryn Ann Tanglao,mcastellano@mycwt.com,agent_not_found,no,,,,,Melanie Low,melanie.low@amexgbt.com
Customer Care APAC Global,CWT Customer Care APAC Global,17000393027,My Team,Francine Angela Daphne Alina,francineangeladaphne.alina@amexgbt.com,member,yes_member,17004608842,Francine Angela Daphne Alina,yes,My Team,Melanie Low,melanie.low@amexgbt.com
Customer Care APAC Global,CWT Customer Care APAC Global,17000393027,My Team,Melanie Low,melanie.low@amexgbt.com,member,yes_member,17004607091,Melanie Low,yes,My Team,Melanie Low,melanie.low@amexgbt.com
Customer Care APAC Global,CWT Customer Care APAC Global,17000393027,My Team,Wyner Tamayo,wyner.tamayo@amexgbt.com,member,yes_member,17004608341,Wyner Tamayo,yes,My Team,Melanie Low,melanie.low@amexgbt.com
Customer Care APAC Global,CWT Customer Care APAC Global,17000393027,My Team,Euguene Marie Ibera,euguenemarie.ibera@amexgbt.com,member,yes_member,17004608318,Euguene Marie Ibera,yes,My Team,Melanie Low,melanie.low@amexgbt.com
Customer Care APAC Shared,CWT Customer Care APAC Shared,17000393456,My Team,Darlene Banista,darlene.banista@amexgbt.com,member,yes_member,17004608344,Darlene Banista,yes,My Team,Melanie Low,melanie.low@amexgbt.com
Customer Care APAC Shared,CWT Customer Care APAC Shared,17000393456,My Team,Mia Angelica Cayabyab,miaangelica.cayabyab@amexgbt.com,member,yes_member,17004608218,Mia Angelica Cayabyab,yes,My Team,Melanie Low,melanie.low@amexgbt.com
Customer Care APAC Shared,CWT Customer Care APAC Shared,17000393456,My Team,Francine Angela Daphne Alina,francineangeladaphne.alina@amexgbt.com,member,yes_member,17004608842,Francine Angela Daphne Alina,yes,My Team,Melanie Low,melanie.low@amexgbt.com
Customer Care APAC Shared,CWT Customer Care APAC Shared,17000393456,My Team,Euguene Marie Ibera,euguenemarie.ibera@amexgbt.com,member,yes_member,17004608318,Euguene Marie Ibera,yes,My Team,Melanie Low,melanie.low@amexgbt.com
Customer Care APAC Shared,CWT Customer Care APAC Shared,17000393456,My Team,Wyner Tamayo,wyner.tamayo@amexgbt.com,member,yes_member,17004608341,Wyner Tamayo,yes,My Team,Melanie Low,melanie.low@amexgbt.com
Customer Care APAC Shared,CWT Customer Care APAC Shared,17000393456,My Team,Jonathan Joseph Gabiola,jonathanjoseph.gabiola@amexgbt.com,member,yes_member,17004608229,Jonathan Joseph Gabiola,yes,My Team,Melanie Low,melanie.low@amexgbt.com
Customer Care APAC Shared,CWT Customer Care APAC Shared,17000393456,My Team,Valerie Lim,valerie.lim@amexgbt.com,member,yes_member,17004608386,Valerie Lim,yes,My Team,Melanie Low,melanie.low@amexgbt.com
Customer Care APAC Shared,CWT Customer Care APAC Shared,17000393456,My Team,Maria Edselyn Bernardino,mariaedselyn.bernardino@amexgbt.com,member,yes_member,17004608421,Maria Edselyn Bernardino,yes,My Team,Melanie Low,melanie.low@amexgbt.com
Customer Care APAC Shared,CWT Customer Care APAC Shared,17000393456,My Team,Majella Caryn Ann Tanglao,mcastellano@mycwt.com,agent_not_found,no,,,,,Melanie Low,melanie.low@amexgbt.com
Customer Care BALTICS & MOROCCO,,,,Almudena Albertos Melero,almudena.albertosmelero@amexgbt.com,group_unmatched,no,,,,,Almudena Albertos Melero,almudena.albertosmelero@amexgbt.com
Customer Care BENELUX,CWT Customer Care BENELUX,17000393457,My Team,Antonia Korpela,antonia.korpela@amexgbt.com,not_in_group,no,17004606126,Antonia Korpela,yes,My Team,Almudena Albertos Melero,almudena.albertosmelero@amexgbt.com
Customer Care BENELUX,CWT Customer Care BENELUX,17000393457,My Team,Almudena Albertos Melero,almudena.albertosmelero@amexgbt.com,agent_not_found,no,,,,,Almudena Albertos Melero,almudena.albertosmelero@amexgbt.com
Customer Care BENELUX,CWT Customer Care BENELUX,17000393457,My Team,Piia Rajala,piia.rajala@amexgbt.com,member,yes_member,17004606152,Piia Rajala,yes,My Team,Almudena Albertos Melero,almudena.albertosmelero@amexgbt.com
Customer Care BENELUX,CWT Customer Care BENELUX,17000393457,My Team,Caroline Fransson,caroline.fransson1@amexgbt.com,member,yes_member,17004608865,Caroline Fransson,yes,My Team,Almudena Albertos Melero,almudena.albertosmelero@amexgbt.com
Customer Care BENELUX,CWT Customer Care BENELUX,17000393457,My Team,Karen Stephens,karen.stephens@amexgbt.com,member,yes_member,17004605775,Karen Stephens,yes,My Team,Almudena Albertos Melero,almudena.albertosmelero@amexgbt.com
Customer Care BENELUX,CWT Customer Care BENELUX,17000393457,My Team,Veronica Hernandez Roales-Nieto,veronica.hernandezroales-nieto@amexgbt.com,agent_not_found,no,,,,,Almudena Albertos Melero,almudena.albertosmelero@amexgbt.com
Customer Care BENELUX,CWT Customer Care BENELUX,17000393457,My Team,Amiina Neihum,amiina.neihum@amexgbt.com,member,yes_member,17004606121,Amiina Neihum,yes,My Team,Almudena Albertos Melero,almudena.albertosmelero@amexgbt.com
Customer Care BENELUX,CWT Customer Care BENELUX,17000393457,My Team,Valeria Cecinato,valeria.cecinato@amexgbt.com,member,yes_member,17004608120,Valeria Cecinato,yes,My Team,Almudena Albertos Melero,almudena.albertosmelero@amexgbt.com
Customer Care BENELUX,CWT Customer Care BENELUX,17000393457,My Team,Eric Vandensande,eric.vandensande@amexgbt.com,agent_not_found,no,,,,,Almudena Albertos Melero,almudena.albertosmelero@amexgbt.com
Customer Care BENELUX,CWT Customer Care BENELUX,17000393457,My Team,Julia Stuedle,julia.stuedle@amexgbt.com,member,yes_member,17004605325,Julia Stuedle,yes,My Team,Almudena Albertos Melero,almudena.albertosmelero@amexgbt.com
Customer Care BENELUX,CWT Customer Care BENELUX,17000393457,My Team,Barbara Cellamare,barbara.cellamare@amexgbt.com,member,yes_member,17004608110,Barbara Cellamare,yes,My Team,Almudena Albertos Melero,almudena.albertosmelero@amexgbt.com
Customer Care BENELUX,CWT Customer Care BENELUX,17000393457,My Team,Sebastián Silva,sebastian.silva@amexgbt.com,member,yes_member,17004602174,Sebastián Silva,yes,My Team,Almudena Albertos Melero,almudena.albertosmelero@amexgbt.com
Customer Care China,CWT Customer Care China,17000393458,My Team,Laura Lu,llu@mycwt.com,agent_not_found,no,,,,,Melanie Low,melanie.low@amexgbt.com
Customer Care China,CWT Customer Care China,17000393458,My Team,Almudena Albertos Melero,almudena.albertosmelero@amexgbt.com,agent_not_found,no,,,,,Melanie Low,melanie.low@amexgbt.com
Customer Care China,CWT Customer Care China,17000393458,My Team,Yanxia Niu,yniu@mycwt.com,agent_not_found,no,,,,,Melanie Low,melanie.low@amexgbt.com
Customer Care DACH,CWT Customer Care DACH,17000393459,My Team,Barbara Cellamare,barbara.cellamare@amexgbt.com,member,yes_member,17004608110,Barbara Cellamare,yes,My Team,Almudena Albertos Melero,almudena.albertosmelero@amexgbt.com
Customer Care DACH,CWT Customer Care DACH,17000393459,My Team,Antonia Korpela,antonia.korpela@amexgbt.com,not_in_group,no,17004606126,Antonia Korpela,yes,My Team,Almudena Albertos Melero,almudena.albertosmelero@amexgbt.com
Customer Care DACH,CWT Customer Care DACH,17000393459,My Team,Veronica Hernandez Roales-Nieto,veronica.hernandezroales-nieto@amexgbt.com,agent_not_found,no,,,,,Almudena Albertos Melero,almudena.albertosmelero@amexgbt.com
Customer Care DACH,CWT Customer Care DACH,17000393459,My Team,Caroline Fransson,caroline.fransson1@amexgbt.com,member,yes_member,17004608865,Caroline Fransson,yes,My Team,Almudena Albertos Melero,almudena.albertosmelero@amexgbt.com
Customer Care DACH,CWT Customer Care DACH,17000393459,My Team,Eric Vandensande,eric.vandensande@amexgbt.com,agent_not_found,no,,,,,Almudena Albertos Melero,almudena.albertosmelero@amexgbt.com
Customer Care DACH,CWT Customer Care DACH,17000393459,My Team,Valeria Cecinato,valeria.cecinato@amexgbt.com,member,yes_member,17004608120,Valeria Cecinato,yes,My Team,Almudena Albertos Melero,almudena.albertosmelero@amexgbt.com
Customer Care DACH,CWT Customer Care DACH,17000393459,My Team,Piia Rajala,piia.rajala@amexgbt.com,member,yes_member,17004606152,Piia Rajala,yes,My Team,Almudena Albertos Melero,almudena.albertosmelero@amexgbt.com
Customer Care DACH,CWT Customer Care DACH,17000393459,My Team,Sebastián Silva,sebastian.silva@amexgbt.com,member,yes_member,17004602174,Sebastián Silva,yes,My Team,Almudena Albertos Melero,almudena.albertosmelero@amexgbt.com
Customer Care DACH,CWT Customer Care DACH,17000393459,My Team,Amiina Neihum,amiina.neihum@amexgbt.com,member,yes_member,17004606121,Amiina Neihum,yes,My Team,Almudena Albertos Melero,almudena.albertosmelero@amexgbt.com
Customer Care DACH,CWT Customer Care DACH,17000393459,My Team,Karen Stephens,karen.stephens@amexgbt.com,member,yes_member,17004605775,Karen Stephens,yes,My Team,Almudena Albertos Melero,almudena.albertosmelero@amexgbt.com
Customer Care DACH,CWT Customer Care DACH,17000393459,My Team,Julia Stuedle,julia.stuedle@amexgbt.com,member,yes_member,17004605325,Julia Stuedle,yes,My Team,Almudena Albertos Melero,almudena.albertosmelero@amexgbt.com
Customer Care DACH,CWT Customer Care DACH,17000393459,My Team,Almudena Albertos Melero,almudena.albertosmelero@amexgbt.com,agent_not_found,no,,,,,Almudena Albertos Melero,almudena.albertosmelero@amexgbt.com
Customer Care FRANCE,CWT Customer Care FRANCE,17000393460,My Team,Guylaine Charlemagne,guylaine.charlemagne@amexgbt.com,member,yes_member,17004607516,Guylaine Charlemagne,yes,My Team,Almudena Albertos Melero,almudena.albertosmelero@amexgbt.com
Customer Care FRANCE,CWT Customer Care FRANCE,17000393460,My Team,Almudena Albertos Melero,almudena.albertosmelero@amexgbt.com,agent_not_found,no,,,,,Almudena Albertos Melero,almudena.albertosmelero@amexgbt.com
Customer Care FRANCE,CWT Customer Care FRANCE,17000393460,My Team,Christelle Dupont,christelle.dupont@amexgbt.com,member,yes_member,17004607404,Christelle Dupont,yes,My Team,Almudena Albertos Melero,almudena.albertosmelero@amexgbt.com
Customer Care FRANCE,CWT Customer Care FRANCE,17000393460,My Team,Laurence Goutte,laurence.goutte@amexgbt.com,member,yes_member,17004607500,Laurence Goutte,yes,My Team,Almudena Albertos Melero,almudena.albertosmelero@amexgbt.com
Customer Care FRANCE,CWT Customer Care FRANCE,17000393460,My Team,Fabienne Serdet,fabienne.serdet@amexgbt.com,member,yes_member,17004607430,Fabienne Serdet,yes,My Team,Almudena Albertos Melero,almudena.albertosmelero@amexgbt.com
Customer Care FRANCE,CWT Customer Care FRANCE,17000393460,My Team,Julie Wulveryck,julie.wulveryck@amexgbt.com,member,yes_member,17004607246,Julie Wulveryck,yes,My Team,Almudena Albertos Melero,almudena.albertosmelero@amexgbt.com
Customer Care FRANCE,CWT Customer Care FRANCE,17000393460,My Team,Julia Stuedle,julia.stuedle@amexgbt.com,member,yes_member,17004605325,Julia Stuedle,yes,My Team,Almudena Albertos Melero,almudena.albertosmelero@amexgbt.com
Customer Care FRANCE,CWT Customer Care FRANCE,17000393460,My Team,Veronica Hernandez Roales-Nieto,veronica.hernandezroales-nieto@amexgbt.com,agent_not_found,no,,,,,Almudena Albertos Melero,almudena.albertosmelero@amexgbt.com
Customer Care FRANCE,CWT Customer Care FRANCE,17000393460,My Team,Veronique Marcantei,veronique.marcantei@amexgbt.com,member,yes_member,17004607468,Veronique Marcantei,yes,My Team,Almudena Albertos Melero,almudena.albertosmelero@amexgbt.com
Customer Care FTS AMERICAS,CWT Customer Care FTS AMERICAS,17000393461,My Team,Aira Abella,aira.abella@amexgbt.com,member,yes_member,17004608891,Aira Abella,yes,My Team,Marea Clement,marea.clement@amexgbt.com
Customer Care FTS AMERICAS,CWT Customer Care FTS AMERICAS,17000393461,My Team,Melanie Low,melanie.low@amexgbt.com,member,yes_member,17004607091,Melanie Low,yes,My Team,Marea Clement,marea.clement@amexgbt.com
Customer Care FTS AMERICAS,CWT Customer Care FTS AMERICAS,17000393461,My Team,Maria Rodriguez,maria.rodriguez1@amexgbt.com,member,yes_member,17004606880,Maria Rodriguez,yes,My Team,Marea Clement,marea.clement@amexgbt.com
Customer Care FTS AMERICAS,CWT Customer Care FTS AMERICAS,17000393461,My Team,Tracy Allred,tracy.allred@amexgbt.com,member,yes_member,17004603112,Tracy Allred,yes,My Team,Marea Clement,marea.clement@amexgbt.com
Customer Care FTS AMERICAS,CWT Customer Care FTS AMERICAS,17000393461,My Team,Francine Angela Daphne Alina,francineangeladaphne.alina@amexgbt.com,member,yes_member,17004608842,Francine Angela Daphne Alina,yes,My Team,Marea Clement,marea.clement@amexgbt.com
Customer Care FTS AMERICAS,CWT Customer Care FTS AMERICAS,17000393461,My Team,Ronnel Montag,ronnel.montag@amexgbt.com,member,yes_member,17004608214,Ronnel Montag,yes,My Team,Marea Clement,marea.clement@amexgbt.com
Customer Care FTS AMERICAS,CWT Customer Care FTS AMERICAS,17000393461,My Team,Katherine Teachout,katherine.teachout@amexgbt.com,not_in_group,no,17005058365,Katherine Teachout,yes,My Team,Marea Clement,marea.clement@amexgbt.com
Customer Care FTS AMERICAS,CWT Customer Care FTS AMERICAS,17000393461,My Team,Jonathan Joseph Gabiola,jonathanjoseph.gabiola@amexgbt.com,member,yes_member,17004608229,Jonathan Joseph Gabiola,yes,My Team,Marea Clement,marea.clement@amexgbt.com
Customer Care FTS AMERICAS,CWT Customer Care FTS AMERICAS,17000393461,My Team,Maria Dassinger,maria.dassinger@amexgbt.com,member,yes_member,17002465480,Maria Dassinger,yes,My Team,Marea Clement,marea.clement@amexgbt.com
Customer Care FTS AMERICAS,CWT Customer Care FTS AMERICAS,17000393461,My Team,Kimberly Craig,kimberly.craig@amexgbt.com,member,yes_member,17004604839,Kimberly Craig,yes,My Team,Marea Clement,marea.clement@amexgbt.com
Customer Care FTS AMERICAS,CWT Customer Care FTS AMERICAS,17000393461,My Team,Euguene Marie Ibera,euguenemarie.ibera@amexgbt.com,member,yes_member,17004608318,Euguene Marie Ibera,yes,My Team,Marea Clement,marea.clement@amexgbt.com
Customer Care FTS AMERICAS,CWT Customer Care FTS AMERICAS,17000393461,My Team,Mia Angelica Cayabyab,miaangelica.cayabyab@amexgbt.com,member,yes_member,17004608218,Mia Angelica Cayabyab,yes,My Team,Marea Clement,marea.clement@amexgbt.com
Customer Care FTS AMERICAS,CWT Customer Care FTS AMERICAS,17000393461,My Team,Holly Budresky,holly.driver@amexgbt.com,member,yes_member,17004604791,Holly Budresky,yes,My Team,Marea Clement,marea.clement@amexgbt.com
Customer Care FTS AMERICAS,CWT Customer Care FTS AMERICAS,17000393461,My Team,Marta Bolek,marta.bolek@amexgbt.com,member,yes_member,17004634837,Marta Bolek,yes,My Team,Marea Clement,marea.clement@amexgbt.com
Customer Care FTS AMERICAS,CWT Customer Care FTS AMERICAS,17000393461,My Team,Majella Caryn Ann Tanglao,mcastellano@mycwt.com,agent_not_found,no,,,,,Marea Clement,marea.clement@amexgbt.com
Customer Care FTS AMERICAS,CWT Customer Care FTS AMERICAS,17000393461,My Team,Maria Edselyn Bernardino,mariaedselyn.bernardino@amexgbt.com,member,yes_member,17004608421,Maria Edselyn Bernardino,yes,My Team,Marea Clement,marea.clement@amexgbt.com
Customer Care FTS AMERICAS,CWT Customer Care FTS AMERICAS,17000393461,My Team,Michelle Elkins,michelle.elkins@amexgbt.com,member,yes_member,17004603057,Michelle Elkins,yes,My Team,Marea Clement,marea.clement@amexgbt.com
Customer Care FTS AMERICAS,CWT Customer Care FTS AMERICAS,17000393461,My Team,Joana Paula De Honor,joanapaula.dehonor@amexgbt.com,member,yes_member,17004608846,Joana Paula De Honor,yes,My Team,Marea Clement,marea.clement@amexgbt.com
Customer Care FTS AMERICAS,CWT Customer Care FTS AMERICAS,17000393461,My Team,Jose Calderon,jose.calderon@amexgbt.com,member,yes_member,17004606875,Jose Calderon,yes,My Team,Marea Clement,marea.clement@amexgbt.com
Customer Care FTS AMERICAS,CWT Customer Care FTS AMERICAS,17000393461,My Team,Wyner Tamayo,wyner.tamayo@amexgbt.com,member,yes_member,17004608341,Wyner Tamayo,yes,My Team,Marea Clement,marea.clement@amexgbt.com
Customer Care FTS AMERICAS,CWT Customer Care FTS AMERICAS,17000393461,My Team,Kim Vanderhei,kim.vanderhei@amexgbt.com,member,yes_member,17004604142,Kim Vanderhei,yes,My Team,Marea Clement,marea.clement@amexgbt.com
Customer Care FTS AMERICAS,CWT Customer Care FTS AMERICAS,17000393461,My Team,Marea Clement,marea.clement@amexgbt.com,member,yes_member,17004602899,Marea Clement,yes,My Team,Marea Clement,marea.clement@amexgbt.com
Customer Care FTS AMERICAS,CWT Customer Care FTS AMERICAS,17000393461,My Team,Theresa Mettes,theresa.mettes@amexgbt.com,member,yes_member,17004603313,Theresa Mettes,yes,My Team,Marea Clement,marea.clement@amexgbt.com
Customer Care FTS APAC,CWT Customer Care FTS APAC,17000393462,My Team,Darlene Banista,darlene.banista@amexgbt.com,member,yes_member,17004608344,Darlene Banista,yes,My Team,Melanie Low,melanie.low@amexgbt.com
Customer Care FTS APAC,CWT Customer Care FTS APAC,17000393462,My Team,Mia Angelica Cayabyab,miaangelica.cayabyab@amexgbt.com,member,yes_member,17004608218,Mia Angelica Cayabyab,yes,My Team,Melanie Low,melanie.low@amexgbt.com
Customer Care FTS APAC,CWT Customer Care FTS APAC,17000393462,My Team,Majella Caryn Ann Tanglao,mcastellano@mycwt.com,agent_not_found,no,,,,,Melanie Low,melanie.low@amexgbt.com
Customer Care FTS APAC,CWT Customer Care FTS APAC,17000393462,My Team,Valerie Lim,valerie.lim@amexgbt.com,member,yes_member,17004608386,Valerie Lim,yes,My Team,Melanie Low,melanie.low@amexgbt.com
Customer Care FTS APAC,CWT Customer Care FTS APAC,17000393462,My Team,Euguene Marie Ibera,euguenemarie.ibera@amexgbt.com,member,yes_member,17004608318,Euguene Marie Ibera,yes,My Team,Melanie Low,melanie.low@amexgbt.com
Customer Care FTS APAC,CWT Customer Care FTS APAC,17000393462,My Team,Jonathan Joseph Gabiola,jonathanjoseph.gabiola@amexgbt.com,member,yes_member,17004608229,Jonathan Joseph Gabiola,yes,My Team,Melanie Low,melanie.low@amexgbt.com
Customer Care FTS APAC,CWT Customer Care FTS APAC,17000393462,My Team,Wyner Tamayo,wyner.tamayo@amexgbt.com,member,yes_member,17004608341,Wyner Tamayo,yes,My Team,Melanie Low,melanie.low@amexgbt.com
Customer Care FTS APAC,CWT Customer Care FTS APAC,17000393462,My Team,Maria Edselyn Bernardino,mariaedselyn.bernardino@amexgbt.com,member,yes_member,17004608421,Maria Edselyn Bernardino,yes,My Team,Melanie Low,melanie.low@amexgbt.com
Customer Care FTS APAC,CWT Customer Care FTS APAC,17000393462,My Team,Francine Angela Daphne Alina,francineangeladaphne.alina@amexgbt.com,member,yes_member,17004608842,Francine Angela Daphne Alina,yes,My Team,Melanie Low,melanie.low@amexgbt.com
Customer Care FTS EMEA,CWT Customer Care FTS EMEA,17000393463,My Team,John Reiner Tesorero,johnreiner.tesorero@amexgbt.com,member,yes_member,17004608860,John Reiner Tesorero,yes,My Team,Richelyn Marcayda,richelyn.marcayda@amexgbt.com
Customer Care FTS EMEA,CWT Customer Care FTS EMEA,17000393463,My Team,Kerubin Top Manansala,kerubintop.manansala@amexgbt.com,member,yes_member,17004608852,Kerubin Top Manansala,yes,My Team,Richelyn Marcayda,richelyn.marcayda@amexgbt.com
Customer Care FTS EMEA,CWT Customer Care FTS EMEA,17000393463,My Team,Lorraine Andrea Hernandez,lorraineandrea.hernandez@amexgbt.com,not_in_group,no,17004608850,Lorraine Andrea Hernandez,yes,My Team,Richelyn Marcayda,richelyn.marcayda@amexgbt.com
Customer Care FTS EMEA,CWT Customer Care FTS EMEA,17000393463,My Team,Marimar Tablizo,marimar.seno@amexgbt.com,member,yes_member,17004608858,Marimar Tablizo,yes,My Team,Richelyn Marcayda,richelyn.marcayda@amexgbt.com
Customer Care FTS EMEA,CWT Customer Care FTS EMEA,17000393463,My Team,Alberto Gabinete,alberto.gabinete@amexgbt.com,member,yes_member,17004608849,Alberto Gabinete,yes,My Team,Richelyn Marcayda,richelyn.marcayda@amexgbt.com
Customer Care FTS EMEA,CWT Customer Care FTS EMEA,17000393463,My Team,Claudia Marie Mendoza,claudiamarie.mendoza@amexgbt.com,member,yes_member,17004608854,Claudia Marie Mendoza,yes,My Team,Richelyn Marcayda,richelyn.marcayda@amexgbt.com
Customer Care FTS EMEA,CWT Customer Care FTS EMEA,17000393463,My Team,John Irvin Caspillan,johnirvin.caspillan@amexgbt.com,member,yes_member,17004608890,John Irvin Caspillan,yes,My Team,Richelyn Marcayda,richelyn.marcayda@amexgbt.com
Customer Care FTS EMEA,CWT Customer Care FTS EMEA,17000393463,My Team,Lisette Javinal,lisette.javinal@amexgbt.com,member,yes_member,17004608330,Lisette Javinal,yes,My Team,Richelyn Marcayda,richelyn.marcayda@amexgbt.com
Customer Care FTS EMEA,CWT Customer Care FTS EMEA,17000393463,My Team,Ronnel Montag,ronnel.montag@amexgbt.com,member,yes_member,17004608214,Ronnel Montag,yes,My Team,Richelyn Marcayda,richelyn.marcayda@amexgbt.com
Customer Care FTS EMEA,CWT Customer Care FTS EMEA,17000393463,My Team,MARCIAL III FLOR,marcialiii.flor@amexgbt.com,member,yes_member,17004608847,MARCIAL III FLOR,yes,My Team,Richelyn Marcayda,richelyn.marcayda@amexgbt.com
Customer Care FTS EMEA,CWT Customer Care FTS EMEA,17000393463,My Team,Aira Abella,aira.abella@amexgbt.com,member,yes_member,17004608891,Aira Abella,yes,My Team,Richelyn Marcayda,richelyn.marcayda@amexgbt.com
Customer Care FTS EMEA,CWT Customer Care FTS EMEA,17000393463,My Team,Richelyn Marcayda,richelyn.marcayda@amexgbt.com,member,yes_member,17004608387,Richelyn Marcayda,yes,My Team,Richelyn Marcayda,richelyn.marcayda@amexgbt.com
Customer Care FTS EMEA,CWT Customer Care FTS EMEA,17000393463,My Team,Joana Paula De Honor,joanapaula.dehonor@amexgbt.com,member,yes_member,17004608846,Joana Paula De Honor,yes,My Team,Richelyn Marcayda,richelyn.marcayda@amexgbt.com
Customer Care ITALY,CWT Customer Care ITALY,17000393464,My Team,Antonia Korpela,antonia.korpela@amexgbt.com,not_in_group,no,17004606126,Antonia Korpela,yes,My Team,Almudena Albertos Melero,almudena.albertosmelero@amexgbt.com
Customer Care ITALY,CWT Customer Care ITALY,17000393464,My Team,Amiina Neihum,amiina.neihum@amexgbt.com,member,yes_member,17004606121,Amiina Neihum,yes,My Team,Almudena Albertos Melero,almudena.albertosmelero@amexgbt.com
Customer Care ITALY,CWT Customer Care ITALY,17000393464,My Team,Caroline Fransson,caroline.fransson1@amexgbt.com,member,yes_member,17004608865,Caroline Fransson,yes,My Team,Almudena Albertos Melero,almudena.albertosmelero@amexgbt.com
Customer Care ITALY,CWT Customer Care ITALY,17000393464,My Team,Julia Stuedle,julia.stuedle@amexgbt.com,member,yes_member,17004605325,Julia Stuedle,yes,My Team,Almudena Albertos Melero,almudena.albertosmelero@amexgbt.com
Customer Care ITALY,CWT Customer Care ITALY,17000393464,My Team,Piia Rajala,piia.rajala@amexgbt.com,member,yes_member,17004606152,Piia Rajala,yes,My Team,Almudena Albertos Melero,almudena.albertosmelero@amexgbt.com
Customer Care ITALY,CWT Customer Care ITALY,17000393464,My Team,Veronica Hernandez Roales-Nieto,veronica.hernandezroales-nieto@amexgbt.com,agent_not_found,no,,,,,Almudena Albertos Melero,almudena.albertosmelero@amexgbt.com
Customer Care ITALY,CWT Customer Care ITALY,17000393464,My Team,Barbara Cellamare,barbara.cellamare@amexgbt.com,member,yes_member,17004608110,Barbara Cellamare,yes,My Team,Almudena Albertos Melero,almudena.albertosmelero@amexgbt.com
Customer Care ITALY,CWT Customer Care ITALY,17000393464,My Team,Sebastián Silva,sebastian.silva@amexgbt.com,member,yes_member,17004602174,Sebastián Silva,yes,My Team,Almudena Albertos Melero,almudena.albertosmelero@amexgbt.com
Customer Care ITALY,CWT Customer Care ITALY,17000393464,My Team,Almudena Albertos Melero,almudena.albertosmelero@amexgbt.com,agent_not_found,no,,,,,Almudena Albertos Melero,almudena.albertosmelero@amexgbt.com
Customer Care ITALY,CWT Customer Care ITALY,17000393464,My Team,Valeria Cecinato,valeria.cecinato@amexgbt.com,member,yes_member,17004608120,Valeria Cecinato,yes,My Team,Almudena Albertos Melero,almudena.albertosmelero@amexgbt.com
Customer Care ITALY,CWT Customer Care ITALY,17000393464,My Team,Eric Vandensande,eric.vandensande@amexgbt.com,agent_not_found,no,,,,,Almudena Albertos Melero,almudena.albertosmelero@amexgbt.com
Customer Care ITALY,CWT Customer Care ITALY,17000393464,My Team,Karen Stephens,karen.stephens@amexgbt.com,member,yes_member,17004605775,Karen Stephens,yes,My Team,Almudena Albertos Melero,almudena.albertosmelero@amexgbt.com
Customer Care LATAM,CWT Customer Care LATAM,17000393465,My Team,M. Creu Alvarez Moreno,mcreu.alvarezmoreno@amexgbt.com,member,yes_member,17004601759,creu Alvarez Moreno,yes,My Team,Almudena Albertos Melero,almudena.albertosmelero@amexgbt.com
Customer Care LATAM,CWT Customer Care LATAM,17000393465,My Team,Clemencia Bello Ortiz,clemencia.belloortiz@amexgbt.com,member,yes_member,17004606304,Clemencia Bello Ortiz,yes,My Team,Almudena Albertos Melero,almudena.albertosmelero@amexgbt.com
Customer Care LATAM,CWT Customer Care LATAM,17000393465,My Team,Almudena Albertos Melero,almudena.albertosmelero@amexgbt.com,agent_not_found,no,,,,,Almudena Albertos Melero,almudena.albertosmelero@amexgbt.com
Customer Care LATAM,CWT Customer Care LATAM,17000393465,My Team,Veronica Hernandez Roales-Nieto,veronica.hernandezroales-nieto@amexgbt.com,agent_not_found,no,,,,,Almudena Albertos Melero,almudena.albertosmelero@amexgbt.com
Customer Care LATAM,CWT Customer Care LATAM,17000393465,My Team,Maria Angeles Rodriguez-Valdes Laseca,mrodriguezvaldes@mycwt.com,agent_not_found,no,,,,,Almudena Albertos Melero,almudena.albertosmelero@amexgbt.com
Customer Care LATAM,CWT Customer Care LATAM,17000393465,My Team,Julia Stuedle,julia.stuedle@amexgbt.com,member,yes_member,17004605325,Julia Stuedle,yes,My Team,Almudena Albertos Melero,almudena.albertosmelero@amexgbt.com
Customer Care LATAM,CWT Customer Care LATAM,17000393465,My Team,Carolina León,carolina.leon@amexgbt.com,member,yes_member,17004606333,Carolina León,yes,My Team,Almudena Albertos Melero,almudena.albertosmelero@amexgbt.com
Customer Care META Global,CWT Customer Care META Global,17000393466,My Team,Danell Tolbert,danell.tolbert@amexgbt.com,member,yes_member,17004606786,Danell Tolbert,yes,My Team,Marea Clement,marea.clement@amexgbt.com
Customer Care META Global,CWT Customer Care META Global,17000393466,My Team,Kimberly Craig,kimberly.craig@amexgbt.com,member,yes_member,17004604839,Kimberly Craig,yes,My Team,Marea Clement,marea.clement@amexgbt.com
Customer Care META Global,CWT Customer Care META Global,17000393466,My Team,Michelle Elkins,michelle.elkins@amexgbt.com,member,yes_member,17004603057,Michelle Elkins,yes,My Team,Marea Clement,marea.clement@amexgbt.com
Customer Care META Global,CWT Customer Care META Global,17000393466,My Team,Maria Dassinger,maria.dassinger@amexgbt.com,member,yes_member,17002465480,Maria Dassinger,yes,My Team,Marea Clement,marea.clement@amexgbt.com
Customer Care META Global,CWT Customer Care META Global,17000393466,My Team,Theresa Mettes,theresa.mettes@amexgbt.com,member,yes_member,17004603313,Theresa Mettes,yes,My Team,Marea Clement,marea.clement@amexgbt.com
Customer Care META Global,CWT Customer Care META Global,17000393466,My Team,Marta Bolek,marta.bolek@amexgbt.com,member,yes_member,17004634837,Marta Bolek,yes,My Team,Marea Clement,marea.clement@amexgbt.com
Customer Care META Global,CWT Customer Care META Global,17000393466,My Team,Monika Sikora,monika.sikora@amexgbt.com,member,yes_member,17004606700,Monika Sikora,yes,My Team,Marea Clement,marea.clement@amexgbt.com
Customer Care META Global,CWT Customer Care META Global,17000393466,My Team,Maria Rodriguez,maria.rodriguez1@amexgbt.com,member,yes_member,17004606880,Maria Rodriguez,yes,My Team,Marea Clement,marea.clement@amexgbt.com
Customer Care META Global,CWT Customer Care META Global,17000393466,My Team,Tomasz Maksinski,tomasz.maksinski@amexgbt.com,agent_not_found,no,,,,,Marea Clement,marea.clement@amexgbt.com
Customer Care META Global,CWT Customer Care META Global,17000393466,My Team,Tracy Allred,tracy.allred@amexgbt.com,member,yes_member,17004603112,Tracy Allred,yes,My Team,Marea Clement,marea.clement@amexgbt.com
Customer Care META Global,CWT Customer Care META Global,17000393466,My Team,Melanie Low,melanie.low@amexgbt.com,member,yes_member,17004607091,Melanie Low,yes,My Team,Marea Clement,marea.clement@amexgbt.com
Customer Care META Global,CWT Customer Care META Global,17000393466,My Team,Agnieszka Janda,agnieszka.janda@amexgbt.com,member,yes_member,17004601262,Agnieszka Janda,yes,My Team,Marea Clement,marea.clement@amexgbt.com
Customer Care META Global,CWT Customer Care META Global,17000393466,My Team,Katherine Teachout,katherine.teachout@amexgbt.com,not_in_group,no,17005058365,Katherine Teachout,yes,My Team,Marea Clement,marea.clement@amexgbt.com
Customer Care META Global,CWT Customer Care META Global,17000393466,My Team,Aneta Peszt,aneta.peszt@amexgbt.com,member,yes_member,17004601542,Aneta Peszt,yes,My Team,Marea Clement,marea.clement@amexgbt.com
Customer Care META Global,CWT Customer Care META Global,17000393466,My Team,Anna Wojnar,anna.wojnar@amexgbt.com,member,yes_member,17004601187,Anna Wojnar,yes,My Team,Marea Clement,marea.clement@amexgbt.com
Customer Care META Global,CWT Customer Care META Global,17000393466,My Team,Kim Vanderhei,kim.vanderhei@amexgbt.com,member,yes_member,17004604142,Kim Vanderhei,yes,My Team,Marea Clement,marea.clement@amexgbt.com
Customer Care META Global,CWT Customer Care META Global,17000393466,My Team,Katarzyna Marszalek,katarzyna.marszalek@amexgbt.com,member,yes_member,17004606845,Katarzyna Marszalek,yes,My Team,Marea Clement,marea.clement@amexgbt.com
Customer Care META Global,CWT Customer Care META Global,17000393466,My Team,Holly Budresky,holly.driver@amexgbt.com,member,yes_member,17004604791,Holly Budresky,yes,My Team,Marea Clement,marea.clement@amexgbt.com
Customer Care META Global,CWT Customer Care META Global,17000393466,My Team,Tomasz Ciuba,tomasz.ciuba@amexgbt.com,member,yes_member,17004601232,Tomasz Ciuba,yes,My Team,Marea Clement,marea.clement@amexgbt.com
Customer Care META Global,CWT Customer Care META Global,17000393466,My Team,Evelyn Salguero,evelyn.salguero@amexgbt.com,member,yes_member,17004606981,Evelyn Salguero,yes,My Team,Marea Clement,marea.clement@amexgbt.com
Customer Care META Global,CWT Customer Care META Global,17000393466,My Team,Marea Clement,marea.clement@amexgbt.com,member,yes_member,17004602899,Marea Clement,yes,My Team,Marea Clement,marea.clement@amexgbt.com
Customer Care META Global,CWT Customer Care META Global,17000393466,My Team,Jose Calderon,jose.calderon@amexgbt.com,member,yes_member,17004606875,Jose Calderon,yes,My Team,Marea Clement,marea.clement@amexgbt.com
Customer Care NORAM Shared,CWT Customer Care NORAM Shared,17000393467,My Team,Michelle Elkins,michelle.elkins@amexgbt.com,member,yes_member,17004603057,Michelle Elkins,yes,My Team,Marea Clement,marea.clement@amexgbt.com
Customer Care NORAM Shared,CWT Customer Care NORAM Shared,17000393467,My Team,Maria Rodriguez,maria.rodriguez1@amexgbt.com,member,yes_member,17004606880,Maria Rodriguez,yes,My Team,Marea Clement,marea.clement@amexgbt.com
Customer Care NORAM Shared,CWT Customer Care NORAM Shared,17000393467,My Team,Maria Edselyn Bernardino,mariaedselyn.bernardino@amexgbt.com,member,yes_member,17004608421,Maria Edselyn Bernardino,yes,My Team,Marea Clement,marea.clement@amexgbt.com
Customer Care NORAM Shared,CWT Customer Care NORAM Shared,17000393467,My Team,M. Creu Alvarez Moreno,mcreu.alvarezmoreno@amexgbt.com,member,yes_member,17004601759,creu Alvarez Moreno,yes,My Team,Marea Clement,marea.clement@amexgbt.com
Customer Care NORAM Shared,CWT Customer Care NORAM Shared,17000393467,My Team,Kimberly Craig,kimberly.craig@amexgbt.com,member,yes_member,17004604839,Kimberly Craig,yes,My Team,Marea Clement,marea.clement@amexgbt.com
Customer Care NORAM Shared,CWT Customer Care NORAM Shared,17000393467,My Team,Holly Budresky,holly.driver@amexgbt.com,member,yes_member,17004604791,Holly Budresky,yes,My Team,Marea Clement,marea.clement@amexgbt.com
Customer Care NORAM Shared,CWT Customer Care NORAM Shared,17000393467,My Team,Katherine Teachout,katherine.teachout@amexgbt.com,not_in_group,no,17005058365,Katherine Teachout,yes,My Team,Marea Clement,marea.clement@amexgbt.com
Customer Care NORAM Shared,CWT Customer Care NORAM Shared,17000393467,My Team,Amiina Neihum,amiina.neihum@amexgbt.com,member,yes_member,17004606121,Amiina Neihum,yes,My Team,Marea Clement,marea.clement@amexgbt.com
Customer Care NORAM Shared,CWT Customer Care NORAM Shared,17000393467,My Team,Karen Stephens,karen.stephens@amexgbt.com,member,yes_member,17004605775,Karen Stephens,yes,My Team,Marea Clement,marea.clement@amexgbt.com
Customer Care NORAM Shared,CWT Customer Care NORAM Shared,17000393467,My Team,Theresa Mettes,theresa.mettes@amexgbt.com,member,yes_member,17004603313,Theresa Mettes,yes,My Team,Marea Clement,marea.clement@amexgbt.com
Customer Care NORAM Shared,CWT Customer Care NORAM Shared,17000393467,My Team,Maria Dassinger,maria.dassinger@amexgbt.com,member,yes_member,17002465480,Maria Dassinger,yes,My Team,Marea Clement,marea.clement@amexgbt.com
Customer Care NORAM Shared,CWT Customer Care NORAM Shared,17000393467,My Team,Wyner Tamayo,wyner.tamayo@amexgbt.com,member,yes_member,17004608341,Wyner Tamayo,yes,My Team,Marea Clement,marea.clement@amexgbt.com
Customer Care NORAM Shared,CWT Customer Care NORAM Shared,17000393467,My Team,Barbara Cellamare,barbara.cellamare@amexgbt.com,member,yes_member,17004608110,Barbara Cellamare,yes,My Team,Marea Clement,marea.clement@amexgbt.com
Customer Care NORAM Shared,CWT Customer Care NORAM Shared,17000393467,My Team,Clemencia Bello Ortiz,clemencia.belloortiz@amexgbt.com,member,yes_member,17004606304,Clemencia Bello Ortiz,yes,My Team,Marea Clement,marea.clement@amexgbt.com
Customer Care NORAM Shared,CWT Customer Care NORAM Shared,17000393467,My Team,Piia Rajala,piia.rajala@amexgbt.com,member,yes_member,17004606152,Piia Rajala,yes,My Team,Marea Clement,marea.clement@amexgbt.com
Customer Care NORAM Shared,CWT Customer Care NORAM Shared,17000393467,My Team,Sebastián Silva,sebastian.silva@amexgbt.com,member,yes_member,17004602174,Sebastián Silva,yes,My Team,Marea Clement,marea.clement@amexgbt.com
Customer Care NORAM Shared,CWT Customer Care NORAM Shared,17000393467,My Team,Veronica Hernandez Roales-Nieto,veronica.hernandezroales-nieto@amexgbt.com,agent_not_found,no,,,,,Marea Clement,marea.clement@amexgbt.com
Customer Care NORAM Shared,CWT Customer Care NORAM Shared,17000393467,My Team,Valeria Cecinato,valeria.cecinato@amexgbt.com,member,yes_member,17004608120,Valeria Cecinato,yes,My Team,Marea Clement,marea.clement@amexgbt.com
Customer Care NORAM Shared,CWT Customer Care NORAM Shared,17000393467,My Team,Kim Vanderhei,kim.vanderhei@amexgbt.com,member,yes_member,17004604142,Kim Vanderhei,yes,My Team,Marea Clement,marea.clement@amexgbt.com
Customer Care NORAM Shared,CWT Customer Care NORAM Shared,17000393467,My Team,Marea Clement,marea.clement@amexgbt.com,member,yes_member,17004602899,Marea Clement,yes,My Team,Marea Clement,marea.clement@amexgbt.com
Customer Care NORAM Shared,CWT Customer Care NORAM Shared,17000393467,My Team,Darlene Banista,darlene.banista@amexgbt.com,member,yes_member,17004608344,Darlene Banista,yes,My Team,Marea Clement,marea.clement@amexgbt.com
Customer Care NORAM Shared,CWT Customer Care NORAM Shared,17000393467,My Team,Stephanie Dinan,stephanie.dinan@amexgbt.com,not_in_group,no,17004634850,Stephanie Dinan,yes,My Team,Marea Clement,marea.clement@amexgbt.com
Customer Care NORAM Shared,CWT Customer Care NORAM Shared,17000393467,My Team,Jonathan Joseph Gabiola,jonathanjoseph.gabiola@amexgbt.com,member,yes_member,17004608229,Jonathan Joseph Gabiola,yes,My Team,Marea Clement,marea.clement@amexgbt.com
Customer Care NORAM Shared,CWT Customer Care NORAM Shared,17000393467,My Team,Tracy Allred,tracy.allred@amexgbt.com,member,yes_member,17004603112,Tracy Allred,yes,My Team,Marea Clement,marea.clement@amexgbt.com
Customer Care NORAM Shared,CWT Customer Care NORAM Shared,17000393467,My Team,Carolina León,carolina.leon@amexgbt.com,member,yes_member,17004606333,Carolina León,yes,My Team,Marea Clement,marea.clement@amexgbt.com
Customer Care NORAM Shared,CWT Customer Care NORAM Shared,17000393467,My Team,Marta Bolek,marta.bolek@amexgbt.com,member,yes_member,17004634837,Marta Bolek,yes,My Team,Marea Clement,marea.clement@amexgbt.com
Customer Care NORAM Shared,CWT Customer Care NORAM Shared,17000393467,My Team,Julia Stuedle,julia.stuedle@amexgbt.com,member,yes_member,17004605325,Julia Stuedle,yes,My Team,Marea Clement,marea.clement@amexgbt.com
Customer Care NORAM Shared,CWT Customer Care NORAM Shared,17000393467,My Team,Maria Angeles Rodriguez-Valdes Laseca,mrodriguezvaldes@mycwt.com,agent_not_found,no,,,,,Marea Clement,marea.clement@amexgbt.com
Customer Care NORAM Shared,CWT Customer Care NORAM Shared,17000393467,My Team,Almudena Albertos Melero,almudena.albertosmelero@amexgbt.com,agent_not_found,no,,,,,Marea Clement,marea.clement@amexgbt.com
Customer Care NORAM Shared,CWT Customer Care NORAM Shared,17000393467,My Team,Jose Calderon,jose.calderon@amexgbt.com,member,yes_member,17004606875,Jose Calderon,yes,My Team,Marea Clement,marea.clement@amexgbt.com
Customer Care NORAM Shared,CWT Customer Care NORAM Shared,17000393467,My Team,Euguene Marie Ibera,euguenemarie.ibera@amexgbt.com,member,yes_member,17004608318,Euguene Marie Ibera,yes,My Team,Marea Clement,marea.clement@amexgbt.com
Customer Care NORDICS,CWT Customer Care NORDICS,17000393449,My Team,Caroline Fransson,caroline.fransson1@amexgbt.com,member,yes_member,17004608865,Caroline Fransson,yes,My Team,Almudena Albertos Melero,almudena.albertosmelero@amexgbt.com
Customer Care NORDICS,CWT Customer Care NORDICS,17000393449,My Team,Amiina Neihum,amiina.neihum@amexgbt.com,member,yes_member,17004606121,Amiina Neihum,yes,My Team,Almudena Albertos Melero,almudena.albertosmelero@amexgbt.com
Customer Care NORDICS,CWT Customer Care NORDICS,17000393449,My Team,Piia Rajala,piia.rajala@amexgbt.com,member,yes_member,17004606152,Piia Rajala,yes,My Team,Almudena Albertos Melero,almudena.albertosmelero@amexgbt.com
Customer Care NORDICS,CWT Customer Care NORDICS,17000393449,My Team,Veronica Hernandez Roales-Nieto,veronica.hernandezroales-nieto@amexgbt.com,agent_not_found,no,,,,,Almudena Albertos Melero,almudena.albertosmelero@amexgbt.com
Customer Care NORDICS,CWT Customer Care NORDICS,17000393449,My Team,Barbara Cellamare,barbara.cellamare@amexgbt.com,member,yes_member,17004608110,Barbara Cellamare,yes,My Team,Almudena Albertos Melero,almudena.albertosmelero@amexgbt.com
Customer Care NORDICS,CWT Customer Care NORDICS,17000393449,My Team,Julia Stuedle,julia.stuedle@amexgbt.com,member,yes_member,17004605325,Julia Stuedle,yes,My Team,Almudena Albertos Melero,almudena.albertosmelero@amexgbt.com
Customer Care NORDICS,CWT Customer Care NORDICS,17000393449,My Team,Eric Vandensande,eric.vandensande@amexgbt.com,agent_not_found,no,,,,,Almudena Albertos Melero,almudena.albertosmelero@amexgbt.com
Customer Care NORDICS,CWT Customer Care NORDICS,17000393449,My Team,Antonia Korpela,antonia.korpela@amexgbt.com,not_in_group,no,17004606126,Antonia Korpela,yes,My Team,Almudena Albertos Melero,almudena.albertosmelero@amexgbt.com
Customer Care NORDICS,CWT Customer Care NORDICS,17000393449,My Team,Sebastián Silva,sebastian.silva@amexgbt.com,member,yes_member,17004602174,Sebastián Silva,yes,My Team,Almudena Albertos Melero,almudena.albertosmelero@amexgbt.com
Customer Care NORDICS,CWT Customer Care NORDICS,17000393449,My Team,Almudena Albertos Melero,almudena.albertosmelero@amexgbt.com,agent_not_found,no,,,,,Almudena Albertos Melero,almudena.albertosmelero@amexgbt.com
Customer Care NORDICS,CWT Customer Care NORDICS,17000393449,My Team,Karen Stephens,karen.stephens@amexgbt.com,member,yes_member,17004605775,Karen Stephens,yes,My Team,Almudena Albertos Melero,almudena.albertosmelero@amexgbt.com
Customer Care NORDICS,CWT Customer Care NORDICS,17000393449,My Team,Valeria Cecinato,valeria.cecinato@amexgbt.com,member,yes_member,17004608120,Valeria Cecinato,yes,My Team,Almudena Albertos Melero,almudena.albertosmelero@amexgbt.com
Customer Care PL GSC Shared,CWT Customer Care PL GSC Shared,17000393450,My Team,Alberto Gabinete,alberto.gabinete@amexgbt.com,member,yes_member,17004608849,Alberto Gabinete,yes,My Team,Richelyn Marcayda,richelyn.marcayda@amexgbt.com
Customer Care PL GSC Shared,CWT Customer Care PL GSC Shared,17000393450,My Team,Claudia Marie Mendoza,claudiamarie.mendoza@amexgbt.com,member,yes_member,17004608854,Claudia Marie Mendoza,yes,My Team,Richelyn Marcayda,richelyn.marcayda@amexgbt.com
Customer Care PL GSC Shared,CWT Customer Care PL GSC Shared,17000393450,My Team,John Reiner Tesorero,johnreiner.tesorero@amexgbt.com,member,yes_member,17004608860,John Reiner Tesorero,yes,My Team,Richelyn Marcayda,richelyn.marcayda@amexgbt.com
Customer Care PL GSC Shared,CWT Customer Care PL GSC Shared,17000393450,My Team,Lorraine Andrea Hernandez,lorraineandrea.hernandez@amexgbt.com,not_in_group,no,17004608850,Lorraine Andrea Hernandez,yes,My Team,Richelyn Marcayda,richelyn.marcayda@amexgbt.com
Customer Care PL GSC Shared,CWT Customer Care PL GSC Shared,17000393450,My Team,John Irvin Caspillan,johnirvin.caspillan@amexgbt.com,member,yes_member,17004608890,John Irvin Caspillan,yes,My Team,Richelyn Marcayda,richelyn.marcayda@amexgbt.com
Customer Care PL GSC Shared,CWT Customer Care PL GSC Shared,17000393450,My Team,Aira Abella,aira.abella@amexgbt.com,member,yes_member,17004608891,Aira Abella,yes,My Team,Richelyn Marcayda,richelyn.marcayda@amexgbt.com
Customer Care PL GSC Shared,CWT Customer Care PL GSC Shared,17000393450,My Team,Kerubin Top Manansala,kerubintop.manansala@amexgbt.com,member,yes_member,17004608852,Kerubin Top Manansala,yes,My Team,Richelyn Marcayda,richelyn.marcayda@amexgbt.com
Customer Care PL GSC Shared,CWT Customer Care PL GSC Shared,17000393450,My Team,MARCIAL III FLOR,marcialiii.flor@amexgbt.com,member,yes_member,17004608847,MARCIAL III FLOR,yes,My Team,Richelyn Marcayda,richelyn.marcayda@amexgbt.com
Customer Care PL GSC Shared,CWT Customer Care PL GSC Shared,17000393450,My Team,Ronnel Montag,ronnel.montag@amexgbt.com,member,yes_member,17004608214,Ronnel Montag,yes,My Team,Richelyn Marcayda,richelyn.marcayda@amexgbt.com
Customer Care PL GSC Shared,CWT Customer Care PL GSC Shared,17000393450,My Team,Lisette Javinal,lisette.javinal@amexgbt.com,member,yes_member,17004608330,Lisette Javinal,yes,My Team,Richelyn Marcayda,richelyn.marcayda@amexgbt.com
Customer Care PL GSC Shared,CWT Customer Care PL GSC Shared,17000393450,My Team,Joana Paula De Honor,joanapaula.dehonor@amexgbt.com,member,yes_member,17004608846,Joana Paula De Honor,yes,My Team,Richelyn Marcayda,richelyn.marcayda@amexgbt.com
Customer Care PL GSC Shared,CWT Customer Care PL GSC Shared,17000393450,My Team,Richelyn Marcayda,richelyn.marcayda@amexgbt.com,member,yes_member,17004608387,Richelyn Marcayda,yes,My Team,Richelyn Marcayda,richelyn.marcayda@amexgbt.com
Customer Care PL GSC Shared,CWT Customer Care PL GSC Shared,17000393450,My Team,Marimar Tablizo,marimar.seno@amexgbt.com,member,yes_member,17004608858,Marimar Tablizo,yes,My Team,Richelyn Marcayda,richelyn.marcayda@amexgbt.com
Customer Care SPAIN,CWT Customer Care SPAIN,17000393451,My Team,M. Creu Alvarez Moreno,mcreu.alvarezmoreno@amexgbt.com,member,yes_member,17004601759,creu Alvarez Moreno,yes,My Team,Almudena Albertos Melero,almudena.albertosmelero@amexgbt.com
Customer Care SPAIN,CWT Customer Care SPAIN,17000393451,My Team,Melanie Low,melanie.low@amexgbt.com,member,yes_member,17004607091,Melanie Low,yes,My Team,Almudena Albertos Melero,almudena.albertosmelero@amexgbt.com
Customer Care SPAIN,CWT Customer Care SPAIN,17000393451,My Team,Maria Angeles Rodriguez-Valdes Laseca,mrodriguezvaldes@mycwt.com,agent_not_found,no,,,,,Almudena Albertos Melero,almudena.albertosmelero@amexgbt.com
Customer Care SPAIN,CWT Customer Care SPAIN,17000393451,My Team,Sebastián Silva,sebastian.silva@amexgbt.com,member,yes_member,17004602174,Sebastián Silva,yes,My Team,Almudena Albertos Melero,almudena.albertosmelero@amexgbt.com
Customer Care SPAIN,CWT Customer Care SPAIN,17000393451,My Team,Amiina Neihum,amiina.neihum@amexgbt.com,member,yes_member,17004606121,Amiina Neihum,yes,My Team,Almudena Albertos Melero,almudena.albertosmelero@amexgbt.com
Customer Care SPAIN,CWT Customer Care SPAIN,17000393451,My Team,Piia Rajala,piia.rajala@amexgbt.com,member,yes_member,17004606152,Piia Rajala,yes,My Team,Almudena Albertos Melero,almudena.albertosmelero@amexgbt.com
Customer Care SPAIN,CWT Customer Care SPAIN,17000393451,My Team,Clemencia Bello Ortiz,clemencia.belloortiz@amexgbt.com,member,yes_member,17004606304,Clemencia Bello Ortiz,yes,My Team,Almudena Albertos Melero,almudena.albertosmelero@amexgbt.com
Customer Care SPAIN,CWT Customer Care SPAIN,17000393451,My Team,Almudena Albertos Melero,almudena.albertosmelero@amexgbt.com,agent_not_found,no,,,,,Almudena Albertos Melero,almudena.albertosmelero@amexgbt.com
Customer Care SPAIN,CWT Customer Care SPAIN,17000393451,My Team,Julia Stuedle,julia.stuedle@amexgbt.com,member,yes_member,17004605325,Julia Stuedle,yes,My Team,Almudena Albertos Melero,almudena.albertosmelero@amexgbt.com
Customer Care SPAIN,CWT Customer Care SPAIN,17000393451,My Team,Veronica Hernandez Roales-Nieto,veronica.hernandezroales-nieto@amexgbt.com,agent_not_found,no,,,,,Almudena Albertos Melero,almudena.albertosmelero@amexgbt.com
Customer Care SPAIN,CWT Customer Care SPAIN,17000393451,My Team,Barbara Cellamare,barbara.cellamare@amexgbt.com,member,yes_member,17004608110,Barbara Cellamare,yes,My Team,Almudena Albertos Melero,almudena.albertosmelero@amexgbt.com
Customer Care SPAIN,CWT Customer Care SPAIN,17000393451,My Team,Carolina León,carolina.leon@amexgbt.com,member,yes_member,17004606333,Carolina León,yes,My Team,Almudena Albertos Melero,almudena.albertosmelero@amexgbt.com
Customer Care SPAIN,CWT Customer Care SPAIN,17000393451,My Team,Valeria Cecinato,valeria.cecinato@amexgbt.com,member,yes_member,17004608120,Valeria Cecinato,yes,My Team,Almudena Albertos Melero,almudena.albertosmelero@amexgbt.com
Customer Care UKIE,CWT Customer Care UKIE,17000393452,My Team,Amiina Neihum,amiina.neihum@amexgbt.com,member,yes_member,17004606121,Amiina Neihum,yes,My Team,Almudena Albertos Melero,almudena.albertosmelero@amexgbt.com
Customer Care UKIE,CWT Customer Care UKIE,17000393452,My Team,Piia Rajala,piia.rajala@amexgbt.com,member,yes_member,17004606152,Piia Rajala,yes,My Team,Almudena Albertos Melero,almudena.albertosmelero@amexgbt.com
Customer Care UKIE,CWT Customer Care UKIE,17000393452,My Team,Eric Vandensande,eric.vandensande@amexgbt.com,agent_not_found,no,,,,,Almudena Albertos Melero,almudena.albertosmelero@amexgbt.com
Customer Care UKIE,CWT Customer Care UKIE,17000393452,My Team,Julia Stuedle,julia.stuedle@amexgbt.com,member,yes_member,17004605325,Julia Stuedle,yes,My Team,Almudena Albertos Melero,almudena.albertosmelero@amexgbt.com
Customer Care UKIE,CWT Customer Care UKIE,17000393452,My Team,Sebastián Silva,sebastian.silva@amexgbt.com,member,yes_member,17004602174,Sebastián Silva,yes,My Team,Almudena Albertos Melero,almudena.albertosmelero@amexgbt.com
Customer Care UKIE,CWT Customer Care UKIE,17000393452,My Team,Karen Stephens,karen.stephens@amexgbt.com,member,yes_member,17004605775,Karen Stephens,yes,My Team,Almudena Albertos Melero,almudena.albertosmelero@amexgbt.com
Customer Care UKIE,CWT Customer Care UKIE,17000393452,My Team,Almudena Albertos Melero,almudena.albertosmelero@amexgbt.com,agent_not_found,no,,,,,Almudena Albertos Melero,almudena.albertosmelero@amexgbt.com
Customer Care UKIE,CWT Customer Care UKIE,17000393452,My Team,Barbara Cellamare,barbara.cellamare@amexgbt.com,member,yes_member,17004608110,Barbara Cellamare,yes,My Team,Almudena Albertos Melero,almudena.albertosmelero@amexgbt.com
Customer Care UKIE,CWT Customer Care UKIE,17000393452,My Team,Valeria Cecinato,valeria.cecinato@amexgbt.com,member,yes_member,17004608120,Valeria Cecinato,yes,My Team,Almudena Albertos Melero,almudena.albertosmelero@amexgbt.com
Customer Care UKIE,CWT Customer Care UKIE,17000393452,My Team,Caroline Fransson,caroline.fransson1@amexgbt.com,member,yes_member,17004608865,Caroline Fransson,yes,My Team,Almudena Albertos Melero,almudena.albertosmelero@amexgbt.com
Customer Care UKIE,CWT Customer Care UKIE,17000393452,My Team,Antonia Korpela,antonia.korpela@amexgbt.com,not_in_group,no,17004606126,Antonia Korpela,yes,My Team,Almudena Albertos Melero,almudena.albertosmelero@amexgbt.com
Customer Care UKIE,CWT Customer Care UKIE,17000393452,My Team,Veronica Hernandez Roales-Nieto,veronica.hernandezroales-nieto@amexgbt.com,agent_not_found,no,,,,,Almudena Albertos Melero,almudena.albertosmelero@amexgbt.com
Customer Care UN PL GSC,CWT Customer Care UN PL GSC,17000393453,My Team,Monika Sikora,monika.sikora@amexgbt.com,member,yes_member,17004606700,Monika Sikora,yes,My Team,Melanie Low,melanie.low@amexgbt.com
Customer Care UN PL GSC,CWT Customer Care UN PL GSC,17000393453,My Team,Anna Wojnar,anna.wojnar@amexgbt.com,member,yes_member,17004601187,Anna Wojnar,yes,My Team,Melanie Low,melanie.low@amexgbt.com
Customer Care UN PL GSC,CWT Customer Care UN PL GSC,17000393453,My Team,Tomasz Maksinski,tomasz.maksinski@amexgbt.com,agent_not_found,no,,,,,Melanie Low,melanie.low@amexgbt.com
Customer Care UN PL GSC,CWT Customer Care UN PL GSC,17000393453,My Team,Agnieszka Janda,agnieszka.janda@amexgbt.com,member,yes_member,17004601262,Agnieszka Janda,yes,My Team,Melanie Low,melanie.low@amexgbt.com
Customer Care UN PL GSC,CWT Customer Care UN PL GSC,17000393453,My Team,Katarzyna Marszalek,katarzyna.marszalek@amexgbt.com,member,yes_member,17004606845,Katarzyna Marszalek,yes,My Team,Melanie Low,melanie.low@amexgbt.com
Customer Care UN PL GSC,CWT Customer Care UN PL GSC,17000393453,My Team,Julia Stuedle,julia.stuedle@amexgbt.com,member,yes_member,17004605325,Julia Stuedle,yes,My Team,Melanie Low,melanie.low@amexgbt.com
Customer Care UN PL GSC,CWT Customer Care UN PL GSC,17000393453,My Team,Tomasz Ciuba,tomasz.ciuba@amexgbt.com,member,yes_member,17004601232,Tomasz Ciuba,yes,My Team,Melanie Low,melanie.low@amexgbt.com
Customer Care UN PL GSC,CWT Customer Care UN PL GSC,17000393453,My Team,Aneta Peszt,aneta.peszt@amexgbt.com,member,yes_member,17004601542,Aneta Peszt,yes,My Team,Melanie Low,melanie.low@amexgbt.com
Customer Configuration Repository API Support,,,,Nathaniel Hanson So,nathanielhanson.so@amexgbt.com,group_unmatched,no,17004608517,Nathaniel Hanson So,yes,My Team,Haroun Al-Rashid Amerel,harounal-rashid.amerel@amexgbt.com
Customer Configuration Repository API Support,,,,Louis Albert Cruz,louisalbert.cruz@amexgbt.com,group_unmatched,no,17004608499,Louis Albert Cruz,yes,My Team,Haroun Al-Rashid Amerel,harounal-rashid.amerel@amexgbt.com
Customer Experience Manila,CWT Customer Experience Manila,17000393454,My Team,Jose Paolo Madrazo,josepaolo.madrazo@amexgbt.com,member,yes_member,17004608215,Jose Paolo Madrazo,yes,My Team,Geoffrey Gemoto,geoffrey.gemoto@amexgbt.com
CUSTOMER SETTLEMENT,CWT CUSTOMER SETTLEMENT,17000393531,My Team,MARCELA MANZANO,marcela.manzano@amexgbt.com,member,yes_member,17004602766,MARCELA MANZANO,yes,My Team,Sara Sullivan,sara.sullivan@amexgbt.com
CUSTOMER SETTLEMENT,CWT CUSTOMER SETTLEMENT,17000393531,My Team,Conner Kirkpatrick,conner.kirkpatrick@amexgbt.com,member,yes_member,17004603234,Conner Kirkpatrick,yes,My Team,Sara Sullivan,sara.sullivan@amexgbt.com
CUSTOMER SETTLEMENT,CWT CUSTOMER SETTLEMENT,17000393531,My Team,Sarah Schroeder,sarah.schroeder@amexgbt.com,member,yes_member,17004602960,Sarah Schroeder,yes,My Team,Sara Sullivan,sara.sullivan@amexgbt.com
CUSTOMER SETTLEMENT,CWT CUSTOMER SETTLEMENT,17000393531,My Team,Zenitha Farrier,zfarrier@cwtsato.com,agent_not_found,no,,,,,Sara Sullivan,sara.sullivan@amexgbt.com
CUSTOMER SETTLEMENT,CWT CUSTOMER SETTLEMENT,17000393531,My Team,Sara Sullivan,sara.sullivan@amexgbt.com,member,yes_member,17004603508,Sara Sullivan,yes,My Team,Sara Sullivan,sara.sullivan@amexgbt.com
CWT Active Directory Services,CWT Active Directory Services,17000392778,My Team,Michael Victor Olivar,michaelvictor.olivar@amexgbt.com,member,yes_member,17004608379,Michael Victor Olivar,yes,My Team,Jagannath Thotli,jagannath.thotli@amexgbt.com
CWT Active Directory Services,CWT Active Directory Services,17000392778,My Team,Jagannath Thotli,jagannath.thotli@amexgbt.com,member,yes_member,17004602672,Jagannath Thotli,yes,My Team,Jagannath Thotli,jagannath.thotli@amexgbt.com
CWT Active Directory Services,CWT Active Directory Services,17000392778,My Team,Nathan Binneboese,nate.binneboese@amexgbt.com,member,yes_member,17004603242,Nathan Binneboese,yes,My Team,Jagannath Thotli,jagannath.thotli@amexgbt.com
CWT Analytics DevOps and Support,CWT Analytics DevOps and Support,17000392782,My Team,Archelle Pagapulan,archelle.pagapulan@amexgbt.com,member,yes_member,17004608511,Archelle Pagapulan,yes,My Team,Christopher Lingbaoan,christopher.lingbaoan@amexgbt.com
CWT Analytics DevOps and Support,CWT Analytics DevOps and Support,17000392782,My Team,Alexander Oelkers,alexander.oelkers@amexgbt.com,member,yes_member,17004603250,Alexander Oelkers,yes,My Team,Christopher Lingbaoan,christopher.lingbaoan@amexgbt.com
CWT Analytics DevOps and Support,CWT Analytics DevOps and Support,17000392782,My Team,Philip Taft,phil.taft@amexgbt.com,member,yes_member,17004605888,Philip Taft,yes,My Team,Christopher Lingbaoan,christopher.lingbaoan@amexgbt.com
CWT Analytics DevOps and Support,CWT Analytics DevOps and Support,17000392782,My Team,Jeffrey Cayanan,jeffrey.cayanan@amexgbt.com,member,yes_member,17004608496,Jeffrey Cayanan,yes,My Team,Christopher Lingbaoan,christopher.lingbaoan@amexgbt.com
CWT Analytics DevOps and Support,CWT Analytics DevOps and Support,17000392782,My Team,Regina Gendler,regina.gendler@amexgbt.com,member,yes_member,17004603329,Regina Gendler,yes,My Team,Christopher Lingbaoan,christopher.lingbaoan@amexgbt.com
CWT Analytics DevOps and Support,CWT Analytics DevOps and Support,17000392782,My Team,Christopher Lingbaoan,christopher.lingbaoan@amexgbt.com,member,yes_member,17004608432,Christopher Lingbaoan,yes,My Team,Christopher Lingbaoan,christopher.lingbaoan@amexgbt.com
CWT AnalytIQs Approvers,CWT AnalytIQs Approvers,17000392880,My Team,Rolando Tiangco Jr.,rolando.tiangcojr@amexgbt.com,member,yes_member,17004608531,Rolando Tiangco Jr.,yes,My Team,Regino Ilano,regino.ilano@amexgbt.com
CWT AnalytIQs Approvers,CWT AnalytIQs Approvers,17000392880,My Team,Jaissa Plata,jaissa.plata@amexgbt.com,member,yes_member,17004608527,Jaissa Plata,yes,My Team,Regino Ilano,regino.ilano@amexgbt.com
CWT AnalytIQs Approvers,CWT AnalytIQs Approvers,17000392880,My Team,Tanya Swanson,tanya.swanson@amexgbt.com,member,yes_member,17004603413,Tanya Swanson,yes,My Team,Regino Ilano,regino.ilano@amexgbt.com
CWT AnalytIQs Approvers,CWT AnalytIQs Approvers,17000392880,My Team,John Carlo C. Inobaya,johncarloc.inobaya@amexgbt.com,member,yes_member,17004608585,John Carlo C. Inobaya,yes,My Team,Regino Ilano,regino.ilano@amexgbt.com
CWT AnalytIQs Approvers,CWT AnalytIQs Approvers,17000392880,My Team,Regino Ilano,regino.ilano@amexgbt.com,member,yes_member,17004608308,Regino Ilano,yes,My Team,Regino Ilano,regino.ilano@amexgbt.com
CWT AnalytIQs Approvers,CWT AnalytIQs Approvers,17000392880,My Team,Constancia Buenviaje,constancia.sanchez@amexgbt.com,member,yes_member,17005058366,Constancia Buenviaje,yes,My Team,Regino Ilano,regino.ilano@amexgbt.com
CWT AnalytIQs Approvers,CWT AnalytIQs Approvers,17000392880,My Team,Noel Buela,noel.buela@amexgbt.com,member,yes_member,17004608526,Noel Buela,yes,My Team,Regino Ilano,regino.ilano@amexgbt.com
CWT AnalytIQs Approvers,CWT AnalytIQs Approvers,17000392880,My Team,Emil-John Ado,emil-john.ado@amexgbt.com,member,yes_member,17004608560,Emil-John Ado,yes,My Team,Regino Ilano,regino.ilano@amexgbt.com
CWT AnalytIQs Development,CWT AnalytIQs Development,17000392783,My Team,Genesis Siao,gsiao@mycwt.com,agent_not_found,no,,,,,Philip Taft,phil.taft@amexgbt.com
CWT AnalytIQs Development,CWT AnalytIQs Development,17000392783,My Team,Romar Angelo Mojica,romarangelo.mojica@amexgbt.com,member,yes_member,17004608533,Romar Angelo Mojica,yes,My Team,Philip Taft,phil.taft@amexgbt.com
CWT AnalytIQs Development,CWT AnalytIQs Development,17000392783,My Team,John Erick Acabal,johnerick.acabal@amexgbt.com,member,yes_member,17004608532,John Erick Acabal,yes,My Team,Philip Taft,phil.taft@amexgbt.com
CWT AnalytIQs Development,CWT AnalytIQs Development,17000392783,My Team,John Carlo C. Inobaya,johncarloc.inobaya@amexgbt.com,member,yes_member,17004608585,John Carlo C. Inobaya,yes,My Team,Philip Taft,phil.taft@amexgbt.com
CWT AnalytIQs Development,CWT AnalytIQs Development,17000392783,My Team,Gimson Virr Ferrater,gferrater@mycwt.com,agent_not_found,no,,,,,Philip Taft,phil.taft@amexgbt.com
CWT AnalytIQs Development,CWT AnalytIQs Development,17000392783,My Team,Constancia Buenviaje,constancia.sanchez@amexgbt.com,member,yes_member,17005058366,Constancia Buenviaje,yes,My Team,Philip Taft,phil.taft@amexgbt.com
CWT AnalytIQs Development,CWT AnalytIQs Development,17000392783,My Team,Carlo Manuel Castro,carlomanuel.castro@amexgbt.com,member,yes_member,17004608299,Carlo Manuel Castro,yes,My Team,Philip Taft,phil.taft@amexgbt.com
CWT AnalytIQs Development,CWT AnalytIQs Development,17000392783,My Team,Regino Ilano,regino.ilano@amexgbt.com,member,yes_member,17004608308,Regino Ilano,yes,My Team,Philip Taft,phil.taft@amexgbt.com
CWT AnalytIQs Development,CWT AnalytIQs Development,17000392783,My Team,Jay Mark Ciriaco,jaymark.ciriaco@amexgbt.com,member,yes_member,17004608304,Jay Mark Ciriaco,yes,My Team,Philip Taft,phil.taft@amexgbt.com
CWT AnalytIQs Development,CWT AnalytIQs Development,17000392783,My Team,Julius Caesar Mamutuk,juliuscaesar.mamutuk@amexgbt.com,member,yes_member,17004608450,Julius Caesar Mamutuk,yes,My Team,Philip Taft,phil.taft@amexgbt.com
CWT AnalytIQs Development,CWT AnalytIQs Development,17000392783,My Team,Noel Buela,noel.buela@amexgbt.com,member,yes_member,17004608526,Noel Buela,yes,My Team,Philip Taft,phil.taft@amexgbt.com
CWT AnalytIQs Development,CWT AnalytIQs Development,17000392783,My Team,Rolando Tiangco Jr.,rolando.tiangcojr@amexgbt.com,member,yes_member,17004608531,Rolando Tiangco Jr.,yes,My Team,Philip Taft,phil.taft@amexgbt.com
CWT AnalytIQs Development,CWT AnalytIQs Development,17000392783,My Team,Amar Gaddam,agaddam@mycwt.com,agent_not_found,no,,,,,Philip Taft,phil.taft@amexgbt.com
CWT AnalytIQs Development,CWT AnalytIQs Development,17000392783,My Team,Jaissa Plata,jaissa.plata@amexgbt.com,member,yes_member,17004608527,Jaissa Plata,yes,My Team,Philip Taft,phil.taft@amexgbt.com
CWT AnalytIQs Development,CWT AnalytIQs Development,17000392783,My Team,Emil-John Ado,emil-john.ado@amexgbt.com,member,yes_member,17004608560,Emil-John Ado,yes,My Team,Philip Taft,phil.taft@amexgbt.com
CWT AnswerIQ L1,CWT AnswerIQ L1,17000392881,My Team,Genesis Siao,gsiao@mycwt.com,agent_not_found,no,,,,,Philip Taft,phil.taft@amexgbt.com
CWT AnswerIQ L1,CWT AnswerIQ L1,17000392881,My Team,Noel Buela,noel.buela@amexgbt.com,member,yes_member,17004608526,Noel Buela,yes,My Team,Philip Taft,phil.taft@amexgbt.com
CWT AnswerIQ L1,CWT AnswerIQ L1,17000392881,My Team,Gimson Virr Ferrater,gferrater@mycwt.com,agent_not_found,no,,,,,Philip Taft,phil.taft@amexgbt.com
CWT AnswerIQ L1,CWT AnswerIQ L1,17000392881,My Team,Romar Angelo Mojica,romarangelo.mojica@amexgbt.com,member,yes_member,17004608533,Romar Angelo Mojica,yes,My Team,Philip Taft,phil.taft@amexgbt.com
CWT AnswerIQ L1,CWT AnswerIQ L1,17000392881,My Team,Rolando Tiangco Jr.,rolando.tiangcojr@amexgbt.com,member,yes_member,17004608531,Rolando Tiangco Jr.,yes,My Team,Philip Taft,phil.taft@amexgbt.com
CWT AnswerIQ L1,CWT AnswerIQ L1,17000392881,My Team,Jay Mark Ciriaco,jaymark.ciriaco@amexgbt.com,member,yes_member,17004608304,Jay Mark Ciriaco,yes,My Team,Philip Taft,phil.taft@amexgbt.com
CWT AnswerIQ L1,CWT AnswerIQ L1,17000392881,My Team,Philip Taft,phil.taft@amexgbt.com,member,yes_member,17004605888,Philip Taft,yes,My Team,Philip Taft,phil.taft@amexgbt.com
CWT AnswerIQ L1,CWT AnswerIQ L1,17000392881,My Team,Constancia Buenviaje,constancia.sanchez@amexgbt.com,member,yes_member,17005058366,Constancia Buenviaje,yes,My Team,Philip Taft,phil.taft@amexgbt.com
CWT AnswerIQ L1,CWT AnswerIQ L1,17000392881,My Team,Jaissa Plata,jaissa.plata@amexgbt.com,member,yes_member,17004608527,Jaissa Plata,yes,My Team,Philip Taft,phil.taft@amexgbt.com
CWT AnswerIQ L1,CWT AnswerIQ L1,17000392881,My Team,Regino Ilano,regino.ilano@amexgbt.com,member,yes_member,17004608308,Regino Ilano,yes,My Team,Philip Taft,phil.taft@amexgbt.com
CWT AnswerIQ L1,CWT AnswerIQ L1,17000392881,My Team,Craig Haughan,craig.haughan@amexgbt.com,member,yes_member,17004605570,Craig Haughan,yes,My Team,Philip Taft,phil.taft@amexgbt.com
CWT AnswerIQ L1,CWT AnswerIQ L1,17000392881,My Team,Gareth Lloyd,gareth.lloyd@amexgbt.com,member,yes_member,17004605753,Gareth Lloyd,yes,My Team,Philip Taft,phil.taft@amexgbt.com
CWT APAC_IN Physical Security,CWT APAC_IN Physical Security,17000392882,My Team,Anthony Panter,tony.panter@amexgbt.com,member,yes_member,17004605887,Anthony Panter,yes,My Team,Anthony Panter,tony.panter@amexgbt.com
CWT APAC_IN Physical Security,CWT APAC_IN Physical Security,17000392882,My Team,B. Prasad,b.prasad@mycwt.com,agent_not_found,no,,,,,Anthony Panter,tony.panter@amexgbt.com
CWT APAC_MNL Physical Security,CWT APAC_MNL Physical Security,17000392784,My Team,Iriz Macatangay,iriz.macatangay@amexgbt.com,member,yes_member,17004608334,Iriz Macatangay,yes,My Team,Anthony Panter,tony.panter@amexgbt.com
CWT APAC_MNL Physical Security,CWT APAC_MNL Physical Security,17000392784,My Team,Anthony Panter,tony.panter@amexgbt.com,member,yes_member,17004605887,Anthony Panter,yes,My Team,Anthony Panter,tony.panter@amexgbt.com
CWT APAC_MNL Physical Security,CWT APAC_MNL Physical Security,17000392784,My Team,Romell Marcelo,romell.marcelo@amexgbt.com,member,yes_member,17004608433,Romell Marcelo,yes,My Team,Anthony Panter,tony.panter@amexgbt.com
CWT APAC_MNL Physical Security,CWT APAC_MNL Physical Security,17000392784,My Team,Loreto Achazo,loreto.achazo@amexgbt.com,member,yes_member,17004895301,Loreto Achazo,yes,My Team,Anthony Panter,tony.panter@amexgbt.com
CWT APAC_SG Physical Security,CWT APAC_SG Physical Security,17000392883,My Team,Anthony Panter,tony.panter@amexgbt.com,member,yes_member,17004605887,Anthony Panter,yes,My Team,Anthony Panter,tony.panter@amexgbt.com
CWT APAC_SG Physical Security,CWT APAC_SG Physical Security,17000392883,My Team,Loreto Achazo,loreto.achazo@amexgbt.com,member,yes_member,17004895301,Loreto Achazo,yes,My Team,Anthony Panter,tony.panter@amexgbt.com
CWT APAC_SYD Physical Security,CWT APAC_SYD Physical Security,17000392884,My Team,Jonathon Galea,jonathon.galea@amexgbt.com,member,yes_member,17004606194,Jonathon Galea,yes,My Team,Anthony Panter,tony.panter@amexgbt.com
CWT Booking Repository (CBR) Approvers Group,CWT Booking Repository (CBR) Approvers Group,17000392785,My Team,Justin Joseph Luciano,justinjoseph.luciano@amexgbt.com,member,yes_member,17004608298,Justin Joseph Luciano,yes,My Team,Haroun Al-Rashid Amerel,harounal-rashid.amerel@amexgbt.com
CWT Booking Repository (CBR) Approvers Group,CWT Booking Repository (CBR) Approvers Group,17000392785,My Team,Christine Mariel Montaniel,christinemariel.montaniel@amexgbt.com,member,yes_member,17004608240,Christine Mariel Montaniel,yes,My Team,Haroun Al-Rashid Amerel,harounal-rashid.amerel@amexgbt.com
CWT Booking Repository (CBR) Approvers Group,CWT Booking Repository (CBR) Approvers Group,17000392785,My Team,Robenie Fernandez,robenie.fernandez@amexgbt.com,member,yes_member,17004608400,Robenie Fernandez,yes,My Team,Haroun Al-Rashid Amerel,harounal-rashid.amerel@amexgbt.com
CWT Booking Repository (CBR) Approvers Group,CWT Booking Repository (CBR) Approvers Group,17000392785,My Team,Glen Bautista,glen.bautista@amexgbt.com,member,yes_member,17004608335,Glen Bautista,yes,My Team,Haroun Al-Rashid Amerel,harounal-rashid.amerel@amexgbt.com
CWT Booking Repository (CBR) Approvers Group,CWT Booking Repository (CBR) Approvers Group,17000392785,My Team,Christian John Pascual,christianjohn.pascual@amexgbt.com,member,yes_member,17004608478,Christian John Pascual,yes,My Team,Haroun Al-Rashid Amerel,harounal-rashid.amerel@amexgbt.com
CWT Booking Repository (CBR) Approvers Group,CWT Booking Repository (CBR) Approvers Group,17000392785,My Team,Haroun Al-Rashid Amerel,harounal-rashid.amerel@amexgbt.com,member,yes_member,17004608294,Haroun Al-Rashid Amerel,yes,My Team,Haroun Al-Rashid Amerel,harounal-rashid.amerel@amexgbt.com
CWT Booking Repository Development - CBR,CWT Booking Repository Development - CBR,17000392786,My Team,Darwin James Abelardo,darwinjames.abelardo@amexgbt.com,member,yes_member,17004608440,Darwin James Abelardo,yes,My Team,Haroun Al-Rashid Amerel,harounal-rashid.amerel@amexgbt.com
CWT Booking Repository Development - CBR,CWT Booking Repository Development - CBR,17000392786,My Team,Christian John Pascual,christianjohn.pascual@amexgbt.com,member,yes_member,17004608478,Christian John Pascual,yes,My Team,Haroun Al-Rashid Amerel,harounal-rashid.amerel@amexgbt.com
CWT Booking Repository Development - CBR,CWT Booking Repository Development - CBR,17000392786,My Team,John Harvey Sanchez,johnharvey.sanchez@amexgbt.com,member,yes_member,17004608544,John Harvey Sanchez,yes,My Team,Haroun Al-Rashid Amerel,harounal-rashid.amerel@amexgbt.com
CWT Booking Repository Development - CBR,CWT Booking Repository Development - CBR,17000392786,My Team,CBR DEVOPS On-Call Device,,agent_not_found,no,,,,,Haroun Al-Rashid Amerel,harounal-rashid.amerel@amexgbt.com
CWT Booking Repository Development - CBR,CWT Booking Repository Development - CBR,17000392786,My Team,Justine Allen Arciga,justineallen.arciga@amexgbt.com,member,yes_member,17004608564,Justine Allen Arciga,yes,My Team,Haroun Al-Rashid Amerel,harounal-rashid.amerel@amexgbt.com
CWT Booking Repository Development - CBR,CWT Booking Repository Development - CBR,17000392786,My Team,OnCall Notif CWT Booking Respository User,cbrl3support@mycwt.com,agent_not_found,no,,,,,Haroun Al-Rashid Amerel,harounal-rashid.amerel@amexgbt.com
CWT Booking Repository Development - CBR,CWT Booking Repository Development - CBR,17000392786,My Team,CBR DEVOPS On-Call Device,,agent_not_found,no,,,,,Haroun Al-Rashid Amerel,harounal-rashid.amerel@amexgbt.com
CWT Booking Repository Development - CBR,CWT Booking Repository Development - CBR,17000392786,My Team,Haroun Al-Rashid Amerel,harounal-rashid.amerel@amexgbt.com,member,yes_member,17004608294,Haroun Al-Rashid Amerel,yes,My Team,Haroun Al-Rashid Amerel,harounal-rashid.amerel@amexgbt.com
CWT Booking Repository Development - CBR,CWT Booking Repository Development - CBR,17000392786,My Team,CBR DEVOPS On-Call 6 Device,,agent_not_found,no,,,,,Haroun Al-Rashid Amerel,harounal-rashid.amerel@amexgbt.com
CWT Booking Repository Development - CBR,CWT Booking Repository Development - CBR,17000392786,My Team,Anna Mary-Marie Rose Tan,annamary-marierose.tan@amexgbt.com,member,yes_member,17004608530,Anna Mary-Marie Rose Tan,yes,My Team,Haroun Al-Rashid Amerel,harounal-rashid.amerel@amexgbt.com
CWT Booking Repository Development - CBR,CWT Booking Repository Development - CBR,17000392786,My Team,CBR DEVOPS On-Call 3 Device,,agent_not_found,no,,,,,Haroun Al-Rashid Amerel,harounal-rashid.amerel@amexgbt.com
CWT Booking Repository Development - CBR,CWT Booking Repository Development - CBR,17000392786,My Team,Justin Joseph Luciano,justinjoseph.luciano@amexgbt.com,member,yes_member,17004608298,Justin Joseph Luciano,yes,My Team,Haroun Al-Rashid Amerel,harounal-rashid.amerel@amexgbt.com
CWT Booking Repository Development - CBR,CWT Booking Repository Development - CBR,17000392786,My Team,Sean Dominique Franco,seandominique.franco@amexgbt.com,member,yes_member,17004608230,Sean Dominique Franco,yes,My Team,Haroun Al-Rashid Amerel,harounal-rashid.amerel@amexgbt.com
CWT Booking Repository Development - CBR,CWT Booking Repository Development - CBR,17000392786,My Team,Glen Bautista,glen.bautista@amexgbt.com,member,yes_member,17004608335,Glen Bautista,yes,My Team,Haroun Al-Rashid Amerel,harounal-rashid.amerel@amexgbt.com
CWT Booking Repository Development - CBR,CWT Booking Repository Development - CBR,17000392786,My Team,Aileen Guamos,aileen.guamos@amexgbt.com,member,yes_member,17004608320,Aileen Guamos,yes,My Team,Haroun Al-Rashid Amerel,harounal-rashid.amerel@amexgbt.com
CWT Booking Repository Development - CBR,CWT Booking Repository Development - CBR,17000392786,My Team,Estele Jane Ortal,estelejane.ortal@amexgbt.com,member,yes_member,17004608383,Estele Jane Ortal,yes,My Team,Haroun Al-Rashid Amerel,harounal-rashid.amerel@amexgbt.com
CWT Booking Repository Development - CBR,CWT Booking Repository Development - CBR,17000392786,My Team,CBR DEVOPS On-Call 5 Device,,agent_not_found,no,,,,,Haroun Al-Rashid Amerel,harounal-rashid.amerel@amexgbt.com
CWT Booking Repository Development - CBR,CWT Booking Repository Development - CBR,17000392786,My Team,Vicdhan Lore Dionson,vicdhanlore.dionson@amexgbt.com,member,yes_member,17004608501,Vicdhan Lore Dionson,yes,My Team,Haroun Al-Rashid Amerel,harounal-rashid.amerel@amexgbt.com
CWT Booking Repository Development - CBR,CWT Booking Repository Development - CBR,17000392786,My Team,CBR DEVOPS On-Call Device,,agent_not_found,no,,,,,Haroun Al-Rashid Amerel,harounal-rashid.amerel@amexgbt.com
CWT CFT Approvers,CWT CFT Approvers,17000392885,My Team,Joel Roux,joel.roux@amexgbt.com,member,yes_member,17004607770,Joel Roux,yes,My Team,Joel Roux,joel.roux@amexgbt.com
CWT CITRIX Approver Group,CWT CITRIX Approver Group,17000392886,My Team,Decsten Matibag,decsten.matibag@amexgbt.com,member,yes_member,17004608402,Decsten Matibag,yes,My Team,Decsten Matibag,decsten.matibag@amexgbt.com
CWT CITRIX Approver Group,CWT CITRIX Approver Group,17000392886,My Team,Madan Yadav,madan.yadav@amexgbt.com,member,yes_member,17004605285,Madan Yadav,yes,My Team,Decsten Matibag,decsten.matibag@amexgbt.com
CWT CITRIX Approver Group,CWT CITRIX Approver Group,17000392886,My Team,Jason Darryll Albalate,jasondarryll.albalate@amexgbt.com,member,yes_member,17004608224,Jason Darryll Albalate,yes,My Team,Decsten Matibag,decsten.matibag@amexgbt.com
CWT CITRIX Approver Group,CWT CITRIX Approver Group,17000392886,My Team,Sigfre Yap,sigfre.yap@amexgbt.com,member,yes_member,17004608473,Sigfre Yap,yes,My Team,Decsten Matibag,decsten.matibag@amexgbt.com
CWT CITRIX Approver Group,CWT CITRIX Approver Group,17000392886,My Team,Matthew Fritz,matthew.fritz@amexgbt.com,member,yes_member,17004603984,Matthew Fritz,yes,My Team,Decsten Matibag,decsten.matibag@amexgbt.com
CWT Data & Analytics Product Management,CWT Data & Analytics Product Management,17000392788,My Team,Suzanne De Mare,suzanne.demare@amexgbt.com,member,yes_member,17004611028,Suzanne De Mare,yes,My Team,Tanya Swanson,tanya.swanson@amexgbt.com
CWT Data & Analytics Product Management,CWT Data & Analytics Product Management,17000392788,My Team,Timothy Kay,tim.kay@amexgbt.com,member,yes_member,17004601312,Timothy Kay,yes,My Team,Tanya Swanson,tanya.swanson@amexgbt.com
CWT Data & Analytics Product Management,CWT Data & Analytics Product Management,17000392788,My Team,David Rey,david.rey@amexgbt.com,member,yes_member,17004605822,David Rey,yes,My Team,Tanya Swanson,tanya.swanson@amexgbt.com
CWT Data & Analytics Product Management,CWT Data & Analytics Product Management,17000392788,My Team,Tanya Swanson,tanya.swanson@amexgbt.com,member,yes_member,17004603413,Tanya Swanson,yes,My Team,Tanya Swanson,tanya.swanson@amexgbt.com
CWT Data & Analytics Product Management,CWT Data & Analytics Product Management,17000392788,My Team,Emmanuel Antoine,emmanuel.antoine@amexgbt.com,member,yes_member,17004610876,Emmanuel Antoine,yes,My Team,Tanya Swanson,tanya.swanson@amexgbt.com
CWT Data & Analytics Product Management,CWT Data & Analytics Product Management,17000392788,My Team,Helene Marcos,helene.marcos@amexgbt.com,member,yes_member,17004607685,Helene Marcos,yes,My Team,Tanya Swanson,tanya.swanson@amexgbt.com
CWT Data Delivery (CDD) Approvers,CWT Data Delivery (CDD) Approvers,17000392887,My Team,Sandeep Kalayankar,sandeep.kalayankar@amexgbt.com,member,yes_member,17004604201,Sandeep Kalayankar,yes,My Team,Phillip Greenhagen,phillip.greenhagen@amexgbt.com
CWT Data Exchange,CWT Data Exchange,17000392789,My Team,Ashley Sandilands,ashley.sandilands@amexgbt.com,member,yes_member,17004606001,Ashley Sandilands,yes,My Team,Matthew Mueller,matthew.mueller@amexgbt.com
CWT Data Exchange,CWT Data Exchange,17000392789,My Team,Matthew Mueller,matthew.mueller@amexgbt.com,member,yes_member,17004603430,Matthew Mueller,yes,My Team,Matthew Mueller,matthew.mueller@amexgbt.com
CWT Datacenter Operations,CWT Datacenter Operations,17000392790,My Team,Raul Delgado Alonso,raul.delgadoalonso@amexgbt.com,member,yes_member,17004602109,Raul Delgado Alonso,yes,My Team,Kirk Kamm,kirk.kamm@amexgbt.com
CWT Datacenter Operations,CWT Datacenter Operations,17000392790,My Team,Chong Tian Soo,chongtian.soo@amexgbt.com,member,yes_member,17004607116,Chong Tian Soo,yes,My Team,Kirk Kamm,kirk.kamm@amexgbt.com
CWT Digital Air Booking T3,CWT Digital Air Booking T3,17000392791,My Team,Alicja Dragon,alicja.dragon@amexgbt.com,member,yes_member,17004601664,Alicja Dragon,yes,My Team,Vittorio Margherita,vittorio.margherita@amexgbt.com
CWT Digital Air Booking T3,CWT Digital Air Booking T3,17000392791,My Team,Kaja Zin,kajamaria.zin@amexgbt.com,member,yes_member,17004676864,Kaja Zin,yes,My Team,Vittorio Margherita,vittorio.margherita@amexgbt.com
CWT Digital Air Booking T3,CWT Digital Air Booking T3,17000392791,My Team,Monika Skwarek,monika.skwarek@amexgbt.com,member,yes_member,17004601320,Monika Skwarek,yes,My Team,Vittorio Margherita,vittorio.margherita@amexgbt.com
CWT Digital Air Booking T3,CWT Digital Air Booking T3,17000392791,My Team,Vittorio Margherita,vittorio.margherita@amexgbt.com,member,yes_member,17004607901,Vittorio Margherita,yes,My Team,Vittorio Margherita,vittorio.margherita@amexgbt.com
CWT Digital Air Booking T3,CWT Digital Air Booking T3,17000392791,My Team,Julia Topolska,julia.topolska@amexgbt.com,member,yes_member,17004601160,Julia Topolska,yes,My Team,Vittorio Margherita,vittorio.margherita@amexgbt.com
CWT Digital Air Booking T3,CWT Digital Air Booking T3,17000392791,My Team,Ernesto Esteban Casado,ernesto.estebancasado@amexgbt.com,member,yes_member,17005058368,Ernesto Esteban Casado,yes,My Team,Vittorio Margherita,vittorio.margherita@amexgbt.com
CWT Digital Air Booking T3,CWT Digital Air Booking T3,17000392791,My Team,Magdalena Florek-Kidacka,magdalena.florek-kidacka@amexgbt.com,member,yes_member,17004606853,Magdalena Florek-Kidacka,yes,My Team,Vittorio Margherita,vittorio.margherita@amexgbt.com
CWT Digital Air Booking T3,CWT Digital Air Booking T3,17000392791,My Team,Magdalena Cwalina,magdalena.cwalina@amexgbt.com,member,yes_member,17004606838,Magdalena Cwalina,yes,My Team,Vittorio Margherita,vittorio.margherita@amexgbt.com
CWT Digital Air Booking T3,CWT Digital Air Booking T3,17000392791,My Team,Paulina Rogucka-Hassan,paulina.rogucka-hassan@amexgbt.com,member,yes_member,17004606709,Paulina Rogucka-Hassan,yes,My Team,Vittorio Margherita,vittorio.margherita@amexgbt.com
CWT Digital Air Booking T3,CWT Digital Air Booking T3,17000392791,My Team,Joanna Kusmirek-Kowal,joanna.kusmirek-kowal@amexgbt.com,member,yes_member,17004601300,Joanna Kusmirek-Kowal,yes,My Team,Vittorio Margherita,vittorio.margherita@amexgbt.com
CWT Digital Air Booking T3,CWT Digital Air Booking T3,17000392791,My Team,Magdalena Krasa,magdalena.krasa@amexgbt.com,member,yes_member,17004601372,Magdalena Krasa,yes,My Team,Vittorio Margherita,vittorio.margherita@amexgbt.com
CWT Digital Air Booking T3,CWT Digital Air Booking T3,17000392791,My Team,Justyna Skiba,justyna.skiba@amexgbt.com,member,yes_member,17004601378,Justyna Skiba,yes,My Team,Vittorio Margherita,vittorio.margherita@amexgbt.com
CWT Digital Email Itinerary & E-ticket T3,CWT Digital Email Itinerary & E-ticket T3,17000392792,My Team,Vittorio Margherita,vittorio.margherita@amexgbt.com,member,yes_member,17004607901,Vittorio Margherita,yes,My Team,Vittorio Margherita,vittorio.margherita@amexgbt.com
CWT Digital Email Itinerary & E-ticket T3,CWT Digital Email Itinerary & E-ticket T3,17000392792,My Team,Ji Yong Ang,jiyong.ang@amexgbt.com,member,yes_member,17004607083,Ji Yong Ang,yes,My Team,Vittorio Margherita,vittorio.margherita@amexgbt.com
CWT Digital Email Itinerary & E-ticket T3,CWT Digital Email Itinerary & E-ticket T3,17000392792,My Team,Magdalena Florek-Kidacka,magdalena.florek-kidacka@amexgbt.com,member,yes_member,17004606853,Magdalena Florek-Kidacka,yes,My Team,Vittorio Margherita,vittorio.margherita@amexgbt.com
CWT Digital Email Itinerary & E-ticket T3,CWT Digital Email Itinerary & E-ticket T3,17000392792,My Team,Ernesto Esteban Casado,ernesto.estebancasado@amexgbt.com,member,yes_member,17005058368,Ernesto Esteban Casado,yes,My Team,Vittorio Margherita,vittorio.margherita@amexgbt.com
CWT Digital Flight Status T3,CWT Digital Flight Status T3,17000392793,My Team,Vittorio Margherita,vittorio.margherita@amexgbt.com,member,yes_member,17004607901,Vittorio Margherita,yes,My Team,Vittorio Margherita,vittorio.margherita@amexgbt.com
CWT Digital Flight Status T3,CWT Digital Flight Status T3,17000392793,My Team,Ernesto Esteban Casado,ernesto.estebancasado@amexgbt.com,member,yes_member,17005058368,Ernesto Esteban Casado,yes,My Team,Vittorio Margherita,vittorio.margherita@amexgbt.com
CWT Digital Flight Status T3,CWT Digital Flight Status T3,17000392793,My Team,Magdalena Florek-Kidacka,magdalena.florek-kidacka@amexgbt.com,member,yes_member,17004606853,Magdalena Florek-Kidacka,yes,My Team,Vittorio Margherita,vittorio.margherita@amexgbt.com
CWT Digital Leadership Approval Group,,,,Ishay Koplovich,ishay.koplovich@amexgbt.com,group_unmatched,no,,,,,Ishay Koplovich,ishay.koplovich@amexgbt.com
CWT Digital Leadership Approval Group,,,,Yoav Ofan,yoav.ofan@amexgbt.com,group_unmatched,no,17004606682,Yoav Ofan,yes,My Team,Ishay Koplovich,ishay.koplovich@amexgbt.com
CWT Digital myCWT Car Booking T3,CWT Digital myCWT Car Booking T3,17000392794,My Team,Vittorio Margherita,vittorio.margherita@amexgbt.com,member,yes_member,17004607901,Vittorio Margherita,yes,My Team,Vittorio Margherita,vittorio.margherita@amexgbt.com
CWT Digital myCWT Car Booking T3,CWT Digital myCWT Car Booking T3,17000392794,My Team,Magdalena Florek-Kidacka,magdalena.florek-kidacka@amexgbt.com,member,yes_member,17004606853,Magdalena Florek-Kidacka,yes,My Team,Vittorio Margherita,vittorio.margherita@amexgbt.com
CWT Digital myCWT Car Booking T3,CWT Digital myCWT Car Booking T3,17000392794,My Team,Ernesto Esteban Casado,ernesto.estebancasado@amexgbt.com,member,yes_member,17005058368,Ernesto Esteban Casado,yes,My Team,Vittorio Margherita,vittorio.margherita@amexgbt.com
CWT Digital myCWT IDM T3,CWT Digital myCWT IDM T3,17000392795,My Team,Clare Burt,clare.burt@amexgbt.com,member,yes_member,17004605855,Clare Burt,yes,My Team,Vittorio Margherita,vittorio.margherita@amexgbt.com
CWT Digital myCWT IDM T3,CWT Digital myCWT IDM T3,17000392795,My Team,Ernesto Esteban Casado,ernesto.estebancasado@amexgbt.com,member,yes_member,17005058368,Ernesto Esteban Casado,yes,My Team,Vittorio Margherita,vittorio.margherita@amexgbt.com
CWT Digital myCWT IDM T3,CWT Digital myCWT IDM T3,17000392795,My Team,Vittorio Margherita,vittorio.margherita@amexgbt.com,member,yes_member,17004607901,Vittorio Margherita,yes,My Team,Vittorio Margherita,vittorio.margherita@amexgbt.com
CWT Digital myCWT IDM T3,CWT Digital myCWT IDM T3,17000392795,My Team,Kacper Gasiur,kacper.gasiur@amexgbt.com,member,yes_member,17004601368,Kacper Gasiur,yes,My Team,Vittorio Margherita,vittorio.margherita@amexgbt.com
CWT Digital myCWT Mobile T3,CWT Digital myCWT Mobile T3,17000392796,My Team,Magdalena Florek-Kidacka,magdalena.florek-kidacka@amexgbt.com,member,yes_member,17004606853,Magdalena Florek-Kidacka,yes,My Team,Vittorio Margherita,vittorio.margherita@amexgbt.com
CWT Digital myCWT Mobile T3,CWT Digital myCWT Mobile T3,17000392796,My Team,Clare Burt,clare.burt@amexgbt.com,member,yes_member,17004605855,Clare Burt,yes,My Team,Vittorio Margherita,vittorio.margherita@amexgbt.com
CWT Digital myCWT Mobile T3,CWT Digital myCWT Mobile T3,17000392796,My Team,Ernesto Esteban Casado,ernesto.estebancasado@amexgbt.com,member,yes_member,17005058368,Ernesto Esteban Casado,yes,My Team,Vittorio Margherita,vittorio.margherita@amexgbt.com
CWT Digital myCWT Mobile T3,CWT Digital myCWT Mobile T3,17000392796,My Team,Kacper Gasiur,kacper.gasiur@amexgbt.com,member,yes_member,17004601368,Kacper Gasiur,yes,My Team,Vittorio Margherita,vittorio.margherita@amexgbt.com
CWT Digital myCWT Mobile T3,CWT Digital myCWT Mobile T3,17000392796,My Team,Vittorio Margherita,vittorio.margherita@amexgbt.com,member,yes_member,17004607901,Vittorio Margherita,yes,My Team,Vittorio Margherita,vittorio.margherita@amexgbt.com
CWT Digital myCWT Website T3,CWT Digital myCWT Website T3,17000392797,My Team,Magdalena Florek-Kidacka,magdalena.florek-kidacka@amexgbt.com,member,yes_member,17004606853,Magdalena Florek-Kidacka,yes,My Team,Vittorio Margherita,vittorio.margherita@amexgbt.com
CWT Digital myCWT Website T3,CWT Digital myCWT Website T3,17000392797,My Team,Ernesto Esteban Casado,ernesto.estebancasado@amexgbt.com,member,yes_member,17005058368,Ernesto Esteban Casado,yes,My Team,Vittorio Margherita,vittorio.margherita@amexgbt.com
CWT Digital myCWT Website T3,CWT Digital myCWT Website T3,17000392797,My Team,Kacper Gasiur,kacper.gasiur@amexgbt.com,member,yes_member,17004601368,Kacper Gasiur,yes,My Team,Vittorio Margherita,vittorio.margherita@amexgbt.com
CWT Digital myCWT Website T3,CWT Digital myCWT Website T3,17000392797,My Team,Clare Burt,clare.burt@amexgbt.com,member,yes_member,17004605855,Clare Burt,yes,My Team,Vittorio Margherita,vittorio.margherita@amexgbt.com
CWT Digital myCWT Website T3,CWT Digital myCWT Website T3,17000392797,My Team,Vittorio Margherita,vittorio.margherita@amexgbt.com,member,yes_member,17004607901,Vittorio Margherita,yes,My Team,Vittorio Margherita,vittorio.margherita@amexgbt.com
CWT Digital Online Itinerary T3,CWT Digital Online Itinerary T3,17000392798,My Team,Magdalena Florek-Kidacka,magdalena.florek-kidacka@amexgbt.com,member,yes_member,17004606853,Magdalena Florek-Kidacka,yes,My Team,Vittorio Margherita,vittorio.margherita@amexgbt.com
CWT Digital Online Itinerary T3,CWT Digital Online Itinerary T3,17000392798,My Team,Ernesto Esteban Casado,ernesto.estebancasado@amexgbt.com,member,yes_member,17005058368,Ernesto Esteban Casado,yes,My Team,Vittorio Margherita,vittorio.margherita@amexgbt.com
CWT Digital Online Itinerary T3,CWT Digital Online Itinerary T3,17000392798,My Team,Vittorio Margherita,vittorio.margherita@amexgbt.com,member,yes_member,17004607901,Vittorio Margherita,yes,My Team,Vittorio Margherita,vittorio.margherita@amexgbt.com
CWT Digital Operations,CWT Digital Operations,17000392799,My Team,Sharon Navon,sharon.navon@amexgbt.com,member,yes_member,17004606675,Sharon Navon,yes,My Team,Yoav Ofan,yoav.ofan@amexgbt.com
CWT Digital Operations,CWT Digital Operations,17000392799,My Team,Yoav Ofan,yoav.ofan@amexgbt.com,member,yes_member,17004606682,Yoav Ofan,yes,My Team,Yoav Ofan,yoav.ofan@amexgbt.com
CWT Digital Operations,CWT Digital Operations,17000392799,My Team,Oded Judelman,oded.judelman@amexgbt.com,member,yes_member,17004606689,Oded Judelman,yes,My Team,Yoav Ofan,yoav.ofan@amexgbt.com
CWT Digital Operations,CWT Digital Operations,17000392799,My Team,Mark Benedict Santiago,markbenedict.santiago@amexgbt.com,member,yes_member,17004608516,Mark Benedict Santiago,yes,My Team,Yoav Ofan,yoav.ofan@amexgbt.com
CWT Digital Operations,CWT Digital Operations,17000392799,My Team,Yair Dar,yair.dar@amexgbt.com,member,yes_member,17004606680,Yair Dar,yes,My Team,Yoav Ofan,yoav.ofan@amexgbt.com
CWT Digital Operations,CWT Digital Operations,17000392799,My Team,Or Herzog,oherzog@mycwt.com,agent_not_found,no,,,,,Yoav Ofan,yoav.ofan@amexgbt.com
CWT Digital Operations,CWT Digital Operations,17000392799,My Team,Liron Revah,liron.revah@amexgbt.com,member,yes_member,17004606684,Liron Revah,yes,My Team,Yoav Ofan,yoav.ofan@amexgbt.com
CWT Digital Operations,CWT Digital Operations,17000392799,My Team,Noam Rotem,noam.rotem@amexgbt.com,member,yes_member,17004606688,Noam Rotem,yes,My Team,Yoav Ofan,yoav.ofan@amexgbt.com
CWT Digital Operations,CWT Digital Operations,17000392799,My Team,Oleg Shkolnikov,oleg.shkolnikov@amexgbt.com,member,yes_member,17004606676,Oleg Shkolnikov,yes,My Team,Yoav Ofan,yoav.ofan@amexgbt.com
CWT Digital Operations,CWT Digital Operations,17000392799,My Team,Erez Gabay,erez.gabay@amexgbt.com,member,yes_member,17004606673,Erez Gabay,yes,My Team,Yoav Ofan,yoav.ofan@amexgbt.com
CWT Digital Operations,CWT Digital Operations,17000392799,My Team,Vladimir Kulakov,vkulakov@mycwt.com,agent_not_found,no,,,,,Yoav Ofan,yoav.ofan@amexgbt.com
CWT Digital Operations,CWT Digital Operations,17000392799,My Team,Andrey Sobolev,asobolev@mycwt.com,agent_not_found,no,,,,,Yoav Ofan,yoav.ofan@amexgbt.com
CWT Digital Operations,CWT Digital Operations,17000392799,My Team,Sharon Kimchi,sharon.kimchi@amexgbt.com,member,yes_member,17004606685,Sharon Kimchi,yes,My Team,Yoav Ofan,yoav.ofan@amexgbt.com
CWT Digital Operations,CWT Digital Operations,17000392799,My Team,Alexander Klioner,alexander.klioner@amexgbt.com,member,yes_member,17004606741,Alexander Klioner,yes,My Team,Yoav Ofan,yoav.ofan@amexgbt.com
CWT Digital Operations,CWT Digital Operations,17000392799,My Team,Nadav Akajani,nadav.akajani@amexgbt.com,member,yes_member,17004606744,Nadav Akajani,yes,My Team,Yoav Ofan,yoav.ofan@amexgbt.com
CWT Digital Portrait NCA,CWT Digital Portrait NCA,17000392822,My Team,Clare Burt,clare.burt@amexgbt.com,member,yes_member,17004605855,Clare Burt,yes,My Team,Jack Staehler,jack.staehler@amexgbt.com
CWT Digital Portrait T3,CWT Digital Portrait T3,17000392779,My Team,Ernesto Esteban Casado,ernesto.estebancasado@amexgbt.com,member,yes_member,17005058368,Ernesto Esteban Casado,yes,My Team,Vittorio Margherita,vittorio.margherita@amexgbt.com
CWT Digital Portrait T3,CWT Digital Portrait T3,17000392779,My Team,Vittorio Margherita,vittorio.margherita@amexgbt.com,member,yes_member,17004607901,Vittorio Margherita,yes,My Team,Vittorio Margherita,vittorio.margherita@amexgbt.com
CWT Digital Portrait T3,CWT Digital Portrait T3,17000392779,My Team,Clare Burt,clare.burt@amexgbt.com,member,yes_member,17004605855,Clare Burt,yes,My Team,Vittorio Margherita,vittorio.margherita@amexgbt.com
CWT Digital Portrait T3,CWT Digital Portrait T3,17000392779,My Team,Kacper Gasiur,kacper.gasiur@amexgbt.com,member,yes_member,17004601368,Kacper Gasiur,yes,My Team,Vittorio Margherita,vittorio.margherita@amexgbt.com
CWT Digital Pre-Departure Email T3,CWT Digital Pre-Departure Email T3,17000392823,My Team,Ernesto Esteban Casado,ernesto.estebancasado@amexgbt.com,member,yes_member,17005058368,Ernesto Esteban Casado,yes,My Team,Vittorio Margherita,vittorio.margherita@amexgbt.com
CWT Digital Pre-Departure Email T3,CWT Digital Pre-Departure Email T3,17000392823,My Team,Vittorio Margherita,vittorio.margherita@amexgbt.com,member,yes_member,17004607901,Vittorio Margherita,yes,My Team,Vittorio Margherita,vittorio.margherita@amexgbt.com
CWT Digital Pre-Departure Email T3,CWT Digital Pre-Departure Email T3,17000392823,My Team,Magdalena Florek-Kidacka,magdalena.florek-kidacka@amexgbt.com,member,yes_member,17004606853,Magdalena Florek-Kidacka,yes,My Team,Vittorio Margherita,vittorio.margherita@amexgbt.com
CWT Digital Program Messenger T3,CWT Digital Program Messenger T3,17000392824,My Team,Georges Pierre Cladogenis,georgespierre.cladogenis@amexgbt.com,member,yes_member,17004607608,Georges Pierre Cladogenis,yes,My Team,Vittorio Margherita,vittorio.margherita@amexgbt.com
CWT Digital Program Messenger T3,CWT Digital Program Messenger T3,17000392824,My Team,Magdalena Florek-Kidacka,magdalena.florek-kidacka@amexgbt.com,member,yes_member,17004606853,Magdalena Florek-Kidacka,yes,My Team,Vittorio Margherita,vittorio.margherita@amexgbt.com
CWT Digital Program Messenger T3,CWT Digital Program Messenger T3,17000392824,My Team,Ernesto Esteban Casado,ernesto.estebancasado@amexgbt.com,member,yes_member,17005058368,Ernesto Esteban Casado,yes,My Team,Vittorio Margherita,vittorio.margherita@amexgbt.com
CWT Digital Program Messenger T3,CWT Digital Program Messenger T3,17000392824,My Team,Vittorio Margherita,vittorio.margherita@amexgbt.com,member,yes_member,17004607901,Vittorio Margherita,yes,My Team,Vittorio Margherita,vittorio.margherita@amexgbt.com
CWT Digital RoomIt and Hotel Booking T3,CWT Digital RoomIt and Hotel Booking T3,17000392825,My Team,Magdalena Florek-Kidacka,magdalena.florek-kidacka@amexgbt.com,member,yes_member,17004606853,Magdalena Florek-Kidacka,yes,My Team,Vittorio Margherita,vittorio.margherita@amexgbt.com
CWT Digital RoomIt and Hotel Booking T3,CWT Digital RoomIt and Hotel Booking T3,17000392825,My Team,Ernesto Esteban Casado,ernesto.estebancasado@amexgbt.com,member,yes_member,17005058368,Ernesto Esteban Casado,yes,My Team,Vittorio Margherita,vittorio.margherita@amexgbt.com
CWT Digital RoomIt and Hotel Booking T3,CWT Digital RoomIt and Hotel Booking T3,17000392825,My Team,Vittorio Margherita,vittorio.margherita@amexgbt.com,member,yes_member,17004607901,Vittorio Margherita,yes,My Team,Vittorio Margherita,vittorio.margherita@amexgbt.com
CWT Digital SSO Implementation T3,CWT Digital SSO Implementation T3,17000392826,My Team,Ernesto Esteban Casado,ernesto.estebancasado@amexgbt.com,member,yes_member,17005058368,Ernesto Esteban Casado,yes,My Team,Vittorio Margherita,vittorio.margherita@amexgbt.com
CWT Digital SSO Implementation T3,CWT Digital SSO Implementation T3,17000392826,My Team,Kacper Gasiur,kacper.gasiur@amexgbt.com,member,yes_member,17004601368,Kacper Gasiur,yes,My Team,Vittorio Margherita,vittorio.margherita@amexgbt.com
CWT Digital SSO Implementation T3,CWT Digital SSO Implementation T3,17000392826,My Team,Vittorio Margherita,vittorio.margherita@amexgbt.com,member,yes_member,17004607901,Vittorio Margherita,yes,My Team,Vittorio Margherita,vittorio.margherita@amexgbt.com
CWT Digital SSO Implementation T3,CWT Digital SSO Implementation T3,17000392826,My Team,Clare Burt,clare.burt@amexgbt.com,member,yes_member,17004605855,Clare Burt,yes,My Team,Vittorio Margherita,vittorio.margherita@amexgbt.com
CWT DOC BANK SUPPORT - M & G,CWT DOC BANK SUPPORT - M & G,17000392888,My Team,Joseph Carter,joseph.carter@amexgbt.com,member,yes_member,17004604197,Joseph Carter,yes,My Team,Sherry Raschke,sherry.raschke@amexgbt.com
CWT DOC BANK SUPPORT - M & G,CWT DOC BANK SUPPORT - M & G,17000392888,My Team,Daniel Walsh,daniel.walsh@amexgbt.com,member,yes_member,17004603019,Daniel Walsh,yes,My Team,Sherry Raschke,sherry.raschke@amexgbt.com
CWT DOC BANK SUPPORT - M & G,CWT DOC BANK SUPPORT - M & G,17000392888,My Team,Sherry Raschke,sherry.raschke@amexgbt.com,member,yes_member,17004603495,Sherry Raschke,yes,My Team,Sherry Raschke,sherry.raschke@amexgbt.com
CWT Document Bank Approvers,CWT Document Bank Approvers,17000392889,My Team,Sherry Raschke,sherry.raschke@amexgbt.com,member,yes_member,17004603495,Sherry Raschke,yes,My Team,Sherry Raschke,sherry.raschke@amexgbt.com
CWT DOCUMENT BANK SUPPORT,CWT DOCUMENT BANK SUPPORT,17000392827,My Team,Aldwin Paolo Delgado,aldwinpaolo.delgado@amexgbt.com,member,yes_member,17004608500,Aldwin Paolo Delgado,yes,My Team,Sherry Raschke,sherry.raschke@amexgbt.com
CWT DOCUMENT BANK SUPPORT,CWT DOCUMENT BANK SUPPORT,17000392827,My Team,Florante Navaja,florante.navaja@amexgbt.com,member,yes_member,17004608434,Florante Navaja,yes,My Team,Sherry Raschke,sherry.raschke@amexgbt.com
CWT DOCUMENT BANK SUPPORT,CWT DOCUMENT BANK SUPPORT,17000392827,My Team,Jacqueline Tan,jacqueline.tan@amexgbt.com,member,yes_member,17004608476,Jacqueline Tan,yes,My Team,Sherry Raschke,sherry.raschke@amexgbt.com
CWT DOCUMENT BANK SUPPORT,CWT DOCUMENT BANK SUPPORT,17000392827,My Team,Daniel Walsh,daniel.walsh@amexgbt.com,member,yes_member,17004603019,Daniel Walsh,yes,My Team,Sherry Raschke,sherry.raschke@amexgbt.com
CWT DOCUMENT BANK SUPPORT,CWT DOCUMENT BANK SUPPORT,17000392827,My Team,Joseph Carter,joseph.carter@amexgbt.com,member,yes_member,17004604197,Joseph Carter,yes,My Team,Sherry Raschke,sherry.raschke@amexgbt.com
CWT DOCUMENT BANK SUPPORT,CWT DOCUMENT BANK SUPPORT,17000392827,My Team,Sherry Raschke,sherry.raschke@amexgbt.com,member,yes_member,17004603495,Sherry Raschke,yes,My Team,Sherry Raschke,sherry.raschke@amexgbt.com
CWT EDE,CWT EDE,17000392780,My Team,Vhil Laurence Moje,vhillaurence.moje@amexgbt.com,not_in_group,no,17004608590,Vhil Laurence Moje,yes,My Team,Joseph Christopher Cruz,josephchristopher.cruz@amexgbt.com
CWT EDE,CWT EDE,17000392780,My Team,Alexander Joseph Mandac,alexanderjoseph.mandac@amexgbt.com,not_in_group,no,17004608339,Alexander Joseph Mandac,yes,My Team,Joseph Christopher Cruz,josephchristopher.cruz@amexgbt.com
CWT EDE,CWT EDE,17000392780,My Team,John Wilmar Palad,johnwilmar.palad@amexgbt.com,not_in_group,no,17004608293,John Wilmar Palad,yes,My Team,Joseph Christopher Cruz,josephchristopher.cruz@amexgbt.com
CWT EDE,CWT EDE,17000392780,My Team,Matthew Mueller,matthew.mueller@amexgbt.com,member,yes_member,17004603430,Matthew Mueller,yes,My Team,Joseph Christopher Cruz,josephchristopher.cruz@amexgbt.com
CWT EDE,CWT EDE,17000392780,My Team,Ashley Sandilands,ashley.sandilands@amexgbt.com,not_in_group,no,17004606001,Ashley Sandilands,yes,My Team,Joseph Christopher Cruz,josephchristopher.cruz@amexgbt.com
CWT EIT DnA Data Integrity L3,CWT EIT DnA Data Integrity L3,17000392828,My Team,Regina Gendler,regina.gendler@amexgbt.com,member,yes_member,17004603329,Regina Gendler,yes,My Team,Alexander Oelkers,alexander.oelkers@amexgbt.com
CWT EIT DnA Data Integrity L3,CWT EIT DnA Data Integrity L3,17000392828,My Team,Alexander Oelkers,alexander.oelkers@amexgbt.com,member,yes_member,17004603250,Alexander Oelkers,yes,My Team,Alexander Oelkers,alexander.oelkers@amexgbt.com
CWT EMEA Avaya Approvers,CWT EMEA Avaya Approvers,17000392890,My Team,Erwan Maze,erwan.maze@amexgbt.com,member,yes_member,17004607618,Erwan Maze,yes,My Team,Steven Henderson,steve.henderson@amexgbt.com
CWT EMEA Avaya Approvers,CWT EMEA Avaya Approvers,17000392890,My Team,Steven Henderson,steve.henderson@amexgbt.com,member,yes_member,17004605575,Steven Henderson,yes,My Team,Steven Henderson,steve.henderson@amexgbt.com
CWT EMEA Avaya Approvers,CWT EMEA Avaya Approvers,17000392890,My Team,Saurabh Jain,saurabh.jain1@amexgbt.com,member,yes_member,17004605184,Saurabh Jain,yes,My Team,Steven Henderson,steve.henderson@amexgbt.com
CWT EMEA Avaya Approvers,CWT EMEA Avaya Approvers,17000392890,My Team,Ian Edwards,ian.edwards@amexgbt.com,member,yes_member,17004605666,Ian Edwards,yes,My Team,Steven Henderson,steve.henderson@amexgbt.com
CWT EMEA Avaya Approvers,CWT EMEA Avaya Approvers,17000392890,My Team,Radiana Saeva,radiana.saeva@amexgbt.com,member,yes_member,17004606826,Radiana Saeva,yes,My Team,Steven Henderson,steve.henderson@amexgbt.com
CWT EMEA Avaya Approvers,CWT EMEA Avaya Approvers,17000392890,My Team,Tomasz Juszczynski,tomasz.juszczynski@amexgbt.com,member,yes_member,17004601240,Tomasz Juszczynski,yes,My Team,Steven Henderson,steve.henderson@amexgbt.com
CWT EMEA_ES Physical Security,CWT EMEA_ES Physical Security,17000392891,My Team,Anthony Panter,tony.panter@amexgbt.com,member,yes_member,17004605887,Anthony Panter,yes,My Team,Anthony Panter,tony.panter@amexgbt.com
CWT EMEA_ES Physical Security,CWT EMEA_ES Physical Security,17000392891,My Team,Rosa Maria Luque,rosa.luque@amexgbt.com,member,yes_member,17004602008,Rosa Maria Luque,yes,My Team,Anthony Panter,tony.panter@amexgbt.com
CWT EMEA_FR Physical Security,CWT EMEA_FR Physical Security,17000392892,My Team,Laurence Stephan,laurence.stephan@amexgbt.com,member,yes_member,17004607510,Laurence Stephan,yes,My Team,Anthony Panter,tony.panter@amexgbt.com
CWT EMEA_FR Physical Security,CWT EMEA_FR Physical Security,17000392892,My Team,Anthony Panter,tony.panter@amexgbt.com,member,yes_member,17004605887,Anthony Panter,yes,My Team,Anthony Panter,tony.panter@amexgbt.com
CWT EMEA_IL Physical Security,CWT EMEA_IL Physical Security,17000392893,My Team,Sharon Kimchi,sharon.kimchi@amexgbt.com,member,yes_member,17004606685,Sharon Kimchi,yes,My Team,Anthony Panter,tony.panter@amexgbt.com
CWT EMEA_IL Physical Security,CWT EMEA_IL Physical Security,17000392893,My Team,Shalom Vogel,shalom.vogel@amexgbt.com,member,yes_member,17004606674,Shalom Vogel,yes,My Team,Anthony Panter,tony.panter@amexgbt.com
CWT EMEA_PL Physical Security,CWT EMEA_PL Physical Security,17000392894,My Team,Anthony Panter,tony.panter@amexgbt.com,member,yes_member,17004605887,Anthony Panter,yes,My Team,Anthony Panter,tony.panter@amexgbt.com
CWT EMEA_PL Physical Security,CWT EMEA_PL Physical Security,17000392894,My Team,Alicja Makuch,alicja.makuch@amexgbt.com,member,yes_member,17004601395,Alicja Makuch,yes,My Team,Anthony Panter,tony.panter@amexgbt.com
CWT Enterprise Architecture,CWT Enterprise Architecture,17000392895,My Team,Matthew Newton,matthew.newton@amexgbt.com,member,yes_member,17004605566,Matthew Newton,yes,My Team,Matthew Newton,matthew.newton@amexgbt.com
CWT Enterprise Architecture,CWT Enterprise Architecture,17000392895,My Team,Pallavi Kenny,pallavi.kenny@amexgbt.com,member,yes_member,17004605595,Pallavi Kenny,yes,My Team,Matthew Newton,matthew.newton@amexgbt.com
CWT Enterprise Architecture,CWT Enterprise Architecture,17000392895,My Team,Mohammad Sajid,mohammad.sajid@amexgbt.com,member,yes_member,17004605869,Mohammad Sajid,yes,My Team,Matthew Newton,matthew.newton@amexgbt.com
CWT ETL DEVELOPMENT,CWT ETL DEVELOPMENT,17000392829,My Team,Sara Janda,sara.janda@amexgbt.com,member,yes_member,17004603338,Sara Janda,yes,My Team,Amar Gaddam,AGaddam@mycwt.com
CWT ETL DEVELOPMENT,CWT ETL DEVELOPMENT,17000392829,My Team,Carlos Montori Rodriguez,carlos.montorirodriguez@amexgbt.com,member,yes_member,17004605768,Carlos Montori Rodriguez,yes,My Team,Amar Gaddam,AGaddam@mycwt.com
CWT ETL DEVELOPMENT,CWT ETL DEVELOPMENT,17000392829,My Team,Amar Gaddam,agaddam@mycwt.com,agent_not_found,no,,,,,Amar Gaddam,AGaddam@mycwt.com
CWT ETL DEVELOPMENT,CWT ETL DEVELOPMENT,17000392829,My Team,Aeron Reyes,aeron.reyes@amexgbt.com,member,yes_member,17004608514,Aeron Reyes,yes,My Team,Amar Gaddam,AGaddam@mycwt.com
CWT ETL DEVELOPMENT,CWT ETL DEVELOPMENT,17000392829,My Team,Joseph Rey Basilio,josephrey.basilio@amexgbt.com,member,yes_member,17004608566,Joseph Rey Basilio,yes,My Team,Amar Gaddam,AGaddam@mycwt.com
CWT ETL DEVELOPMENT,CWT ETL DEVELOPMENT,17000392829,My Team,Loida Mandasoc,loida.mandasoc@amexgbt.com,member,yes_member,17004608507,Loida Mandasoc,yes,My Team,Amar Gaddam,AGaddam@mycwt.com
CWT ETL DEVELOPMENT,CWT ETL DEVELOPMENT,17000392829,My Team,James Schnell,james.schnell@amexgbt.com,member,yes_member,17004603806,James Schnell,yes,My Team,Amar Gaddam,AGaddam@mycwt.com
CWT FedRooms Approvers,,,,Amanda Hren,ahren@cwtsato.com,group_unmatched,no,,,,,Karen Leff,KLeff@cwtsato.com
CWT FP&A MAINTENANCE,,,,Doug Marsolek,dmarsolek@cwtsato.com,group_unmatched,no,,,,,Julie Engler,JEngler@cwtsato.com
CWT FP&A MAINTENANCE,,,,Julie Engler,jengler@cwtsato.com,group_unmatched,no,,,,,Julie Engler,JEngler@cwtsato.com
CWT FP&A MAINTENANCE,,,,Daleen Stamas,daleen.stamas@amexgbt.com,group_unmatched,no,,,,,Julie Engler,JEngler@cwtsato.com
CWT Global Physical Security,CWT Global Physical Security,17000392760,My Team,Anthony Panter,tony.panter@amexgbt.com,member,yes_member,17004605887,Anthony Panter,yes,My Team,Anthony Panter,tony.panter@amexgbt.com
CWT Glory - Data Warehouse Approver Group,,,,David Rey,david.rey@amexgbt.com,group_unmatched,no,17004605822,David Rey,yes,My Team,David Rey,david.rey@amexgbt.com
CWT Glory - Data Warehouse Approver Group,,,,Sara Janda,sara.janda@amexgbt.com,group_unmatched,no,17004603338,Sara Janda,yes,My Team,David Rey,david.rey@amexgbt.com
CWT Glory Approvers,CWT Glory Approvers,17000392896,My Team,Suzanne De Mare,suzanne.demare@amexgbt.com,member,yes_member,17004611028,Suzanne De Mare,yes,My Team,David Rey,david.rey@amexgbt.com
CWT Glory Approvers,CWT Glory Approvers,17000392896,My Team,David Rey,david.rey@amexgbt.com,member,yes_member,17004605822,David Rey,yes,My Team,David Rey,david.rey@amexgbt.com
CWT GSD KnowledgeBase,CWT GSD KnowledgeBase,17000392897,My Team,Erna Samonte,erna.samonte@amexgbt.com,member,yes_member,17004608463,Erna Samonte,yes,My Team,Geoffrey Gemoto,geoffrey.gemoto@amexgbt.com
CWT GSD Manila Leaders,CWT GSD Manila Leaders,17000392898,My Team,Mark Joseph Reguerra,markjoseph.reguerra@amexgbt.com,member,yes_member,17004684691,Mark Joseph Reguerra,yes,My Team,Geoffrey Gemoto,geoffrey.gemoto@amexgbt.com
CWT GSD Manila Leaders,CWT GSD Manila Leaders,17000392898,My Team,Daniel Fernandez,daniel.fernandez@amexgbt.com,member,yes_member,17004608668,Daniel Fernandez,yes,My Team,Geoffrey Gemoto,geoffrey.gemoto@amexgbt.com
CWT GSD Manila Leaders,CWT GSD Manila Leaders,17000392898,My Team,EDMON SALONGA,edmon.salonga@amexgbt.com,member,yes_member,17004608669,EDMON SALONGA,yes,My Team,Geoffrey Gemoto,geoffrey.gemoto@amexgbt.com
CWT GWS APP DEVELOPMENT,CWT GWS APP DEVELOPMENT,17000392830,My Team,Ernesto Esteban Casado,ernesto.estebancasado@amexgbt.com,member,yes_member,17005058368,Ernesto Esteban Casado,yes,My Team,Vittorio Margherita,vittorio.margherita@amexgbt.com
CWT GWS APP DEVELOPMENT,CWT GWS APP DEVELOPMENT,17000392830,My Team,Vittorio Margherita,vittorio.margherita@amexgbt.com,member,yes_member,17004607901,Vittorio Margherita,yes,My Team,Vittorio Margherita,vittorio.margherita@amexgbt.com
CWT HA IMPLEMENTATIONS,CWT HA IMPLEMENTATIONS,17000392761,My Team,Jodi Jackson,jodi.jackson@amexgbt.com,member,yes_member,17004606796,Jodi Jackson,yes,My Team,Kari Goodson,kari.goodson@amexgbt.com
CWT HA IMPLEMENTATIONS,CWT HA IMPLEMENTATIONS,17000392761,My Team,David Fromme,david.fromme@amexgbt.com,member,yes_member,17004606789,David Fromme,yes,My Team,Kari Goodson,kari.goodson@amexgbt.com
CWT HA IMPLEMENTATIONS,CWT HA IMPLEMENTATIONS,17000392761,My Team,Kevin Weiss,kevin.weiss@amexgbt.com,member,yes_member,17004603328,Kevin Weiss,yes,My Team,Kari Goodson,kari.goodson@amexgbt.com
CWT HA IMPLEMENTATIONS,CWT HA IMPLEMENTATIONS,17000392761,My Team,Kevin Vega,kevin.vega@amexgbt.com,agent_not_found,no,,,,,Kari Goodson,kari.goodson@amexgbt.com
CWT HA IMPLEMENTATIONS,CWT HA IMPLEMENTATIONS,17000392761,My Team,Kari Goodson,kari.goodson@amexgbt.com,member,yes_member,17004603348,Kari Goodson,yes,My Team,Kari Goodson,kari.goodson@amexgbt.com
CWT HARP Approver Group,CWT HARP Approver Group,17000392853,My Team,Jacqui Mccarthy,jacqui.mccarthy@amexgbt.com,member,yes_member,17004605806,Jacqui Mccarthy,yes,My Team,Jacqui Mccarthy,jacqui.mccarthy@amexgbt.com
CWT HFM Admin IT,CWT HFM Admin IT,17000392831,My Team,Jerome Billand,jerome.billand@amexgbt.com,member,yes_member,17004607624,Jerome Billand,yes,My Team,Phillip Greenhagen,phillip.greenhagen@amexgbt.com
CWT HFM Admin IT,CWT HFM Admin IT,17000392831,My Team,Sundeep Charlakola,sundeep.charlakola@amexgbt.com,member,yes_member,17004605287,Sundeep Charlakola,yes,My Team,Phillip Greenhagen,phillip.greenhagen@amexgbt.com
CWT HR EIT Approvers,CWT HR EIT Approvers,17000392855,My Team,Marjorie Espina,marjorie.espina@amexgbt.com,member,yes_member,17004608482,Marjorie Espina,yes,My Team | HR,Phillip Greenhagen,phillip.greenhagen@amexgbt.com
CWT HR EIT Approvers,CWT HR EIT Approvers,17000392855,My Team,Mel Asuncion,mel.asuncion@amexgbt.com,member,yes_member,17004634825,Mel Asuncion,yes,My Team,Phillip Greenhagen,phillip.greenhagen@amexgbt.com
CWT HR EIT Approvers,CWT HR EIT Approvers,17000392855,My Team,Phillip Greenhagen,phillip.greenhagen@amexgbt.com,member,yes_member,17004603428,Phillip Greenhagen,yes,My Team,Phillip Greenhagen,phillip.greenhagen@amexgbt.com
CWT HRSolutions,CWT HRSolutions,17000392832,My Team,Marjorie Espina,marjorie.espina@amexgbt.com,member,yes_member,17004608482,Marjorie Espina,yes,My Team | HR,Marjorie Espina,marjorie.espina@amexgbt.com
CWT HSP Approver Group,CWT HSP Approver Group,17000392856,My Team,Gerardo Mendoza,gerardo.mendoza2@amexgbt.com,member,yes_member,17004608451,Gerardo Mendoza,yes,My Team,Jillian Cox,jill.cox@amexgbt.com
CWT HSP Approver Group,CWT HSP Approver Group,17000392856,My Team,Nichol Levin Abiog,nichollevin.abiog@amexgbt.com,member,yes_member,17004608373,Nichol Levin Abiog,yes,My Team,Jillian Cox,jill.cox@amexgbt.com
CWT HTL EIT Approver,CWT HTL EIT Approver,17000392857,My Team,Phillip Greenhagen,phillip.greenhagen@amexgbt.com,member,yes_member,17004603428,Phillip Greenhagen,yes,My Team,Phillip Greenhagen,phillip.greenhagen@amexgbt.com
CWT HTL EIT Approver,CWT HTL EIT Approver,17000392857,My Team,Mel Asuncion,mel.asuncion@amexgbt.com,member,yes_member,17004634825,Mel Asuncion,yes,My Team,Phillip Greenhagen,phillip.greenhagen@amexgbt.com
CWT Hyperion Financial Management (HFM) Approvers,,,,Jerome Billand,jerome.billand@amexgbt.com,group_unmatched,no,17004607624,Jerome Billand,yes,My Team,Jerome Billand,jerome.billand@amexgbt.com
CWT ID Admin,CWT ID Admin,17000392762,My Team,Jane Galzki,jane.galzki@amexgbt.com,member,yes_member,17004603401,Jane Galzki,yes,My Team,Vinay Saraogi,vinay.saraogi@amexgbt.com
CWT ID Admin,CWT ID Admin,17000392762,My Team,Vinay Saraogi,vinay.saraogi@amexgbt.com,member,yes_member,17004603239,Vinay Saraogi,yes,My Team,Vinay Saraogi,vinay.saraogi@amexgbt.com
CWT ID Studios Approver Group,CWT ID Studios Approver Group,17000392858,My Team,Noel Buela,noel.buela@amexgbt.com,member,yes_member,17004608526,Noel Buela,yes,My Team,Craig Haughan,craig.haughan@amexgbt.com
CWT ID Studios Approver Group,CWT ID Studios Approver Group,17000392858,My Team,John Carlo C. Inobaya,johncarloc.inobaya@amexgbt.com,member,yes_member,17004608585,John Carlo C. Inobaya,yes,My Team,Craig Haughan,craig.haughan@amexgbt.com
CWT ID Studios Approver Group,CWT ID Studios Approver Group,17000392858,My Team,Craig Haughan,craig.haughan@amexgbt.com,member,yes_member,17004605570,Craig Haughan,yes,My Team,Craig Haughan,craig.haughan@amexgbt.com
CWT ID Studios Approver Group,CWT ID Studios Approver Group,17000392858,My Team,Regino Ilano,regino.ilano@amexgbt.com,member,yes_member,17004608308,Regino Ilano,yes,My Team,Craig Haughan,craig.haughan@amexgbt.com
CWT ID Studios Approver Group,CWT ID Studios Approver Group,17000392858,My Team,Philip Taft,phil.taft@amexgbt.com,member,yes_member,17004605888,Philip Taft,yes,My Team,Craig Haughan,craig.haughan@amexgbt.com
CWT ID Studios Approver Group,CWT ID Studios Approver Group,17000392858,My Team,Rolando Tiangco Jr.,rolando.tiangcojr@amexgbt.com,member,yes_member,17004608531,Rolando Tiangco Jr.,yes,My Team,Craig Haughan,craig.haughan@amexgbt.com
CWT Identity & Access Management,CWT Identity & Access Management,17000392763,My Team,Vinay Saraogi,vinay.saraogi@amexgbt.com,member,yes_member,17004603239,Vinay Saraogi,yes,My Team,Vinay Saraogi,vinay.saraogi@amexgbt.com
CWT Identity & Access Management,CWT Identity & Access Management,17000392763,My Team,Jane Galzki,jane.galzki@amexgbt.com,member,yes_member,17004603401,Jane Galzki,yes,My Team,Vinay Saraogi,vinay.saraogi@amexgbt.com
CWT Incident Management,CWT Incident Management,17000392833,My Team,Arpit Dixit,arpit.dixit@amexgbt.com,member,yes_member,17004853902,Arpit Dixit,yes,My Team,Geoffrey Gemoto,geoffrey.gemoto@amexgbt.com
CWT Incident Management,CWT Incident Management,17000392833,My Team,Alexter John Tupaz,alexterjohn.tupaz@amexgbt.com,member,yes_member,17004608550,Alexter John Tupaz,yes,My Team,Geoffrey Gemoto,geoffrey.gemoto@amexgbt.com
CWT Incident Management,CWT Incident Management,17000392833,My Team,Erna Samonte,erna.samonte@amexgbt.com,member,yes_member,17004608463,Erna Samonte,yes,My Team,Geoffrey Gemoto,geoffrey.gemoto@amexgbt.com
CWT Incident Management,CWT Incident Management,17000392833,My Team,Sam Goh,sam.goh@amexgbt.com,agent_not_found,no,,,,,Geoffrey Gemoto,geoffrey.gemoto@amexgbt.com
CWT Incident Management,CWT Incident Management,17000392833,My Team,Syed Rehanul Haque,syedrehanul.haque@amexgbt.com,member,yes_member,17002894972,Syed Rehanul Haque,yes,My Team,Geoffrey Gemoto,geoffrey.gemoto@amexgbt.com
CWT Incident Management,CWT Incident Management,17000392833,My Team,Laarni Ricafort,laarni.ricafort@amexgbt.com,member,yes_member,17004608658,Laarni Ricafort,yes,My Team,Geoffrey Gemoto,geoffrey.gemoto@amexgbt.com
CWT Incident Management,CWT Incident Management,17000392833,My Team,Anastasia Blundell,anastasia.blundell@amexgbt.com,member,yes_member,17001602400,Anastasia Blundell,yes,My Team,Geoffrey Gemoto,geoffrey.gemoto@amexgbt.com
CWT Incident Management,CWT Incident Management,17000392833,My Team,Renz Almer Tolosa,renzalmer.tolosa@amexgbt.com,member,yes_member,17004608212,Renz Almer Tolosa,yes,My Team,Geoffrey Gemoto,geoffrey.gemoto@amexgbt.com
CWT Incident Management,CWT Incident Management,17000392833,My Team,Suraj Shetty,suraj.shetty@amexgbt.com,member,yes_member,17004159070,Suraj Shetty,yes,My Team,Geoffrey Gemoto,geoffrey.gemoto@amexgbt.com
CWT Incident Management,CWT Incident Management,17000392833,My Team,Mohammed Thanish,mohammed.thanish@amexgbt.com,member,yes_member,17002123817,Mohammed Thanish,yes,My Team,Geoffrey Gemoto,geoffrey.gemoto@amexgbt.com
CWT Incident Management,CWT Incident Management,17000392833,My Team,Snehal Rajput,snehal.rajput@amexgbt.com,member,yes_member,17004946688,Snehal Rajput,yes,My Team,Geoffrey Gemoto,geoffrey.gemoto@amexgbt.com
CWT Incident Management,CWT Incident Management,17000392833,My Team,Ankam Siva Krishna,ankam.sivakrishna@amexgbt.com,member,yes_member,17004119104,Ankam Siva Krishna,yes,My Team,Geoffrey Gemoto,geoffrey.gemoto@amexgbt.com
CWT Incident Management,CWT Incident Management,17000392833,My Team,Sanjukta Dhar,sanjukta.dhar@amexgbt.com,member,yes_member,17004955474,Sanjukta Dhar,yes,My Team,Geoffrey Gemoto,geoffrey.gemoto@amexgbt.com
CWT Incident Management,CWT Incident Management,17000392833,My Team,Bose Bakare,bose.bakare@amexgbt.com,member,yes_member,17004605548,Bose Bakare,yes,My Team,Geoffrey Gemoto,geoffrey.gemoto@amexgbt.com
CWT Incident Management,CWT Incident Management,17000392833,My Team,Korrapati Haji Ghouse,korrapati.hajighouse@amexgbt.com,not_in_group,no,17004991058,Korrapati hajighouse,yes,My Team,Geoffrey Gemoto,geoffrey.gemoto@amexgbt.com
CWT Incident Management,CWT Incident Management,17000392833,My Team,Issa Alombah,issa.alombah@amexgbt.com,member,yes_member,17001525835,Issa Alombah,yes,My Team,Geoffrey Gemoto,geoffrey.gemoto@amexgbt.com
CWT Incident Management,CWT Incident Management,17000392833,My Team,Laarni Valiente,laarni.valiente@amexgbt.com,member,yes_member,17004608419,Laarni Valiente,yes,My Team,Geoffrey Gemoto,geoffrey.gemoto@amexgbt.com
CWT Incident Management,CWT Incident Management,17000392833,My Team,Needa Fathima,needa.fathima@amexgbt.com,member,yes_member,17001534060,Needa Fathima,yes,My Team,Geoffrey Gemoto,geoffrey.gemoto@amexgbt.com
CWT Incident Management,CWT Incident Management,17000392833,My Team,Snehalatha B,snehalatha.b@amexgbt.com,member,yes_member,17004651858,Snehalatha B,yes,My Team,Geoffrey Gemoto,geoffrey.gemoto@amexgbt.com
CWT Incident Management,CWT Incident Management,17000392833,My Team,Chris Peterson,chris.peterson@amexgbt.com,member,yes_member,17001481015,Chris Peterson,yes,My Team,Geoffrey Gemoto,geoffrey.gemoto@amexgbt.com
CWT Incident Management,CWT Incident Management,17000392833,My Team,Richard Villamin,richard.villamin@amexgbt.com,member,yes_member,17004608552,Richard Villamin,yes,My Team,Geoffrey Gemoto,geoffrey.gemoto@amexgbt.com
CWT Incident Management,CWT Incident Management,17000392833,My Team,Garlus Missier S,garlus.missiers@amexgbt.com,member,yes_member,17003214239,Garlus Missier S,yes,My Team,Geoffrey Gemoto,geoffrey.gemoto@amexgbt.com
CWT Incident Management,CWT Incident Management,17000392833,My Team,Jacky Boy Pangandaman,jackyboy.pangandaman@amexgbt.com,member,yes_member,17004608397,Jacky Boy Pangandaman,yes,My Team,Geoffrey Gemoto,geoffrey.gemoto@amexgbt.com
CWT Incident Management,CWT Incident Management,17000392833,My Team,Vishwa BS,vishwa.bs@amexgbt.com,member,yes_member,17004374355,Vishwa BS,yes,My Team,Geoffrey Gemoto,geoffrey.gemoto@amexgbt.com
CWT Incident Management,CWT Incident Management,17000392833,My Team,Banoth Shailaja,banoth.shailaja@amexgbt.com,member,yes_member,17004432722,Banoth Shailaja,yes,My Team,Geoffrey Gemoto,geoffrey.gemoto@amexgbt.com
CWT Incident Management,CWT Incident Management,17000392833,My Team,Ivan Jimenez,ivan.jimenez1@amexgbt.com,member,yes_member,17001481084,Ivan Jimenez,yes,My Team,Geoffrey Gemoto,geoffrey.gemoto@amexgbt.com
CWT Incident Management,CWT Incident Management,17000392833,My Team,Geoffrey Gemoto,geoffrey.gemoto@amexgbt.com,member,yes_member,17004608431,Geoffrey Gemoto,yes,My Team,Geoffrey Gemoto,geoffrey.gemoto@amexgbt.com
CWT Incident Management,CWT Incident Management,17000392833,My Team,Mahtab Alam,mahtab.alam@amexgbt.com,member,yes_member,17004120747,Mahtab Alam,yes,My Team,Geoffrey Gemoto,geoffrey.gemoto@amexgbt.com
CWT Incident Management,CWT Incident Management,17000392833,My Team,Nilendra Singhal,nilendra.singhal@amexgbt.com,member,yes_member,17004638895,Nilendra Singhal,yes,My Team,Geoffrey Gemoto,geoffrey.gemoto@amexgbt.com
CWT Incident Management,CWT Incident Management,17000392833,My Team,Suman Naik,suman.naik@amexgbt.com,member,yes_member,17004170707,Suman Naik,yes,My Team,Geoffrey Gemoto,geoffrey.gemoto@amexgbt.com
CWT Incident Management,CWT Incident Management,17000392833,My Team,Rohini Thombre,rohini.thombre@amexgbt.com,member,yes_member,17003871508,Rohini Thombre,yes,My Team,Geoffrey Gemoto,geoffrey.gemoto@amexgbt.com
CWT Incident Management,CWT Incident Management,17000392833,My Team,Akanchha Prapti,akanchha.prapti@amexgbt.com,member,yes_member,17004270311,Akanchha Prapti,yes,My Team,Geoffrey Gemoto,geoffrey.gemoto@amexgbt.com
CWT Incident Management,CWT Incident Management,17000392833,My Team,Lorenzo Aguayo,lorenzo.aguayo@amexgbt.com,member,yes_member,17003921983,Lorenzo Aguayo,yes,My Team,Geoffrey Gemoto,geoffrey.gemoto@amexgbt.com
CWT Incident Management,CWT Incident Management,17000392833,My Team,Hari Kumar Akula,harikumar.akula@amexgbt.com,member,yes_member,17004473368,Hari Kumar Akula,yes,My Team,Geoffrey Gemoto,geoffrey.gemoto@amexgbt.com
CWT INFORMATION SECURITY,CWT INFORMATION SECURITY,17000392764,My Team,Matt Brandl,matt.brandl@amexgbt.com,member,yes_member,17004603235,Matt Brandl,yes,My Team,Sebastian Wlodarski,sebastian.wlodarski@amexgbt.com
CWT INFORMATION SECURITY,CWT INFORMATION SECURITY,17000392764,My Team,Laura Doyle,laura.doyle@amexgbt.com,member,yes_member,17004603380,Laura Doyle,yes,My Team,Sebastian Wlodarski,sebastian.wlodarski@amexgbt.com
CWT INFORMATION SECURITY,CWT INFORMATION SECURITY,17000392764,My Team,Sebastian Wlodarski,sebastian.wlodarski@amexgbt.com,member,yes_member,17004604932,Sebastian Wlodarski,yes,My Team,Sebastian Wlodarski,sebastian.wlodarski@amexgbt.com
CWT INFORMATION SECURITY,CWT INFORMATION SECURITY,17000392764,My Team,Arjun Gupta,arjun.gupta@amexgbt.com,member,yes_member,17004852150,Arjun Gupta,yes,My Team,Sebastian Wlodarski,sebastian.wlodarski@amexgbt.com
CWT INFORMATION SECURITY,CWT INFORMATION SECURITY,17000392764,My Team,Subhendu Banerjee,subhendu.banerjee@amexgbt.com,member,yes_member,17004605026,Subhendu Banerjee,yes,My Team,Sebastian Wlodarski,sebastian.wlodarski@amexgbt.com
CWT INFORMATION SECURITY,CWT INFORMATION SECURITY,17000392764,My Team,Sourav Das,sourav.das@amexgbt.com,member,yes_member,17004602627,Sourav Das,yes,My Team,Sebastian Wlodarski,sebastian.wlodarski@amexgbt.com
CWT INFORMATION SECURITY,CWT INFORMATION SECURITY,17000392764,My Team,Vasu Jariwala,vasu.jariwala@amexgbt.com,member,yes_member,17004605029,Vasu Jariwala,yes,My Team,Sebastian Wlodarski,sebastian.wlodarski@amexgbt.com
CWT INFORMATION SECURITY,CWT INFORMATION SECURITY,17000392764,My Team,Leif Wilson,leif.wilson@amexgbt.com,member,yes_member,17004603012,Leif Wilson,yes,My Team,Sebastian Wlodarski,sebastian.wlodarski@amexgbt.com
CWT INFORMATION SECURITY,CWT INFORMATION SECURITY,17000392764,My Team,Gabriel Howard,gabriel.howard@amexgbt.com,member,yes_member,17004603773,Gabriel Howard,yes,My Team,Sebastian Wlodarski,sebastian.wlodarski@amexgbt.com
CWT Integration Platform Approver Group,,,,Danica Eimer,danica.eimer@amexgbt.com,group_unmatched,no,17004603831,Danica Eimer,yes,My Team,Daniel Walsh,daniel.walsh@amexgbt.com
CWT Integration Platform Approver Group,,,,Daniel Walsh,daniel.walsh@amexgbt.com,group_unmatched,no,17004603019,Daniel Walsh,yes,My Team,Daniel Walsh,daniel.walsh@amexgbt.com
CWT JDE Approvers,CWT JDE Approvers,17000392860,My Team,Joel Roux,joel.roux@amexgbt.com,member,yes_member,17004607770,Joel Roux,yes,My Team,Joel Roux,joel.roux@amexgbt.com
CWT LATAM-BR System Development,CWT LATAM-BR System Development,17000392834,My Team,Felipe Marques Dantas,felipe.marquesdantas@amexgbt.com,member,yes_member,17004602396,Felipe Marques Dantas,yes,My Team,Luiz Bittencourt,luiz.bittencourt@amexgbt.com
CWT LATAM-BR System Development,CWT LATAM-BR System Development,17000392834,My Team,Maria Rothganger,mrothganger@mycwt.com,agent_not_found,no,,,,,Luiz Bittencourt,luiz.bittencourt@amexgbt.com
CWT LATAM-BR System Development,CWT LATAM-BR System Development,17000392834,My Team,Luiz Bittencourt,luiz.bittencourt@amexgbt.com,member,yes_member,17004602459,Luiz Bittencourt,yes,My Team,Luiz Bittencourt,luiz.bittencourt@amexgbt.com
CWT LATAM-Hardware Procurement Request,,,,Luis Espinoza,luis.espinoza1@amexgbt.com,group_unmatched,no,17004602213,Luis Espinoza,yes,My Team,Danilo Mazzolani,danilo.mazzolani@amexgbt.com
CWT LATAM-Hardware Procurement Request,,,,Danilo Mazzolani,danilo.mazzolani@amexgbt.com,group_unmatched,no,17004602481,Danilo Mazzolani,yes,My Team,Danilo Mazzolani,danilo.mazzolani@amexgbt.com
CWT LATAM-Hardware Procurement Request,,,,Carlos Hernandez,carlos.hernandez2@amexgbt.com,group_unmatched,no,17004606356,Carlos Hernandez,yes,My Team,Danilo Mazzolani,danilo.mazzolani@amexgbt.com
CWT LATAM_CR Physical Security,CWT LATAM_CR Physical Security,17000392862,My Team,Anthony Panter,tony.panter@amexgbt.com,member,yes_member,17004605887,Anthony Panter,yes,My Team,Anthony Panter,tony.panter@amexgbt.com
CWT LATAM_CR Physical Security,CWT LATAM_CR Physical Security,17000392862,My Team,Marcela Quesada,marcela.quesada@amexgbt.com,member,yes_member,17004606877,Marcela Quesada,yes,My Team,Anthony Panter,tony.panter@amexgbt.com
CWT Matrix QR - US Approver Group,,,,Phillip Greenhagen,phillip.greenhagen@amexgbt.com,group_unmatched,no,17004603428,Phillip Greenhagen,yes,My Team,Phillip Greenhagen,phillip.greenhagen@amexgbt.com
CWT MDF Approver Group,CWT MDF Approver Group,17000392863,My Team,Daniel Walsh,daniel.walsh@amexgbt.com,member,yes_member,17004603019,Daniel Walsh,yes,My Team,Patrice Simon,patrice.simon@amexgbt.com
CWT MDF Approver Group,CWT MDF Approver Group,17000392863,My Team,Danica Eimer,danica.eimer@amexgbt.com,member,yes_member,17004603831,Danica Eimer,yes,My Team,Patrice Simon,patrice.simon@amexgbt.com
CWT MER APP SUPPORT,CWT MER APP SUPPORT,17000392835,My Team,Neil Earvin Talavera,neilearvin.talavera@amexgbt.com,member,yes_member,17004608520,Neil Earvin Talavera,yes,My Team,Sandeep Kalayankar,sandeep.kalayankar@amexgbt.com
CWT MER APP SUPPORT,CWT MER APP SUPPORT,17000392835,My Team,Mel Asuncion,mel.asuncion@amexgbt.com,member,yes_member,17004634825,Mel Asuncion,yes,My Team,Sandeep Kalayankar,sandeep.kalayankar@amexgbt.com
CWT MER APP SUPPORT,CWT MER APP SUPPORT,17000392835,My Team,Sandeep Kalayankar,sandeep.kalayankar@amexgbt.com,member,yes_member,17004604201,Sandeep Kalayankar,yes,My Team,Sandeep Kalayankar,sandeep.kalayankar@amexgbt.com
CWT MER APP SUPPORT,CWT MER APP SUPPORT,17000392835,My Team,Cristelle Rose Sampang,cristellerose.sampang@amexgbt.com,member,yes_member,17004608515,Cristelle Rose Sampang,yes,My Team,Sandeep Kalayankar,sandeep.kalayankar@amexgbt.com
CWT Messaging,CWT Messaging,17000392766,My Team,Jagannath Thotli,jagannath.thotli@amexgbt.com,member,yes_member,17004602672,Jagannath Thotli,yes,My Team,Jagannath Thotli,jagannath.thotli@amexgbt.com
CWT Messaging,CWT Messaging,17000392766,My Team,Nathan Binneboese,nate.binneboese@amexgbt.com,member,yes_member,17004603242,Nathan Binneboese,yes,My Team,Jagannath Thotli,jagannath.thotli@amexgbt.com
CWT Messaging,CWT Messaging,17000392766,My Team,James Whitlow,james.whitlow@amexgbt.com,member,yes_member,17004603456,James Whitlow,yes,My Team,Jagannath Thotli,jagannath.thotli@amexgbt.com
CWT Messaging,CWT Messaging,17000392766,My Team,Anne Kathleen Maulion,annekathleen.maulion@amexgbt.com,member,yes_member,17004608307,Anne Kathleen Maulion,yes,My Team,Jagannath Thotli,jagannath.thotli@amexgbt.com
CWT Messaging,CWT Messaging,17000392766,My Team,Cody Lamont,cody.lamont@amexgbt.com,member,yes_member,17004603487,Cody Lamont,yes,My Team,Jagannath Thotli,jagannath.thotli@amexgbt.com
CWT Messaging,CWT Messaging,17000392766,My Team,Michael Victor Olivar,michaelvictor.olivar@amexgbt.com,member,yes_member,17004608379,Michael Victor Olivar,yes,My Team,Jagannath Thotli,jagannath.thotli@amexgbt.com
CWT Messaging,CWT Messaging,17000392766,My Team,Chris Ray,chris.ray@amexgbt.com,member,yes_member,17004605790,Chris Ray,yes,My Team,Jagannath Thotli,jagannath.thotli@amexgbt.com
CWT Messaging,CWT Messaging,17000392766,My Team,Zachary Daniel,zachary.daniel@amexgbt.com,member,yes_member,17004603486,Zachary Daniel,yes,My Team,Jagannath Thotli,jagannath.thotli@amexgbt.com
CWT Network Engineering,CWT Network Engineering,17000392836,My Team,Robert Nino Apolinario,robertnino.apolinario@amexgbt.com,member,yes_member,17004608429,Robert Nino Apolinario,yes,My Team,Marcus Wanielik,marcus.wanielik@amexgbt.com
CWT Network Engineering,CWT Network Engineering,17000392836,My Team,Nathan Onder,nathan.onder@amexgbt.com,member,yes_member,17004604159,Nathan Onder,yes,My Team,Marcus Wanielik,marcus.wanielik@amexgbt.com
CWT Network Engineering,CWT Network Engineering,17000392836,My Team,Alekhine Talaña,alekhine.talana@amexgbt.com,member,yes_member,17004608292,Alekhine Talaña,yes,My Team,Marcus Wanielik,marcus.wanielik@amexgbt.com
CWT Network Engineering,CWT Network Engineering,17000392836,My Team,Marcus Wanielik,marcus.wanielik@amexgbt.com,member,yes_member,17004788811,Marcus Wanielik,yes,My Team,Marcus Wanielik,marcus.wanielik@amexgbt.com
CWT Network Engineering,CWT Network Engineering,17000392836,My Team,Dharma Narayan Banua,dbanua@mycwt.com,agent_not_found,no,,,,,Marcus Wanielik,marcus.wanielik@amexgbt.com
CWT Network Leadership Approval,CWT Network Leadership Approval,17000392864,My Team,Marcus Wanielik,marcus.wanielik@amexgbt.com,member,yes_member,17004788811,Marcus Wanielik,yes,My Team,Marcus Wanielik,marcus.wanielik@amexgbt.com
CWT Network Leadership Approval,CWT Network Leadership Approval,17000392864,My Team,Ian Edwards,ian.edwards@amexgbt.com,member,yes_member,17004605666,Ian Edwards,yes,My Team,Marcus Wanielik,marcus.wanielik@amexgbt.com
CWT Network Leadership Approval,CWT Network Leadership Approval,17000392864,My Team,Robert Nino Apolinario,robertnino.apolinario@amexgbt.com,member,yes_member,17004608429,Robert Nino Apolinario,yes,My Team,Marcus Wanielik,marcus.wanielik@amexgbt.com
CWT Network Support,CWT Network Support,17000392767,My Team,Rainier Torres,rtorres@mycwt.com,agent_not_found,no,,,,,Robert Nino Apolinario,robertnino.apolinario@amexgbt.com
CWT Network Support,CWT Network Support,17000392767,My Team,Network Support On-call Device,,agent_not_found,no,,,,,Robert Nino Apolinario,robertnino.apolinario@amexgbt.com
CWT Network Support,CWT Network Support,17000392767,My Team,Dharma Narayan Banua,dbanua@mycwt.com,agent_not_found,no,,,,,Robert Nino Apolinario,robertnino.apolinario@amexgbt.com
CWT Network Support,CWT Network Support,17000392767,My Team,Alekhine Talaña,alekhine.talana@amexgbt.com,member,yes_member,17004608292,Alekhine Talaña,yes,My Team,Robert Nino Apolinario,robertnino.apolinario@amexgbt.com
CWT Network Support,CWT Network Support,17000392767,My Team,Jason Rafael Barbo,jasonrafael.barbo@amexgbt.com,member,yes_member,17004608573,Jason Rafael Barbo,yes,My Team,Robert Nino Apolinario,robertnino.apolinario@amexgbt.com
CWT Network Support,CWT Network Support,17000392767,My Team,Nick Nicor Jr.,nick.nicorjr@amexgbt.com,member,yes_member,17004608510,Nick Nicor Jr.,yes,My Team,Robert Nino Apolinario,robertnino.apolinario@amexgbt.com
CWT Network Support,CWT Network Support,17000392767,My Team,Robert Nino Apolinario,robertnino.apolinario@amexgbt.com,member,yes_member,17004608429,Robert Nino Apolinario,yes,My Team,Robert Nino Apolinario,robertnino.apolinario@amexgbt.com
CWT Network Support,CWT Network Support,17000392767,My Team,Marcus Wanielik,marcus.wanielik@amexgbt.com,member,yes_member,17004788811,Marcus Wanielik,yes,My Team,Robert Nino Apolinario,robertnino.apolinario@amexgbt.com
CWT Network Support,CWT Network Support,17000392767,My Team,Murphy Bahalla,murphy.bahalla@amexgbt.com,member,yes_member,17004608572,Murphy Bahalla,yes,My Team,Robert Nino Apolinario,robertnino.apolinario@amexgbt.com
CWT Network Support,CWT Network Support,17000392767,My Team,Nathan Onder,nathan.onder@amexgbt.com,member,yes_member,17004604159,Nathan Onder,yes,My Team,Robert Nino Apolinario,robertnino.apolinario@amexgbt.com
CWT Network Support,CWT Network Support,17000392767,My Team,Mark Antipolo,mark.antipolo@amexgbt.com,member,yes_member,17004608569,Mark Antipolo,yes,My Team,Robert Nino Apolinario,robertnino.apolinario@amexgbt.com
CWT Network Support,CWT Network Support,17000392767,My Team,Howell Daniels,hdaniels@mycwt.com,agent_not_found,no,,,,,Robert Nino Apolinario,robertnino.apolinario@amexgbt.com
CWT NORAM Physical Security,CWT NORAM Physical Security,17000392865,My Team,Anthony Panter,tony.panter@amexgbt.com,member,yes_member,17004605887,Anthony Panter,yes,My Team,Anthony Panter,tony.panter@amexgbt.com
CWT NORAM Physical Security,CWT NORAM Physical Security,17000392865,My Team,Jodi Jackson,jodi.jackson@amexgbt.com,member,yes_member,17004606796,Jodi Jackson,yes,My Team,Anthony Panter,tony.panter@amexgbt.com
CWT NORAM Physical Security,CWT NORAM Physical Security,17000392865,My Team,Patrick Pfau,patrick.pfau@amexgbt.com,member,yes_member,17004603141,Patrick Pfau,yes,My Team,Anthony Panter,tony.panter@amexgbt.com
CWT NORAM Point of Sale Support Services,CWT NORAM Point of Sale Support Services,17000392837,My Team,Gregory Newham,gregory.newham@amexgbt.com,member,yes_member,17004603370,Gregory Newham,yes,My Team,Gregory Newham,gregory.newham@amexgbt.com
CWT OIC APP SUPPORT,CWT OIC APP SUPPORT,17000392809,My Team,Sundeep Charlakola,sundeep.charlakola@amexgbt.com,member,yes_member,17004605287,Sundeep Charlakola,yes,My Team,Mel Asuncion,mel.asuncion@amexgbt.com
CWT OIC APP SUPPORT,CWT OIC APP SUPPORT,17000392809,My Team,Cristelle Rose Sampang,cristellerose.sampang@amexgbt.com,member,yes_member,17004608515,Cristelle Rose Sampang,yes,My Team,Mel Asuncion,mel.asuncion@amexgbt.com
CWT Payment Platform Approver,CWT Payment Platform Approver,17000392866,My Team,Daniel Walsh,daniel.walsh@amexgbt.com,member,yes_member,17004603019,Daniel Walsh,yes,My Team,Daniel Walsh,daniel.walsh@amexgbt.com
CWT Payment Platform Approver,CWT Payment Platform Approver,17000392866,My Team,Michael Wirth,michael.wirth@amexgbt.com,member,yes_member,17004605810,Michael Wirth,yes,My Team,Daniel Walsh,daniel.walsh@amexgbt.com
CWT Payment Platform Approver,CWT Payment Platform Approver,17000392866,My Team,Andrea D'Amico,andrea.damico@amexgbt.com,member,yes_member,17004605610,Andrea D'Amico,yes,My Team,Daniel Walsh,daniel.walsh@amexgbt.com
CWT Payment Platform Approver,CWT Payment Platform Approver,17000392866,My Team,Darren Wartnaby,darren.wartnaby@amexgbt.com,member,yes_member,17004605714,Darren Wartnaby,yes,My Team,Daniel Walsh,daniel.walsh@amexgbt.com
CWT Payment Platform Hub,CWT Payment Platform Hub,17000392768,My Team,Christian John Pascual,christianjohn.pascual@amexgbt.com,member,yes_member,17004608478,Christian John Pascual,yes,My Team,Daniel Walsh,daniel.walsh@amexgbt.com
CWT Payment Platform Hub,CWT Payment Platform Hub,17000392768,My Team,Andrea D'Amico,andrea.damico@amexgbt.com,member,yes_member,17004605610,Andrea D'Amico,yes,My Team,Daniel Walsh,daniel.walsh@amexgbt.com
CWT Payment Platform Hub,CWT Payment Platform Hub,17000392768,My Team,Charles Allman,charles.allman@amexgbt.com,member,yes_member,17004604850,Charles Allman,yes,My Team,Daniel Walsh,daniel.walsh@amexgbt.com
CWT Payment Platform Hub,CWT Payment Platform Hub,17000392768,My Team,Sigrid Buenaventura,sigrid.buenaventura@amexgbt.com,member,yes_member,17004608392,Sigrid Buenaventura,yes,My Team,Daniel Walsh,daniel.walsh@amexgbt.com
CWT Payment Platform Hub,CWT Payment Platform Hub,17000392768,My Team,Ryan Scalzo,ryan.scalzo@amexgbt.com,member,yes_member,17004605305,Ryan Scalzo,yes,My Team,Daniel Walsh,daniel.walsh@amexgbt.com
CWT Payment Platform Hub,CWT Payment Platform Hub,17000392768,My Team,Michelle De Jesus,michelle.dejesus@amexgbt.com,member,yes_member,17004608371,Michelle De Jesus,yes,My Team,Daniel Walsh,daniel.walsh@amexgbt.com
CWT Payment Platform Hub,CWT Payment Platform Hub,17000392768,My Team,Jeffrey Canlas,jeffrey.canlas@amexgbt.com,member,yes_member,17004608326,Jeffrey Canlas,yes,My Team,Daniel Walsh,daniel.walsh@amexgbt.com
CWT Payment Platform Hub,CWT Payment Platform Hub,17000392768,My Team,Michael Wirth,michael.wirth@amexgbt.com,member,yes_member,17004605810,Michael Wirth,yes,My Team,Daniel Walsh,daniel.walsh@amexgbt.com
CWT Payment Platform Hub,CWT Payment Platform Hub,17000392768,My Team,Darren Wartnaby,darren.wartnaby@amexgbt.com,member,yes_member,17004605714,Darren Wartnaby,yes,My Team,Daniel Walsh,daniel.walsh@amexgbt.com
CWT Payment Platform Hub,CWT Payment Platform Hub,17000392768,My Team,Daniel Walsh,daniel.walsh@amexgbt.com,member,yes_member,17004603019,Daniel Walsh,yes,My Team,Daniel Walsh,daniel.walsh@amexgbt.com
CWT Payment Platform Hub,CWT Payment Platform Hub,17000392768,My Team,Kim Bejona,kbejona@mycwt.com,agent_not_found,no,,,,,Daniel Walsh,daniel.walsh@amexgbt.com
CWT Payment Platform Hub,CWT Payment Platform Hub,17000392768,My Team,Louis Albert Cruz,louisalbert.cruz@amexgbt.com,member,yes_member,17004608499,Louis Albert Cruz,yes,My Team,Daniel Walsh,daniel.walsh@amexgbt.com
CWT Payment Platform Hub,CWT Payment Platform Hub,17000392768,My Team,Arjay Asuncion,aasuncion@mycwt.com,agent_not_found,no,,,,,Daniel Walsh,daniel.walsh@amexgbt.com
CWT Payment Platform Hub,CWT Payment Platform Hub,17000392768,My Team,Volodymyr Baisa,volodymyr.baisa@amexgbt.com,member,yes_member,17004602675,Volodymyr Baisa,yes,My Team,Daniel Walsh,daniel.walsh@amexgbt.com
CWT Payment Platform Hub,CWT Payment Platform Hub,17000392768,My Team,Donato Valenti Leandro Amasa,damasa@mycwt.com,agent_not_found,no,,,,,Daniel Walsh,daniel.walsh@amexgbt.com
CWT Payment Platform Hub,CWT Payment Platform Hub,17000392768,My Team,Jemma Lyn Lambio,jemmalyn.lambio@amexgbt.com,member,yes_member,17004608317,Jemma Lyn Lambio,yes,My Team,Daniel Walsh,daniel.walsh@amexgbt.com
CWT Payment Platform L3,CWT Payment Platform L3,17000392810,My Team,Volodymyr Baisa,volodymyr.baisa@amexgbt.com,member,yes_member,17004602675,Volodymyr Baisa,yes,My Team,Daniel Walsh,daniel.walsh@amexgbt.com
CWT Payment Platform L3,CWT Payment Platform L3,17000392810,My Team,Kim Bejona,kbejona@mycwt.com,agent_not_found,no,,,,,Daniel Walsh,daniel.walsh@amexgbt.com
CWT Payment Platform L3,CWT Payment Platform L3,17000392810,My Team,Jeffrey Canlas,jeffrey.canlas@amexgbt.com,member,yes_member,17004608326,Jeffrey Canlas,yes,My Team,Daniel Walsh,daniel.walsh@amexgbt.com
CWT Payment Platform L3,CWT Payment Platform L3,17000392810,My Team,Arjay Asuncion,aasuncion@mycwt.com,agent_not_found,no,,,,,Daniel Walsh,daniel.walsh@amexgbt.com
CWT Payment Platform L3,CWT Payment Platform L3,17000392810,My Team,Daniel Walsh,daniel.walsh@amexgbt.com,member,yes_member,17004603019,Daniel Walsh,yes,My Team,Daniel Walsh,daniel.walsh@amexgbt.com
CWT Payment Platform L3,CWT Payment Platform L3,17000392810,My Team,Andrea D'Amico,andrea.damico@amexgbt.com,member,yes_member,17004605610,Andrea D'Amico,yes,My Team,Daniel Walsh,daniel.walsh@amexgbt.com
CWT Payment Platform L3,CWT Payment Platform L3,17000392810,My Team,Ryan Scalzo,ryan.scalzo@amexgbt.com,member,yes_member,17004605305,Ryan Scalzo,yes,My Team,Daniel Walsh,daniel.walsh@amexgbt.com
CWT Payment Platform L3,CWT Payment Platform L3,17000392810,My Team,Donato Valenti Leandro Amasa,damasa@mycwt.com,agent_not_found,no,,,,,Daniel Walsh,daniel.walsh@amexgbt.com
CWT Payment Platform Pega,CWT Payment Platform Pega,17000392811,My Team,Daniel Walsh,daniel.walsh@amexgbt.com,member,yes_member,17004603019,Daniel Walsh,yes,My Team,Daniel Walsh,daniel.walsh@amexgbt.com
CWT Payment Platform Pega,CWT Payment Platform Pega,17000392811,My Team,Johnver Ilagan,johnver.ilagan@amexgbt.com,member,yes_member,17004608401,Johnver Ilagan,yes,My Team,Daniel Walsh,daniel.walsh@amexgbt.com
CWT Payment Platform Pega,CWT Payment Platform Pega,17000392811,My Team,Darren Wartnaby,darren.wartnaby@amexgbt.com,member,yes_member,17004605714,Darren Wartnaby,yes,My Team,Daniel Walsh,daniel.walsh@amexgbt.com
CWT Payment Platform Pega,CWT Payment Platform Pega,17000392811,My Team,Rommel Lapade,rommel.lapade@amexgbt.com,member,yes_member,17004608412,Rommel Lapade,yes,My Team,Daniel Walsh,daniel.walsh@amexgbt.com
CWT Payment Platform Pega,CWT Payment Platform Pega,17000392811,My Team,Michelle De Jesus,michelle.dejesus@amexgbt.com,member,yes_member,17004608371,Michelle De Jesus,yes,My Team,Daniel Walsh,daniel.walsh@amexgbt.com
CWT Payment Platform Pega,CWT Payment Platform Pega,17000392811,My Team,Naveen Vemuri,nvemuri2@mycwt.com,agent_not_found,no,,,,,Daniel Walsh,daniel.walsh@amexgbt.com
CWT Payment Platform Pega,CWT Payment Platform Pega,17000392811,My Team,Andrea D'Amico,andrea.damico@amexgbt.com,member,yes_member,17004605610,Andrea D'Amico,yes,My Team,Daniel Walsh,daniel.walsh@amexgbt.com
CWT PeerLink Alerts,CWT PeerLink Alerts,17000392867,My Team,Kevin Weiss,kevin.weiss@amexgbt.com,member,yes_member,17004603328,Kevin Weiss,yes,My Team,Decsten Matibag,decsten.matibag@amexgbt.com
CWT Portrait Approvers,CWT Portrait Approvers,17000392812,My Team,Alexander Klioner,alexander.klioner@amexgbt.com,member,yes_member,17004606741,Alexander Klioner,yes,My Team,Oded Judelman,oded.judelman@amexgbt.com
CWT Portrait Approvers,CWT Portrait Approvers,17000392812,My Team,Alon Tidhar,alon.tidhar@amexgbt.com,member,yes_member,17004606670,Alon Tidhar,yes,My Team,Oded Judelman,oded.judelman@amexgbt.com
CWT Portrait Approvers,CWT Portrait Approvers,17000392812,My Team,Oded Judelman,oded.judelman@amexgbt.com,member,yes_member,17004606689,Oded Judelman,yes,My Team,Oded Judelman,oded.judelman@amexgbt.com
CWT Portrait Approvers,CWT Portrait Approvers,17000392812,My Team,Erez Manor,erez.manor@amexgbt.com,member,yes_member,17004606739,Erez Manor,yes,My Team,Oded Judelman,oded.judelman@amexgbt.com
CWT Power Base Approver Group,CWT Power Base Approver Group,17000392813,My Team,April Mcguire,april.mcguire@amexgbt.com,member,yes_member,17004603387,April McGuire,yes,My Team,Haroun Al-Rashid Amerel,harounal-rashid.amerel@amexgbt.com
CWT Power Base Approver Group,CWT Power Base Approver Group,17000392813,My Team,Caroline Fresnais,caroline.fresnais@amexgbt.com,member,yes_member,17004607413,Caroline Fresnais,yes,My Team,Haroun Al-Rashid Amerel,harounal-rashid.amerel@amexgbt.com
CWT Power Base Approver Group,CWT Power Base Approver Group,17000392813,My Team,Michelle Thurn,michelle.thurn@amexgbt.com,member,yes_member,17004603353,Michelle Thurn,yes,My Team,Haroun Al-Rashid Amerel,harounal-rashid.amerel@amexgbt.com
CWT Power Library Approver Group,CWT Power Library Approver Group,17000392868,My Team,April Mcguire,april.mcguire@amexgbt.com,member,yes_member,17004603387,April McGuire,yes,My Team,Haroun Al-Rashid Amerel,harounal-rashid.amerel@amexgbt.com
CWT Power Library Approver Group,CWT Power Library Approver Group,17000392868,My Team,Caroline Fresnais,caroline.fresnais@amexgbt.com,member,yes_member,17004607413,Caroline Fresnais,yes,My Team,Haroun Al-Rashid Amerel,harounal-rashid.amerel@amexgbt.com
CWT Power Library Approver Group,CWT Power Library Approver Group,17000392868,My Team,Michelle Thurn,michelle.thurn@amexgbt.com,member,yes_member,17004603353,Michelle Thurn,yes,My Team,Haroun Al-Rashid Amerel,harounal-rashid.amerel@amexgbt.com
CWT RESOLVE,CWT RESOLVE,17000392869,My Team,Jeffrey Canlas,jeffrey.canlas@amexgbt.com,member,yes_member,17004608326,Jeffrey Canlas,yes,My Team,Daniel Walsh,daniel.walsh@amexgbt.com
CWT Resolve Approvers,CWT Resolve Approvers,17000392870,My Team,Daniel Walsh,daniel.walsh@amexgbt.com,member,yes_member,17004603019,Daniel Walsh,yes,My Team,Daniel Walsh,daniel.walsh@amexgbt.com
CWT Resolve Approvers,CWT Resolve Approvers,17000392870,My Team,Haroun Al-Rashid Amerel,harounal-rashid.amerel@amexgbt.com,member,yes_member,17004608294,Haroun Al-Rashid Amerel,yes,My Team,Daniel Walsh,daniel.walsh@amexgbt.com
CWT SATO To Go Approver Group,,,,Laura Kistler,lkistler@cwtsato.com,group_unmatched,no,,,,,Laura Kistler,LKistler@cwtsato.com
CWT Security Engineering,CWT Security Engineering,17000392770,My Team,Matthew Meyer,matthew.meyer@amexgbt.com,member,yes_member,17004603288,Matthew Meyer,yes,My Team,Sourav Das,sourav.das@amexgbt.com
CWT Security Engineering,CWT Security Engineering,17000392770,My Team,Jonathan Untalan,jonathan.untalan@amexgbt.com,member,yes_member,17004608551,Jonathan Untalan,yes,My Team,Sourav Das,sourav.das@amexgbt.com
CWT Security Engineering,CWT Security Engineering,17000392770,My Team,Gabriel Howard,gabriel.howard@amexgbt.com,member,yes_member,17004603773,Gabriel Howard,yes,My Team,Sourav Das,sourav.das@amexgbt.com
CWT Security Engineering,CWT Security Engineering,17000392770,My Team,Nector Jr. Mamon,nectorjr.mamon@amexgbt.com,member,yes_member,17004608236,Nector Jr. Mamon,yes,My Team,Sourav Das,sourav.das@amexgbt.com
CWT Security Engineering,CWT Security Engineering,17000392770,My Team,Lawrence Icaro,lawrence.icaro@amexgbt.com,member,yes_member,17004608584,Lawrence Icaro,yes,My Team,Sourav Das,sourav.das@amexgbt.com
CWT Security Engineering,CWT Security Engineering,17000392770,My Team,Vasu Jariwala,vasu.jariwala@amexgbt.com,member,yes_member,17004605029,Vasu Jariwala,yes,My Team,Sourav Das,sourav.das@amexgbt.com
CWT Security Engineering,CWT Security Engineering,17000392770,My Team,Sourav Das,sourav.das@amexgbt.com,member,yes_member,17004602627,Sourav Das,yes,My Team,Sourav Das,sourav.das@amexgbt.com
CWT Security Engineering,CWT Security Engineering,17000392770,My Team,Sunit Shukla,sunit.shukla@amexgbt.com,member,yes_member,17004604338,Sunit Shukla,yes,My Team,Sourav Das,sourav.das@amexgbt.com
CWT Security Engineering,CWT Security Engineering,17000392770,My Team,Sebastian Wlodarski,sebastian.wlodarski@amexgbt.com,member,yes_member,17004604932,Sebastian Wlodarski,yes,My Team,Sourav Das,sourav.das@amexgbt.com
CWT Security Engineering,CWT Security Engineering,17000392770,My Team,Kadiyala Aditya,kadiyala.aditya@amexgbt.com,member,yes_member,17004604044,Kadiyala Aditya,yes,My Team,Sourav Das,sourav.das@amexgbt.com
CWT Security Engineering,CWT Security Engineering,17000392770,My Team,Paul Murillo,paul.murillo@amexgbt.com,member,yes_member,17004602623,Paul Murillo,yes,My Team,Sourav Das,sourav.das@amexgbt.com
CWT Security Engineering,CWT Security Engineering,17000392770,My Team,Guangshun Wang,gwang@mycwt.com,agent_not_found,no,,,,,Sourav Das,sourav.das@amexgbt.com
CWT Security Engineering,CWT Security Engineering,17000392770,My Team,Leif Wilson,leif.wilson@amexgbt.com,member,yes_member,17004603012,Leif Wilson,yes,My Team,Sourav Das,sourav.das@amexgbt.com
CWT SharePoint,CWT SharePoint,17000392771,My Team,Zachary Daniel,zachary.daniel@amexgbt.com,member,yes_member,17004603486,Zachary Daniel,yes,My Team,Jagannath Thotli,jagannath.thotli@amexgbt.com
CWT SharePoint,CWT SharePoint,17000392771,My Team,Cody Lamont,cody.lamont@amexgbt.com,member,yes_member,17004603487,Cody Lamont,yes,My Team,Jagannath Thotli,jagannath.thotli@amexgbt.com
CWT SharePoint,CWT SharePoint,17000392771,My Team,Jagannath Thotli,jagannath.thotli@amexgbt.com,member,yes_member,17004602672,Jagannath Thotli,yes,My Team,Jagannath Thotli,jagannath.thotli@amexgbt.com
CWT Sharepoint Approver Group,CWT Sharepoint Approver Group,17000392871,My Team,Cody Lamont,cody.lamont@amexgbt.com,member,yes_member,17004603487,Cody Lamont,yes,My Team,Jagannath Thotli,jagannath.thotli@amexgbt.com
CWT Sharepoint Approver Group,CWT Sharepoint Approver Group,17000392871,My Team,Zachary Daniel,zachary.daniel@amexgbt.com,member,yes_member,17004603486,Zachary Daniel,yes,My Team,Jagannath Thotli,jagannath.thotli@amexgbt.com
CWT Sharepoint Approver Group,CWT Sharepoint Approver Group,17000392871,My Team,Jagannath Thotli,jagannath.thotli@amexgbt.com,member,yes_member,17004602672,Jagannath Thotli,yes,My Team,Jagannath Thotli,jagannath.thotli@amexgbt.com
CWT SRS Approvals,CWT SRS Approvals,17000392815,My Team,Vinay Saraogi,vinay.saraogi@amexgbt.com,member,yes_member,17004603239,Vinay Saraogi,yes,My Team,Jane Galzki,jane.galzki@amexgbt.com
CWT SRS Approvals,CWT SRS Approvals,17000392815,My Team,Jane Galzki,jane.galzki@amexgbt.com,member,yes_member,17004603401,Jane Galzki,yes,My Team,Jane Galzki,jane.galzki@amexgbt.com
CWT Storage,CWT Storage,17000392772,My Team,Raul Delgado Alonso,raul.delgadoalonso@amexgbt.com,member,yes_member,17004602109,Raul Delgado Alonso,yes,My Team,Brad Skeel,brad.skeel@amexgbt.com
CWT Storage,CWT Storage,17000392772,My Team,Rahul Tankasala,rahul.tankasala@amexgbt.com,member,yes_member,17002703634,Rahul Tankasala,yes,My Team,Brad Skeel,brad.skeel@amexgbt.com
CWT Storage,CWT Storage,17000392772,My Team,Rakesh Burra,rakesh.burra@amexgbt.com,member,yes_member,17004380633,Rakesh Burra,yes,My Team,Brad Skeel,brad.skeel@amexgbt.com
CWT Storage,CWT Storage,17000392772,My Team,Sandeep Singh Kachi,sandeepsingh.kachi@amexgbt.com,member,yes_member,17004091448,Sandeep Singh Kachi,yes,My Team,Brad Skeel,brad.skeel@amexgbt.com
CWT Storage,CWT Storage,17000392772,My Team,K Shiva,k.shiva@amexgbt.com,member,yes_member,17004257574,K Shiva,yes,My Team,Brad Skeel,brad.skeel@amexgbt.com
CWT Storage,CWT Storage,17000392772,My Team,Kesava Reddy,kesava.reddy@amexgbt.com,member,yes_member,17004920470,Kesava Reddy,yes,My Team,Brad Skeel,brad.skeel@amexgbt.com
CWT Storage,CWT Storage,17000392772,My Team,Pranav Sai Goud Lingala,pranavsaigoud.lingala@amexgbt.com,member,yes_member,17004913156,Pranav Sai Goud Lingala,yes,My Team,Brad Skeel,brad.skeel@amexgbt.com
CWT Storage,CWT Storage,17000392772,My Team,CommVault User,,agent_not_found,no,,,,,Brad Skeel,brad.skeel@amexgbt.com
CWT Storage,CWT Storage,17000392772,My Team,M Balakrishna,m.balakrishna@amexgbt.com,member,yes_member,17002932058,M Balakrishna,yes,My Team,Brad Skeel,brad.skeel@amexgbt.com
CWT Storage,CWT Storage,17000392772,My Team,Paul Ryan Veneracion,paulryan.veneracion@amexgbt.com,member,yes_member,17004607200,Paul Ryan Veneracion,yes,My Team,Brad Skeel,brad.skeel@amexgbt.com
CWT SupplierIQ,CWT SupplierIQ,17000392816,My Team,Carlos Montori Rodriguez,carlos.montorirodriguez@amexgbt.com,member,yes_member,17004605768,Carlos Montori Rodriguez,yes,My Team,Carlos Montori Rodriguez,carlos.montorirodriguez@amexgbt.com
CWT SupplierIQ Approver Group,CWT SupplierIQ Approver Group,17000392872,My Team,Philip Taft,phil.taft@amexgbt.com,member,yes_member,17004605888,Philip Taft,yes,My Team,Tanya Swanson,tanya.swanson@amexgbt.com
CWT SupplierIQ Approver Group,CWT SupplierIQ Approver Group,17000392872,My Team,Tanya Swanson,tanya.swanson@amexgbt.com,member,yes_member,17004603413,Tanya Swanson,yes,My Team,Tanya Swanson,tanya.swanson@amexgbt.com
CWT SupplierIQ Development,CWT SupplierIQ Development,17000392817,My Team,Carlos Montori Rodriguez,carlos.montorirodriguez@amexgbt.com,member,yes_member,17004605768,Carlos Montori Rodriguez,yes,My Team,Philip Taft,phil.taft@amexgbt.com
CWT SupplierIQ Development,CWT SupplierIQ Development,17000392817,My Team,Amar Gaddam,agaddam@mycwt.com,agent_not_found,no,,,,,Philip Taft,phil.taft@amexgbt.com
CWT SupplierIQ Product Management,CWT SupplierIQ Product Management,17000392873,My Team,Sara Janda,sara.janda@amexgbt.com,member,yes_member,17004603338,Sara Janda,yes,My Team,Tanya Swanson,tanya.swanson@amexgbt.com
CWT SupplierIQ Product Management,CWT SupplierIQ Product Management,17000392873,My Team,Tanya Swanson,tanya.swanson@amexgbt.com,member,yes_member,17004603413,Tanya Swanson,yes,My Team,Tanya Swanson,tanya.swanson@amexgbt.com
CWT Symphonie Express Approver Group,,,,Gemma Comerford,gemma.comerford@amexgbt.com,group_unmatched,no,17004605917,Gemma Comerford,yes,My Team,Heather Mcfadden,heather.mcfadden@amexgbt.com
CWT Symphonie Express Approver Group,,,,Ana Paulette Arriesgado,anapaulette.arriesgado@amexgbt.com,group_unmatched,no,17004608481,Ana Paulette Arriesgado,yes,My Team,Heather Mcfadden,heather.mcfadden@amexgbt.com
CWT Symphonie Express Approver Group,,,,William Turpen,william.turpen@amexgbt.com,group_unmatched,no,17004603198,William Turpen,yes,My Team,Heather Mcfadden,heather.mcfadden@amexgbt.com
CWT Symphonie Express Approver Group,,,,Monika Singh,monika.singh1@amexgbt.com,group_unmatched,no,17004607176,Monika Singh,yes,My Team,Heather Mcfadden,heather.mcfadden@amexgbt.com
CWT Symphonie Express Approver Group,,,,Heather Mcfadden,heather.mcfadden@amexgbt.com,group_unmatched,no,17004634765,Heather Mcfadden,yes,My Team,Heather Mcfadden,heather.mcfadden@amexgbt.com
CWT TECH Services Desktop,CWT TECH Services Desktop,17000392818,My Team,Michelle De Jesus,michelle.dejesus@amexgbt.com,member,yes_member,17004608371,Michelle De Jesus,yes,My Team,Thea Demetillo,thea.demetillo@amexgbt.com
CWT TECH Services Desktop,CWT TECH Services Desktop,17000392818,My Team,Karren Roxas,karren.roxas@amexgbt.com,member,yes_member,17004608327,Karren Roxas,yes,My Team,Thea Demetillo,thea.demetillo@amexgbt.com
CWT TECH Services Desktop,CWT TECH Services Desktop,17000392818,My Team,Jes Keshly Cruz,jeskeshly.cruz@amexgbt.com,member,yes_member,17004608497,Jes Keshly Cruz,yes,My Team,Thea Demetillo,thea.demetillo@amexgbt.com
CWT TECH Services Desktop,CWT TECH Services Desktop,17000392818,My Team,Thea Demetillo,thea.demetillo@amexgbt.com,member,yes_member,17004608480,Thea Demetillo,yes,My Team,Thea Demetillo,thea.demetillo@amexgbt.com
CWT TECH Services Desktop,CWT TECH Services Desktop,17000392818,My Team,Michael Angelo Magat,michaelangelo.magat@amexgbt.com,member,yes_member,17004608372,Michael Angelo Magat,yes,My Team,Thea Demetillo,thea.demetillo@amexgbt.com
CWT TECH Services Desktop,CWT TECH Services Desktop,17000392818,My Team,Roderick Alvarez,roderick.alvarez@amexgbt.com,member,yes_member,17004608443,Roderick Alvarez,yes,My Team,Thea Demetillo,thea.demetillo@amexgbt.com
CWT TECH Services Desktop,CWT TECH Services Desktop,17000392818,My Team,Christine Supangan,christine.supangan@amexgbt.com,member,yes_member,17004608485,Christine Supangan,yes,My Team,Thea Demetillo,thea.demetillo@amexgbt.com
CWT Travel Consolidator L1,,,,Philip Hudson,phudson@mycwt.com,group_unmatched,no,,,,,Philip Taft,phil.taft@amexgbt.com
CWT Travel Consolidator L1,,,,Philip Taft,phil.taft@amexgbt.com,group_unmatched,no,17004605888,Philip Taft,yes,My Team,Philip Taft,phil.taft@amexgbt.com
CWT TS Global Network Operations,CWT TS Global Network Operations,17000392874,My Team,Erna Samonte,erna.samonte@amexgbt.com,member,yes_member,17004608463,Erna Samonte,yes,My Team,Oliver Roberts,oliver.roberts@amexgbt.com
CWT TS Global Network Operations,CWT TS Global Network Operations,17000392874,My Team,Alexter John Tupaz,alexterjohn.tupaz@amexgbt.com,member,yes_member,17004608550,Alexter John Tupaz,yes,My Team,Oliver Roberts,oliver.roberts@amexgbt.com
CWT TS Global Network Operations,CWT TS Global Network Operations,17000392874,My Team,Geoffrey Gemoto,geoffrey.gemoto@amexgbt.com,member,yes_member,17004608431,Geoffrey Gemoto,yes,My Team,Oliver Roberts,oliver.roberts@amexgbt.com
CWT TS Global Network Operations,CWT TS Global Network Operations,17000392874,My Team,Renz Almer Tolosa,renzalmer.tolosa@amexgbt.com,member,yes_member,17004608212,Renz Almer Tolosa,yes,My Team,Oliver Roberts,oliver.roberts@amexgbt.com
CWT TS Global Network Operations,CWT TS Global Network Operations,17000392874,My Team,Jacky Boy Pangandaman,jackyboy.pangandaman@amexgbt.com,member,yes_member,17004608397,Jacky Boy Pangandaman,yes,My Team,Oliver Roberts,oliver.roberts@amexgbt.com
CWT TS Global Network Operations,CWT TS Global Network Operations,17000392874,My Team,Sam Goh,sam.goh@amexgbt.com,agent_not_found,no,,,,,Oliver Roberts,oliver.roberts@amexgbt.com
CWT TS Global Network Operations,CWT TS Global Network Operations,17000392874,My Team,Richard Villamin,richard.villamin@amexgbt.com,member,yes_member,17004608552,Richard Villamin,yes,My Team,Oliver Roberts,oliver.roberts@amexgbt.com
CWT TT/AME Operations,CWT TT/AME Operations,17000392875,My Team,Sharon Kimchi,sharon.kimchi@amexgbt.com,member,yes_member,17004606685,Sharon Kimchi,yes,My Team,Yoav Ofan,yoav.ofan@amexgbt.com
CWT TT/AME Operations,CWT TT/AME Operations,17000392875,My Team,Kim Clark,kim.clark@amexgbt.com,member,yes_member,17004604617,Kim Clark,yes,My Team,Yoav Ofan,yoav.ofan@amexgbt.com
CWT TT/AME Operations,CWT TT/AME Operations,17000392875,My Team,Ben Ptacek,ben.ptacek@amexgbt.com,member,yes_member,17004603358,Ben Ptacek,yes,My Team,Yoav Ofan,yoav.ofan@amexgbt.com
CWT WEB Operations,CWT WEB Operations,17000392773,My Team,Kim Clark,kim.clark@amexgbt.com,member,yes_member,17004604617,Kim Clark,yes,My Team,Joseph Christopher Cruz,josephchristopher.cruz@amexgbt.com
CWT WEB Operations,CWT WEB Operations,17000392773,My Team,Dinesh Kumar K,dinesh.kumark@amexgbt.com,not_in_group,no,17002790550,Dinesh Kumar K,yes,My Team,Joseph Christopher Cruz,josephchristopher.cruz@amexgbt.com
CWT WEB Operations,CWT WEB Operations,17000392773,My Team,Bharan Bhaskar,bharan.bhaskar@amexgbt.com,member,yes_member,17004602741,Bharan Bhaskar,yes,My Team,Joseph Christopher Cruz,josephchristopher.cruz@amexgbt.com
CWT WEB Operations,CWT WEB Operations,17000392773,My Team,Sandeep Kumar Vishwanathula,sandeepkumar.vishwanathula@amexgbt.com,not_in_group,no,17002815990,Sandeep Kumar Vishwanathula,yes,My Team,Joseph Christopher Cruz,josephchristopher.cruz@amexgbt.com
CWT WEB Operations,CWT WEB Operations,17000392773,My Team,Vhil Laurence Moje,vhillaurence.moje@amexgbt.com,not_in_group,no,17004608590,Vhil Laurence Moje,yes,My Team,Joseph Christopher Cruz,josephchristopher.cruz@amexgbt.com
CWT WEB Operations,CWT WEB Operations,17000392773,My Team,John Wilmar Palad,johnwilmar.palad@amexgbt.com,not_in_group,no,17004608293,John Wilmar Palad,yes,My Team,Joseph Christopher Cruz,josephchristopher.cruz@amexgbt.com
CWT WEB Operations,CWT WEB Operations,17000392773,My Team,Siddharth Gowtham,siddharth.gowtham@amexgbt.com,not_in_group,no,17001605893,Siddharth Gowtham,yes,My Team,Joseph Christopher Cruz,josephchristopher.cruz@amexgbt.com
CWT WEB Operations,CWT WEB Operations,17000392773,My Team,ERWIN ANDRES,erwin.andres@amexgbt.com,agent_not_found,no,,,,,Joseph Christopher Cruz,josephchristopher.cruz@amexgbt.com
CWT WEB Operations,CWT WEB Operations,17000392773,My Team,Ben Ptacek,ben.ptacek@amexgbt.com,member,yes_member,17004603358,Ben Ptacek,yes,My Team,Joseph Christopher Cruz,josephchristopher.cruz@amexgbt.com
CWT WEB Operations,CWT WEB Operations,17000392773,My Team,Alexander Joseph Mandac,alexanderjoseph.mandac@amexgbt.com,not_in_group,no,17004608339,Alexander Joseph Mandac,yes,My Team,Joseph Christopher Cruz,josephchristopher.cruz@amexgbt.com
CWT WEB Operations,CWT WEB Operations,17000392773,My Team,Nelson Jay Dario,nelsonjay.dario@amexgbt.com,not_in_group,no,17004608233,Nelson Jay Dario,yes,My Team,Joseph Christopher Cruz,josephchristopher.cruz@amexgbt.com
CWT WEB Operations,CWT WEB Operations,17000392773,My Team,Joseph Christopher Cruz,josephchristopher.cruz@amexgbt.com,member,yes_member,17004608323,Joseph Christopher Cruz,yes,My Team,Joseph Christopher Cruz,josephchristopher.cruz@amexgbt.com
CWT WEB TEAM,CWT WEB TEAM,17000392819,My Team,David Streets,david.streets@amexgbt.com,member,yes_member,17004604594,David Streets,yes,My Team,Ramesh Nallavolu,ramesh.nallavolu@amexgbt.com
CWT WEB TEAM,CWT WEB TEAM,17000392819,My Team,Ramesh Nallavolu,ramesh.nallavolu@amexgbt.com,member,yes_member,17004603374,Ramesh Nallavolu,yes,My Team,Ramesh Nallavolu,ramesh.nallavolu@amexgbt.com
CWT WEB TEAM,CWT WEB TEAM,17000392819,My Team,Kevin Pascoe,kevin.pascoe@amexgbt.com,member,yes_member,17004602755,Kevin Pascoe,yes,My Team,Ramesh Nallavolu,ramesh.nallavolu@amexgbt.com
CWT-CO-Fulfillment-Team,,,,Yurani Guerrero,yurani.guerrero@amexgbt.com,group_unmatched,no,,,,,Yurani Guerrero,yurani.guerrero@amexgbt.com
CWT-CO-Fulfillment-Team,,,,Magda Beltran,magda.beltran@amexgbt.com,group_unmatched,no,,,,,Yurani Guerrero,yurani.guerrero@amexgbt.com
CWT-CO-HotelsGroup,,,,Yurani Guerrero,yurani.guerrero@amexgbt.com,group_unmatched,no,,,,,Yurani Guerrero,yurani.guerrero@amexgbt.com
CWT_CRM_Application_Support,CWT_CRM_Application_Support,17000392820,My Team,Marvin Francis Lopez,marvinfrancis.lopez@amexgbt.com,member,yes_member,17004608221,Marvin Francis Lopez Francis Lopez,yes,My Team | HR,Mel Asuncion,mel.asuncion@amexgbt.com
CWT_CRM_Application_Support,CWT_CRM_Application_Support,17000392820,My Team,Rachel Balingit,rachel.balingit@amexgbt.com,member,yes_member,17004608430,Rachel Balingit,yes,My Team,Mel Asuncion,mel.asuncion@amexgbt.com
CWT_CRM_Application_Support,CWT_CRM_Application_Support,17000392820,My Team,Dennis Mallannao,dennis.mallannao@amexgbt.com,member,yes_member,17004608220,Dennis Mallannao,yes,My Team,Mel Asuncion,mel.asuncion@amexgbt.com
CWT_CRM_Application_Support,CWT_CRM_Application_Support,17000392820,My Team,Iriz Ymata,iriz.ymata@amexgbt.com,member,yes_member,17004608524,Iriz Ymata,yes,My Team,Mel Asuncion,mel.asuncion@amexgbt.com
CWT_CRM_Application_Support,CWT_CRM_Application_Support,17000392820,My Team,Gabriel Velasco,gabriel.velasco@amexgbt.com,member,yes_member,17004608202,Gabriel Velasco,yes,My Team,Mel Asuncion,mel.asuncion@amexgbt.com
CWT_CRM_Application_Support,CWT_CRM_Application_Support,17000392820,My Team,Mary Jane Dimaano,maryjane.dimaano@amexgbt.com,member,yes_member,17004608407,Mary Jane Dimaano,yes,My Team,Mel Asuncion,mel.asuncion@amexgbt.com
CWT_CRM_Application_Support,CWT_CRM_Application_Support,17000392820,My Team,Mel Asuncion,mel.asuncion@amexgbt.com,member,yes_member,17004634825,Mel Asuncion,yes,My Team,Mel Asuncion,mel.asuncion@amexgbt.com
CWT_CRM_Application_Support,CWT_CRM_Application_Support,17000392820,My Team,Jackie Yuro,jackie.yuro@amexgbt.com,member,yes_member,17004608227,Jackie Yuro,yes,My Team,Mel Asuncion,mel.asuncion@amexgbt.com
CWT_CRM_EIT_Approvers,CWT_CRM_EIT_Approvers,17000392879,My Team,Mel Asuncion,mel.asuncion@amexgbt.com,member,yes_member,17004634825,Mel Asuncion,yes,My Team,Mel Asuncion,mel.asuncion@amexgbt.com
CWT_CRM_EIT_Approvers,CWT_CRM_EIT_Approvers,17000392879,My Team,Phillip Greenhagen,phillip.greenhagen@amexgbt.com,member,yes_member,17004603428,Phillip Greenhagen,yes,My Team,Mel Asuncion,mel.asuncion@amexgbt.com
CWT_CRM_EIT_Support,CWT_CRM_EIT_Support,17000392821,My Team,Marvin Francis Lopez,marvinfrancis.lopez@amexgbt.com,member,yes_member,17004608221,Marvin Francis Lopez Francis Lopez,yes,My Team | HR,Mel Asuncion,mel.asuncion@amexgbt.com
CWT_CRM_EIT_Support,CWT_CRM_EIT_Support,17000392821,My Team,Dennis Mallannao,dennis.mallannao@amexgbt.com,member,yes_member,17004608220,Dennis Mallannao,yes,My Team,Mel Asuncion,mel.asuncion@amexgbt.com
CWT_CRM_EIT_Support,CWT_CRM_EIT_Support,17000392821,My Team,Gabriel Velasco,gabriel.velasco@amexgbt.com,member,yes_member,17004608202,Gabriel Velasco,yes,My Team,Mel Asuncion,mel.asuncion@amexgbt.com
CWT_CRM_EIT_Support,CWT_CRM_EIT_Support,17000392821,My Team,Mary Jane Dimaano,maryjane.dimaano@amexgbt.com,member,yes_member,17004608407,Mary Jane Dimaano,yes,My Team,Mel Asuncion,mel.asuncion@amexgbt.com
CWT_CRM_EIT_Support,CWT_CRM_EIT_Support,17000392821,My Team,Jackie Yuro,jackie.yuro@amexgbt.com,member,yes_member,17004608227,Jackie Yuro,yes,My Team,Mel Asuncion,mel.asuncion@amexgbt.com
CXP Admin Group,CWT CXP Admin Group,17000393602,My Team,Rommel Lapade,rommel.lapade@amexgbt.com,member,yes_member,17004608412,Rommel Lapade,yes,My Team,Roderick Alvarez,roderick.alvarez@amexgbt.com
CXP Admin Group,CWT CXP Admin Group,17000393602,My Team,Liel Ongkengco,liel.ongkengco@amexgbt.com,member,yes_member,17004608471,Liel Ongkengco,yes,My Team,Roderick Alvarez,roderick.alvarez@amexgbt.com
CXP Admin Group,CWT CXP Admin Group,17000393602,My Team,Roderick Alvarez,roderick.alvarez@amexgbt.com,member,yes_member,17004608443,Roderick Alvarez,yes,My Team,Roderick Alvarez,roderick.alvarez@amexgbt.com
CXP Admin Group,CWT CXP Admin Group,17000393602,My Team,Jerome Furog,jerome.furog@amexgbt.com,member,yes_member,17004608461,Jerome Furog,yes,My Team,Roderick Alvarez,roderick.alvarez@amexgbt.com
CXP Admin Group,CWT CXP Admin Group,17000393602,My Team,David Reyes Iii,david.reyesiii@amexgbt.com,member,yes_member,17004608403,David Reyes Iii,yes,My Team,Roderick Alvarez,roderick.alvarez@amexgbt.com
CXP Admin Group,CWT CXP Admin Group,17000393602,My Team,Jeffrey Reyes,jeffrey.reyes@amexgbt.com,member,yes_member,17004608406,Jeffrey Reyes,yes,My Team,Roderick Alvarez,roderick.alvarez@amexgbt.com
CXP Admin Group,CWT CXP Admin Group,17000393602,My Team,Pala Supriya,pala.supriya@amexgbt.com,member,yes_member,17004604298,Pala Supriya,yes,My Team,Roderick Alvarez,roderick.alvarez@amexgbt.com
CXP Admin Group,CWT CXP Admin Group,17000393602,My Team,Venkata Krishna Putti,venkatakrishna.putti@amexgbt.com,member,yes_member,17004604485,Venkata Krishna Putti,yes,My Team,Roderick Alvarez,roderick.alvarez@amexgbt.com
CXP Americas Support,CWT CXP Americas Support,17000393438,My Team,Alejandro Carrasco,alejandro.carrasco@amexgbt.com,member,yes_member,17004606369,Alejandro Carrasco,yes,My Team,Dawid Buras,dawid.buras@amexgbt.com
CXP Americas Support,CWT CXP Americas Support,17000393438,My Team,Luis Nogueira,luis.nogueira@amexgbt.com,member,yes_member,17004602484,Luis Nogueira,yes,My Team,Dawid Buras,dawid.buras@amexgbt.com
CXP Americas Support,CWT CXP Americas Support,17000393438,My Team,Dawid Buras,dawid.buras@amexgbt.com,member,yes_member,17004601191,Dawid Buras,yes,My Team,Dawid Buras,dawid.buras@amexgbt.com
CXP Americas Support,CWT CXP Americas Support,17000393438,My Team,Sonia Fanfarillo,sonia.fanfarillo@amexgbt.com,member,yes_member,17004608009,Sonia Fanfarillo,yes,My Team,Dawid Buras,dawid.buras@amexgbt.com
CXP Development,CWT CXP Development,17000393440,My Team,Pala Supriya,pala.supriya@amexgbt.com,member,yes_member,17004604298,Pala Supriya,yes,My Team,Roderick Alvarez,roderick.alvarez@amexgbt.com
CXP Development,CWT CXP Development,17000393440,My Team,Roderick Alvarez,roderick.alvarez@amexgbt.com,member,yes_member,17004608443,Roderick Alvarez,yes,My Team,Roderick Alvarez,roderick.alvarez@amexgbt.com
CXP Development,CWT CXP Development,17000393440,My Team,Arlene Obsum,arlene.obsum@amexgbt.com,member,yes_member,17004608314,Arlene Obsum,yes,My Team,Roderick Alvarez,roderick.alvarez@amexgbt.com
CXP Development,CWT CXP Development,17000393440,My Team,Israel Cabigas,israel.cabigas@amexgbt.com,member,yes_member,17004927808,Israel Cabigas,yes,My Team,Roderick Alvarez,roderick.alvarez@amexgbt.com
CXP Development,CWT CXP Development,17000393440,My Team,David Reyes Iii,david.reyesiii@amexgbt.com,member,yes_member,17004608403,David Reyes Iii,yes,My Team,Roderick Alvarez,roderick.alvarez@amexgbt.com
CXP Email Channel Optimisation,CWT CXP Email Channel Optimisation,17000393603,My Team,Barbara Bąk,barbara.bak@amexgbt.com,member,yes_member,17004606694,Barbara Bąk,yes,My Team,Dawid Buras,dawid.buras@amexgbt.com
CXP Email Channel Optimisation,CWT CXP Email Channel Optimisation,17000393603,My Team,Marcin Fortuna,marcin.fortuna@amexgbt.com,member,yes_member,17004601166,Marcin Fortuna,yes,My Team,Dawid Buras,dawid.buras@amexgbt.com
CXP Email Channel Optimisation,CWT CXP Email Channel Optimisation,17000393603,My Team,Luis Nogueira,luis.nogueira@amexgbt.com,member,yes_member,17004602484,Luis Nogueira,yes,My Team,Dawid Buras,dawid.buras@amexgbt.com
CXP Email Channel Optimisation,CWT CXP Email Channel Optimisation,17000393603,My Team,Sonia Fanfarillo,sonia.fanfarillo@amexgbt.com,member,yes_member,17004608009,Sonia Fanfarillo,yes,My Team,Dawid Buras,dawid.buras@amexgbt.com
CXP Email Channel Optimisation,CWT CXP Email Channel Optimisation,17000393603,My Team,Ulyana Sydorkevych,ulyana.sydorkevych@amexgbt.com,member,yes_member,17004601321,Ulyana Sydorkevych,yes,My Team,Dawid Buras,dawid.buras@amexgbt.com
CXP Email Channel Optimisation,CWT CXP Email Channel Optimisation,17000393603,My Team,Alejandro Carrasco,alejandro.carrasco@amexgbt.com,member,yes_member,17004606369,Alejandro Carrasco,yes,My Team,Dawid Buras,dawid.buras@amexgbt.com
CXP Email Channel Optimisation,CWT CXP Email Channel Optimisation,17000393603,My Team,Rafal Sroka,rafal.sroka@amexgbt.com,member,yes_member,17004601194,Rafal Sroka,yes,My Team,Dawid Buras,dawid.buras@amexgbt.com
CXP Email Channel Optimisation,CWT CXP Email Channel Optimisation,17000393603,My Team,Mariana Dorodnia,mariana.dorodnia@amexgbt.com,member,yes_member,17004601314,Mariana Dorodnia,yes,My Team,Dawid Buras,dawid.buras@amexgbt.com
CXP Email Channel Optimisation,CWT CXP Email Channel Optimisation,17000393603,My Team,Dawid Buras,dawid.buras@amexgbt.com,member,yes_member,17004601191,Dawid Buras,yes,My Team,Dawid Buras,dawid.buras@amexgbt.com
CXP L3 Global,CWT CXP L3 Global,17000393604,My Team,Venkata Krishna Putti,venkatakrishna.putti@amexgbt.com,member,yes_member,17004604485,Venkata Krishna Putti,yes,My Team,Rommel Lapade,rommel.lapade@amexgbt.com
CXP L3 Global,CWT CXP L3 Global,17000393604,My Team,Jeffrey Reyes,jeffrey.reyes@amexgbt.com,member,yes_member,17004608406,Jeffrey Reyes,yes,My Team,Rommel Lapade,rommel.lapade@amexgbt.com
CXP L3 Global,CWT CXP L3 Global,17000393604,My Team,Jerome Furog,jerome.furog@amexgbt.com,member,yes_member,17004608461,Jerome Furog,yes,My Team,Rommel Lapade,rommel.lapade@amexgbt.com
CXP L3 Global,CWT CXP L3 Global,17000393604,My Team,Pala Supriya,pala.supriya@amexgbt.com,member,yes_member,17004604298,Pala Supriya,yes,My Team,Rommel Lapade,rommel.lapade@amexgbt.com
CXP L3 Global,CWT CXP L3 Global,17000393604,My Team,Rommel Lapade,rommel.lapade@amexgbt.com,member,yes_member,17004608412,Rommel Lapade,yes,My Team,Rommel Lapade,rommel.lapade@amexgbt.com
CXP Robotics,CWT CXP Robotics,17000393441,My Team,Melvin Joseph Agonias,melvinjoseph.agonias@amexgbt.com,member,yes_member,17004608561,Melvin Joseph Agonias,yes,My Team,Rommel Lapade,rommel.lapade@amexgbt.com
CXP Robotics,CWT CXP Robotics,17000393441,My Team,Liel Ongkengco,liel.ongkengco@amexgbt.com,member,yes_member,17004608471,Liel Ongkengco,yes,My Team,Rommel Lapade,rommel.lapade@amexgbt.com
CXP Robotics,CWT CXP Robotics,17000393441,My Team,Rommel Lapade,rommel.lapade@amexgbt.com,member,yes_member,17004608412,Rommel Lapade,yes,My Team,Rommel Lapade,rommel.lapade@amexgbt.com
Cyber Security,CWT Cyber Security,17000393605,My Team,Kadiyala Aditya,kadiyala.aditya@amexgbt.com,member,yes_member,17004604044,Kadiyala Aditya,yes,My Team,Sebastian Wlodarski,sebastian.wlodarski@amexgbt.com
Cyber Security,CWT Cyber Security,17000393605,My Team,Laura Doyle,laura.doyle@amexgbt.com,member,yes_member,17004603380,Laura Doyle,yes,My Team,Sebastian Wlodarski,sebastian.wlodarski@amexgbt.com
Cyber Security,CWT Cyber Security,17000393605,My Team,Gabriel Howard,gabriel.howard@amexgbt.com,member,yes_member,17004603773,Gabriel Howard,yes,My Team,Sebastian Wlodarski,sebastian.wlodarski@amexgbt.com
Cyber Security,CWT Cyber Security,17000393605,My Team,Leif Wilson,leif.wilson@amexgbt.com,member,yes_member,17004603012,Leif Wilson,yes,My Team,Sebastian Wlodarski,sebastian.wlodarski@amexgbt.com
Cyber Security,CWT Cyber Security,17000393605,My Team,Sebastian Wlodarski,sebastian.wlodarski@amexgbt.com,member,yes_member,17004604932,Sebastian Wlodarski,yes,My Team,Sebastian Wlodarski,sebastian.wlodarski@amexgbt.com
Cyber Security,CWT Cyber Security,17000393605,My Team,Arjun Gupta,arjun.gupta@amexgbt.com,member,yes_member,17004852150,Arjun Gupta,yes,My Team,Sebastian Wlodarski,sebastian.wlodarski@amexgbt.com
Cyber Security,CWT Cyber Security,17000393605,My Team,Nector Jr. Mamon,nectorjr.mamon@amexgbt.com,member,yes_member,17004608236,Nector Jr. Mamon,yes,My Team,Sebastian Wlodarski,sebastian.wlodarski@amexgbt.com
Cyber Security,CWT Cyber Security,17000393605,My Team,Sourav Das,sourav.das@amexgbt.com,member,yes_member,17004602627,Sourav Das,yes,My Team,Sebastian Wlodarski,sebastian.wlodarski@amexgbt.com
Cyber Security,CWT Cyber Security,17000393605,My Team,Matt Brandl,matt.brandl@amexgbt.com,member,yes_member,17004603235,Matt Brandl,yes,My Team,Sebastian Wlodarski,sebastian.wlodarski@amexgbt.com
Cyber Security,CWT Cyber Security,17000393605,My Team,Paul Murillo,paul.murillo@amexgbt.com,member,yes_member,17004602623,Paul Murillo,yes,My Team,Sebastian Wlodarski,sebastian.wlodarski@amexgbt.com
Cyber Security,CWT Cyber Security,17000393605,My Team,Frank Griffitts,frank.griffitts@amexgbt.com,member,yes_member,17001518013,Frank Griffitts,yes,My Team,Sebastian Wlodarski,sebastian.wlodarski@amexgbt.com
Cyber Security,CWT Cyber Security,17000393605,My Team,Sunit Shukla,sunit.shukla@amexgbt.com,member,yes_member,17004604338,Sunit Shukla,yes,My Team,Sebastian Wlodarski,sebastian.wlodarski@amexgbt.com
Cyber Security,CWT Cyber Security,17000393605,My Team,Vasu Jariwala,vasu.jariwala@amexgbt.com,member,yes_member,17004605029,Vasu Jariwala,yes,My Team,Sebastian Wlodarski,sebastian.wlodarski@amexgbt.com
CZ Field IT,CWT CZ Field IT,17000393606,My Team,Miroslav Jirku,miroslav.jirku@amexgbt.com,member,yes_member,17004602161,Miroslav Jirku,yes,My Team,Frank Ho,frank.ho@amexgbt.com
D&A Domain Management Approval Group,,,,Philip Taft,phil.taft@amexgbt.com,group_unmatched,no,17004605888,Philip Taft,yes,My Team,Patrice Simon,patrice.simon@amexgbt.com
D&A Domain Management Approval Group,,,,Craig Haughan,craig.haughan@amexgbt.com,group_unmatched,no,17004605570,Craig Haughan,yes,My Team,Patrice Simon,patrice.simon@amexgbt.com
D&A Domain Management Approval Group,,,,Archelle Pagapulan,archelle.pagapulan@amexgbt.com,group_unmatched,no,17004608511,Archelle Pagapulan,yes,My Team,Patrice Simon,patrice.simon@amexgbt.com
D&A Domain Management Approval Group,,,,Christopher Lingbaoan,christopher.lingbaoan@amexgbt.com,group_unmatched,no,17004608432,Christopher Lingbaoan,yes,My Team,Patrice Simon,patrice.simon@amexgbt.com
D&G Analytics DevOps and Support,CWT D&G Analytics DevOps and Support,17000393607,My Team,Regina Gendler,regina.gendler@amexgbt.com,member,yes_member,17004603329,Regina Gendler,yes,My Team,Christopher Lingbaoan,christopher.lingbaoan@amexgbt.com
D&G Analytics DevOps and Support,CWT D&G Analytics DevOps and Support,17000393607,My Team,Alexander Oelkers,alexander.oelkers@amexgbt.com,member,yes_member,17004603250,Alexander Oelkers,yes,My Team,Christopher Lingbaoan,christopher.lingbaoan@amexgbt.com
D&G Resolve Access,CWT D&G Resolve Access,17000393608,My Team,Heather Gonseth,hgonseth@cwtsato.com,agent_not_found,no,,,,,Heather Gonseth,hgonseth@cwtsato.com
D&G SECURITY,CWT D&G SECURITY,17000393565,My Team,Sourav Das,sourav.das@amexgbt.com,member,yes_member,17004602627,Sourav Das,yes,My Team,Roy Smith,RSmithII@cwtsato.com
D&G SECURITY,CWT D&G SECURITY,17000393565,My Team,Leif Wilson,leif.wilson@amexgbt.com,member,yes_member,17004603012,Leif Wilson,yes,My Team,Roy Smith,RSmithII@cwtsato.com
D&G SECURITY,CWT D&G SECURITY,17000393565,My Team,Sebastian Wlodarski,sebastian.wlodarski@amexgbt.com,member,yes_member,17004604932,Sebastian Wlodarski,yes,My Team,Roy Smith,RSmithII@cwtsato.com
D&G SECURITY,CWT D&G SECURITY,17000393565,My Team,Roy Smith,rsmithii@cwtsato.com,agent_not_found,no,,,,,Roy Smith,RSmithII@cwtsato.com
D&G SECURITY,CWT D&G SECURITY,17000393565,My Team,Gabriel Howard,gabriel.howard@amexgbt.com,member,yes_member,17004603773,Gabriel Howard,yes,My Team,Roy Smith,RSmithII@cwtsato.com
D&G SECURITY,CWT D&G SECURITY,17000393565,My Team,Rebecca Moon,becky.moon@amexgbt.com,member,yes_member,17004603205,Rebecca Moon,yes,My Team,Roy Smith,RSmithII@cwtsato.com
Dassault Online Management,,,,Patricia Burckel,patricia.burckel@amexgbt.com,group_unmatched,no,,,,,Berenice Cedelle,berenice.cedelle@amexgbt.com
Data Implementation & Support,CWT Data Implementation & Support,17000393487,My Team,Emmanuel Antoine,emmanuel.antoine@amexgbt.com,member,yes_member,17004610876,Emmanuel Antoine,yes,My Team,Suzanne De Mare,suzanne.demare@amexgbt.com
Data Implementation & Support,CWT Data Implementation & Support,17000393487,My Team,Thibault Gely,thibault.gely@amexgbt.com,member,yes_member,17004607651,Thibault Gely,yes,My Team,Suzanne De Mare,suzanne.demare@amexgbt.com
Data Implementation & Support,CWT Data Implementation & Support,17000393487,My Team,Olivier Gilet,olivier.gilet@amexgbt.com,member,yes_member,17004606235,Olivier Gilet,yes,My Team,Suzanne De Mare,suzanne.demare@amexgbt.com
Data Implementation & Support,CWT Data Implementation & Support,17000393487,My Team,Piotr Zaremba,piotr.zaremba@amexgbt.com,member,yes_member,17004606868,Piotr Zaremba,yes,My Team,Suzanne De Mare,suzanne.demare@amexgbt.com
Data Implementation & Support,CWT Data Implementation & Support,17000393487,My Team,Suzanne De Mare,suzanne.demare@amexgbt.com,member,yes_member,17004611028,Suzanne De Mare,yes,My Team,Suzanne De Mare,suzanne.demare@amexgbt.com
DATA INTEGRITY IQ,CWT DATA INTEGRITY IQ,17000393566,My Team,Dipti Malhotra,dipti.malhotra@amexgbt.com,member,yes_member,17004603931,Dipti Malhotra,yes,My Team,Christopher Lingbaoan,christopher.lingbaoan@amexgbt.com
DATA INTEGRITY IQ,CWT DATA INTEGRITY IQ,17000393566,My Team,Sagar Rishi,sagar.rishi@amexgbt.com,member,yes_member,17004604633,Sagar Rishi,yes,My Team,Christopher Lingbaoan,christopher.lingbaoan@amexgbt.com
DATA INTEGRITY IQ,CWT DATA INTEGRITY IQ,17000393566,My Team,Tanya Swanson,tanya.swanson@amexgbt.com,member,yes_member,17004603413,Tanya Swanson,yes,My Team,Christopher Lingbaoan,christopher.lingbaoan@amexgbt.com
DATA INTEGRITY IQ,CWT DATA INTEGRITY IQ,17000393566,My Team,Christopher Lingbaoan,christopher.lingbaoan@amexgbt.com,member,yes_member,17004608432,Christopher Lingbaoan,yes,My Team,Christopher Lingbaoan,christopher.lingbaoan@amexgbt.com
Data Logistics Administration,CWT Data Logistics Administration,17000393443,My Team,Suzanne De Mare,suzanne.demare@amexgbt.com,member,yes_member,17004611028,Suzanne De Mare,yes,My Team,David Rey,david.rey@amexgbt.com
Data Logistics Administration,CWT Data Logistics Administration,17000393443,My Team,Olivier Gilet,olivier.gilet@amexgbt.com,member,yes_member,17004606235,Olivier Gilet,yes,My Team,David Rey,david.rey@amexgbt.com
Data Logistics Administration,CWT Data Logistics Administration,17000393443,My Team,Emmanuel Antoine,emmanuel.antoine@amexgbt.com,member,yes_member,17004610876,Emmanuel Antoine,yes,My Team,David Rey,david.rey@amexgbt.com
Data Logistics Development,CWT Data Logistics Development,17000393444,My Team,Regino Ilano,regino.ilano@amexgbt.com,member,yes_member,17004608308,Regino Ilano,yes,My Team,Suzanne De Mare,suzanne.demare@amexgbt.com
Data Logistics Development,CWT Data Logistics Development,17000393444,My Team,Carlos Montori Rodriguez,carlos.montorirodriguez@amexgbt.com,member,yes_member,17004605768,Carlos Montori Rodriguez,yes,My Team,Suzanne De Mare,suzanne.demare@amexgbt.com
Data Logistics Development,CWT Data Logistics Development,17000393444,My Team,Olivier Gilet,olivier.gilet@amexgbt.com,member,yes_member,17004606235,Olivier Gilet,yes,My Team,Suzanne De Mare,suzanne.demare@amexgbt.com
Data Logistics Development,CWT Data Logistics Development,17000393444,My Team,Emmanuel Antoine,emmanuel.antoine@amexgbt.com,member,yes_member,17004610876,Emmanuel Antoine,yes,My Team,Suzanne De Mare,suzanne.demare@amexgbt.com
DataLake Product Team,CWT DataLake Product Team,17000393567,My Team,Amar Gaddam,agaddam@mycwt.com,agent_not_found,no,,,,,Christopher Lingbaoan,christopher.lingbaoan@amexgbt.com
DataLake Product Team,CWT DataLake Product Team,17000393567,My Team,Gareth Lloyd,gareth.lloyd@amexgbt.com,member,yes_member,17004605753,Gareth Lloyd,yes,My Team,Christopher Lingbaoan,christopher.lingbaoan@amexgbt.com
DataLake Product Team,CWT DataLake Product Team,17000393567,My Team,Matthew Newton,matthew.newton@amexgbt.com,member,yes_member,17004605566,Matthew Newton,yes,My Team,Christopher Lingbaoan,christopher.lingbaoan@amexgbt.com
DataLake Product Team,CWT DataLake Product Team,17000393567,My Team,Philip Hudson,phudson@mycwt.com,agent_not_found,no,,,,,Christopher Lingbaoan,christopher.lingbaoan@amexgbt.com
DataLake Product Team,CWT DataLake Product Team,17000393567,My Team,Tanya Swanson,tanya.swanson@amexgbt.com,member,yes_member,17004603413,Tanya Swanson,yes,My Team,Christopher Lingbaoan,christopher.lingbaoan@amexgbt.com
DataLake Product Team,CWT DataLake Product Team,17000393567,My Team,Craig Haughan,craig.haughan@amexgbt.com,member,yes_member,17004605570,Craig Haughan,yes,My Team,Christopher Lingbaoan,christopher.lingbaoan@amexgbt.com
DCC Deimplementation,CWT DCC Deimplementation,17000393568,My Team,Jeffrey Mark Maqui,jeffreymark.maqui@amexgbt.com,member,yes_member,17004608757,Jeffrey Mark Maqui,yes,My Team,Claire Butterworth,claire.butterworth@amexgbt.com
DCC Deimplementation,CWT DCC Deimplementation,17000393568,My Team,Ria Rose Ragual,riarose.ragual@amexgbt.com,member,yes_member,17004608217,Ria Rose Ragual,yes,My Team,Claire Butterworth,claire.butterworth@amexgbt.com
DCC Deimplementation,CWT DCC Deimplementation,17000393568,My Team,Keith Anderson Lorico,keithanderson.lorico@amexgbt.com,member,yes_member,17004608411,Keith Anderson Lorico,yes,My Team,Claire Butterworth,claire.butterworth@amexgbt.com
DCC Deimplementation,CWT DCC Deimplementation,17000393568,My Team,Marlon Madrinian,marlon.madrinian@amexgbt.com,member,yes_member,17004608758,Marlon Madrinian,yes,My Team,Claire Butterworth,claire.butterworth@amexgbt.com
DCC Deimplementation,CWT DCC Deimplementation,17000393568,My Team,Stephanie Ciret,stephanie.ciret@amexgbt.com,member,yes_member,17004607305,Stephanie Ciret,yes,My Team,Claire Butterworth,claire.butterworth@amexgbt.com
DCC Deimplementation,CWT DCC Deimplementation,17000393568,My Team,Jose Erwin Santos,joseerwin.santos@amexgbt.com,member,yes_member,17004608413,Jose Erwin Santos,yes,My Team,Claire Butterworth,claire.butterworth@amexgbt.com
DCC Deimplementation,CWT DCC Deimplementation,17000393568,My Team,Mohd. Eqbal,mohd.eqbal@amexgbt.com,member,yes_member,17004605259,Mohd. Eqbal,yes,My Team,Claire Butterworth,claire.butterworth@amexgbt.com
DCC Deimplementation,CWT DCC Deimplementation,17000393568,My Team,Rachelle Ann Suarez,rachelleann.suarez@amexgbt.com,member,yes_member,17004608877,Rachelle Ann Suarez,yes,My Team,Claire Butterworth,claire.butterworth@amexgbt.com
DCC Deimplementation,CWT DCC Deimplementation,17000393568,My Team,Brian Paar,brian.paar@amexgbt.com,member,yes_member,17004603251,Brian Paar,yes,My Team,Claire Butterworth,claire.butterworth@amexgbt.com
DCC Deimplementation,CWT DCC Deimplementation,17000393568,My Team,Justyna Skiba,justyna.skiba@amexgbt.com,member,yes_member,17004601378,Justyna Skiba,yes,My Team,Claire Butterworth,claire.butterworth@amexgbt.com
DCC Deimplementation,CWT DCC Deimplementation,17000393568,My Team,Eileen Joy Soriao,eileenjoy.soriao@amexgbt.com,member,yes_member,17004608875,Eileen Joy Soriao,yes,My Team,Claire Butterworth,claire.butterworth@amexgbt.com
DCC Deimplementation,CWT DCC Deimplementation,17000393568,My Team,Ruchira Nath,ruchira.nath1@amexgbt.com,member,yes_member,17004676841,Ruchira Nath,yes,My Team,Claire Butterworth,claire.butterworth@amexgbt.com
DCC Deimplementation,CWT DCC Deimplementation,17000393568,My Team,Marta Piotrowska,marta.piotrowska@amexgbt.com,member,yes_member,17004601275,Marta Piotrowska,yes,My Team,Claire Butterworth,claire.butterworth@amexgbt.com
DCC Deimplementation,CWT DCC Deimplementation,17000393568,My Team,Valeria Montero,valeria.montero@amexgbt.com,member,yes_member,17004608289,Valeria Montero,yes,My Team,Claire Butterworth,claire.butterworth@amexgbt.com
DCC Deimplementation,CWT DCC Deimplementation,17000393568,My Team,Ma April Therese Barcelona,maapriltherese.barcelona@amexgbt.com,not_in_group,no,17004608409,Ma April Therese Barcelona,yes,My Team,Claire Butterworth,claire.butterworth@amexgbt.com
DCC Deimplementation,CWT DCC Deimplementation,17000393568,My Team,Adriana Homsy,adriana.homsy1@amexgbt.com,member,yes_member,17004602713,Adriana Homsy,yes,My Team,Claire Butterworth,claire.butterworth@amexgbt.com
DCC Deimplementation,CWT DCC Deimplementation,17000393568,My Team,John Louie Daya,johnlouie.daya@amexgbt.com,member,yes_member,17004608300,John Louie Daya,yes,My Team,Claire Butterworth,claire.butterworth@amexgbt.com
DCC Deimplementation,CWT DCC Deimplementation,17000393568,My Team,Casey Abarca,casey.abarca@amexgbt.com,member,yes_member,17004608888,Casey Abarca,yes,My Team,Claire Butterworth,claire.butterworth@amexgbt.com
DCC Deimplementation,CWT DCC Deimplementation,17000393568,My Team,Eymard-J Bulatao,eymard-j.bulatao@amexgbt.com,not_in_group,no,17004608228,Eymard-J Bulatao,yes,My Team,Claire Butterworth,claire.butterworth@amexgbt.com
DCC Deimplementation,CWT DCC Deimplementation,17000393568,My Team,Kristia Evans Puyaoan,kristiaevans.puyaoan@amexgbt.com,member,yes_member,17004608348,Kristia Evans Puyaoan,yes,My Team,Claire Butterworth,claire.butterworth@amexgbt.com
DCC Deimplementation,CWT DCC Deimplementation,17000393568,My Team,Valerie Bonin,valerie.bonin@amexgbt.com,member,yes_member,17004607554,Valerie Bonin,yes,My Team,Claire Butterworth,claire.butterworth@amexgbt.com
DCC Deimplementation,CWT DCC Deimplementation,17000393568,My Team,Ramir Cantillana,ramir.cantillana@amexgbt.com,member,yes_member,17004608309,Ramir Cantillana,yes,My Team,Claire Butterworth,claire.butterworth@amexgbt.com
DCC Deimplementation,CWT DCC Deimplementation,17000393568,My Team,Sanna Kivimäki,sanna.kivimaeki@amexgbt.com,member,yes_member,17004606142,Sanna Kivimäki,yes,My Team,Claire Butterworth,claire.butterworth@amexgbt.com
DCC Deimplementation,CWT DCC Deimplementation,17000393568,My Team,Deepak Verma,deepak.verma3@amexgbt.com,member,yes_member,17004605037,Deepak Verma,yes,My Team,Claire Butterworth,claire.butterworth@amexgbt.com
DCC Deimplementation,CWT DCC Deimplementation,17000393568,My Team,Tenzing Kalsang,tenzing.kalsang@amexgbt.com,member,yes_member,17004604774,Tenzing Kalsang,yes,My Team,Claire Butterworth,claire.butterworth@amexgbt.com
DCC Deimplementation,CWT DCC Deimplementation,17000393568,My Team,Monika Skwarek,monika.skwarek@amexgbt.com,member,yes_member,17004601320,Monika Skwarek,yes,My Team,Claire Butterworth,claire.butterworth@amexgbt.com
DCC Deimplementation,CWT DCC Deimplementation,17000393568,My Team,Adderly Bangkil,adderly.bangkil@amexgbt.com,member,yes_member,17004608211,Adderly Bangkil,yes,My Team,Claire Butterworth,claire.butterworth@amexgbt.com
DCC Deimplementation,CWT DCC Deimplementation,17000393568,My Team,Kamila Falkowska,kamila.falkowska@amexgbt.com,member,yes_member,17004606706,Kamila Falkowska,yes,My Team,Claire Butterworth,claire.butterworth@amexgbt.com
DCC Deimplementation,CWT DCC Deimplementation,17000393568,My Team,Jean Marc Rissien,jeanmarc.rissien@amexgbt.com,member,yes_member,17004607777,Jean-Marc RISSIEN,yes,My Team,Claire Butterworth,claire.butterworth@amexgbt.com
DCC Deimplementation,CWT DCC Deimplementation,17000393568,My Team,Katarzyna Boniecka-Kowalczyk,katarzyna.boniecka-kowalczyk@amexgbt.com,member,yes_member,17004606844,Katarzyna Boniecka-Kowalczyk,yes,My Team,Claire Butterworth,claire.butterworth@amexgbt.com
DCC Deimplementation,CWT DCC Deimplementation,17000393568,My Team,Maria Angelita De Leon,mariaangelita.deleon@amexgbt.com,member,yes_member,17004608367,Maria Angelita De Leon,yes,My Team,Claire Butterworth,claire.butterworth@amexgbt.com
DCC Deimplementation,CWT DCC Deimplementation,17000393568,My Team,Froilan Cahiwat,froilan.cahiwat@amexgbt.com,member,yes_member,17004608302,Froilan Cahiwat,yes,My Team,Claire Butterworth,claire.butterworth@amexgbt.com
DCC Deimplementation,CWT DCC Deimplementation,17000393568,My Team,Monika Armada,monika.armada@amexgbt.com,member,yes_member,17004601269,Monika Armada,yes,My Team,Claire Butterworth,claire.butterworth@amexgbt.com
DCC Deimplementation,CWT DCC Deimplementation,17000393568,My Team,John Michael Lacsi,johnmichael.lacsi@amexgbt.com,member,yes_member,17004608754,John Michael Lacsi,yes,My Team,Claire Butterworth,claire.butterworth@amexgbt.com
DCC Deimplementation,CWT DCC Deimplementation,17000393568,My Team,Laarnie Joy Catibog,laarniejoy.catibog@amexgbt.com,member,yes_member,17004608767,Laarnie Joy Catibog,yes,My Team,Claire Butterworth,claire.butterworth@amexgbt.com
DCC Deimplementation,CWT DCC Deimplementation,17000393568,My Team,Wilson Villanueva,wilson.villanueva@amexgbt.com,member,yes_member,17004608381,Wilson Villanueva,yes,My Team,Claire Butterworth,claire.butterworth@amexgbt.com
DCC Deimplementation,CWT DCC Deimplementation,17000393568,My Team,Alexis Syrelle Durian,alexissyrelle.durian@amexgbt.com,member,yes_member,17004608785,Alexis Syrelle Durian,yes,My Team,Claire Butterworth,claire.butterworth@amexgbt.com
DCC Designated Site Admin maintenance,CWT DCC Designated Site Admin maintenance,17000393569,My Team,Andrew Mighall,andrew.mighall@amexgbt.com,member,yes_member,17004605759,Andrew Mighall,yes,My Team,Claire Butterworth,claire.butterworth@amexgbt.com
DCC Designated Site Admin maintenance,CWT DCC Designated Site Admin maintenance,17000393569,My Team,Kathleen Sneddon,kathleen.sneddon@amexgbt.com,member,yes_member,17004605865,Kathleen Sneddon,yes,My Team,Claire Butterworth,claire.butterworth@amexgbt.com
DCC Designated Site Admin maintenance,CWT DCC Designated Site Admin maintenance,17000393569,My Team,Neil Ambrose,neil.ambrose2@amexgbt.com,member,yes_member,17004605024,Neil Ambrose,yes,My Team,Claire Butterworth,claire.butterworth@amexgbt.com
DCC Designated Site Admin maintenance,CWT DCC Designated Site Admin maintenance,17000393569,My Team,Helene Mertz,helene.mertz@amexgbt.com,member,yes_member,17004603641,Helene Mertz,yes,My Team,Claire Butterworth,claire.butterworth@amexgbt.com
DCC Designated Site Admin maintenance,CWT DCC Designated Site Admin maintenance,17000393569,My Team,Kamila Falkowska,kamila.falkowska@amexgbt.com,member,yes_member,17004606706,Kamila Falkowska,yes,My Team,Claire Butterworth,claire.butterworth@amexgbt.com
DCC Designated Site Admin maintenance,CWT DCC Designated Site Admin maintenance,17000393569,My Team,Tenzing Kalsang,tenzing.kalsang@amexgbt.com,member,yes_member,17004604774,Tenzing Kalsang,yes,My Team,Claire Butterworth,claire.butterworth@amexgbt.com
DCC Designated Site Admin maintenance,CWT DCC Designated Site Admin maintenance,17000393569,My Team,Lorly Tongson,lorly.tongson@amexgbt.com,member,yes_member,17004602783,Lorly Tongson,yes,My Team,Claire Butterworth,claire.butterworth@amexgbt.com
DCC Designated Site Admin maintenance,CWT DCC Designated Site Admin maintenance,17000393569,My Team,Ruchira Nath,ruchira.nath1@amexgbt.com,member,yes_member,17004676841,Ruchira Nath,yes,My Team,Claire Butterworth,claire.butterworth@amexgbt.com
DCC Designated Site Admin maintenance,CWT DCC Designated Site Admin maintenance,17000393569,My Team,Amy Buckert,amy.buckert@amexgbt.com,member,yes_member,17004606954,Amy Buckert,yes,My Team,Claire Butterworth,claire.butterworth@amexgbt.com
DCC Designated Site Admin maintenance,CWT DCC Designated Site Admin maintenance,17000393569,My Team,Keith Anderson Lorico,keithanderson.lorico@amexgbt.com,member,yes_member,17004608411,Keith Anderson Lorico,yes,My Team,Claire Butterworth,claire.butterworth@amexgbt.com
DCC Designated Site Admin maintenance,CWT DCC Designated Site Admin maintenance,17000393569,My Team,Mariusz Antecki,mariusz.antecki@amexgbt.com,member,yes_member,17004606860,Mariusz Antecki,yes,My Team,Claire Butterworth,claire.butterworth@amexgbt.com
DCC Designated Site Admin maintenance,CWT DCC Designated Site Admin maintenance,17000393569,My Team,Kelley Fife,kelley.fife@amexgbt.com,member,yes_member,17004606811,Kelley Fife,yes,My Team,Claire Butterworth,claire.butterworth@amexgbt.com
DCC Designated Site Admin maintenance,CWT DCC Designated Site Admin maintenance,17000393569,My Team,Ker John Sacis,kerjohn.sacis@amexgbt.com,member,yes_member,17004608415,Ker John Sacis,yes,My Team,Claire Butterworth,claire.butterworth@amexgbt.com
DCC Designated Site Admin maintenance,CWT DCC Designated Site Admin maintenance,17000393569,My Team,Abby Poe,abby.poe@amexgbt.com,member,yes_member,17004606790,Abby Poe,yes,My Team,Claire Butterworth,claire.butterworth@amexgbt.com
DCC Designated Site Admin maintenance,CWT DCC Designated Site Admin maintenance,17000393569,My Team,Nathan Mchugh,nathan.mchugh@amexgbt.com,member,yes_member,17004603307,Nathan Mchugh,yes,My Team,Claire Butterworth,claire.butterworth@amexgbt.com
DCC Designated Site Admin maintenance,CWT DCC Designated Site Admin maintenance,17000393569,My Team,Sharon Reynolds,sharon.reynolds@amexgbt.com,member,yes_member,17004603297,Sharon Reynolds,yes,My Team,Claire Butterworth,claire.butterworth@amexgbt.com
DCC Designated Site Admin maintenance,CWT DCC Designated Site Admin maintenance,17000393569,My Team,Rebecca Atkinson,rebecca.atkinson@amexgbt.com,member,yes_member,17004606947,Rebecca Atkinson,yes,My Team,Claire Butterworth,claire.butterworth@amexgbt.com
DCC Designated Site Admin maintenance,CWT DCC Designated Site Admin maintenance,17000393569,My Team,Claire Butterworth,claire.butterworth@amexgbt.com,member,yes_member,17004605925,Claire Butterworth,yes,My Team,Claire Butterworth,claire.butterworth@amexgbt.com
DCC Designated Site Admin maintenance,CWT DCC Designated Site Admin maintenance,17000393569,My Team,Margaret Gallentine,margaret.gallentine@amexgbt.com,member,yes_member,17005058371,Margaret Gallentine,yes,My Team,Claire Butterworth,claire.butterworth@amexgbt.com
DCC Designated Site Admin maintenance,CWT DCC Designated Site Admin maintenance,17000393569,My Team,Michelle Simmons,michelle.simmons@amexgbt.com,member,yes_member,17004606803,Michelle Simmons,yes,My Team,Claire Butterworth,claire.butterworth@amexgbt.com
DCC Designated Site Admin maintenance,CWT DCC Designated Site Admin maintenance,17000393569,My Team,Deepak Verma,deepak.verma3@amexgbt.com,member,yes_member,17004605037,Deepak Verma,yes,My Team,Claire Butterworth,claire.butterworth@amexgbt.com
DCC Global Online Managers,CWT DCC Global Online Managers,17000393570,My Team,Andrew Mighall,andrew.mighall@amexgbt.com,member,yes_member,17004605759,Andrew Mighall,yes,My Team,Claire Butterworth,claire.butterworth@amexgbt.com
DCC Global Online Managers,CWT DCC Global Online Managers,17000393570,My Team,Jennifer Stone,jennifer.stone@amexgbt.com,member,yes_member,17004603170,Jennifer Stone,yes,My Team,Claire Butterworth,claire.butterworth@amexgbt.com
DCC Global Online Managers,CWT DCC Global Online Managers,17000393570,My Team,Richard Barnes,richard.barnes@amexgbt.com,member,yes_member,17004603271,Richard Barnes,yes,My Team,Claire Butterworth,claire.butterworth@amexgbt.com
DCC Global Online Managers,CWT DCC Global Online Managers,17000393570,My Team,Lianna Cariker,lianna.cariker@amexgbt.com,member,yes_member,17004603073,Lianna Cariker,yes,My Team,Claire Butterworth,claire.butterworth@amexgbt.com
DCC Global Online Managers,CWT DCC Global Online Managers,17000393570,My Team,Mariusz Antecki,mariusz.antecki@amexgbt.com,member,yes_member,17004606860,Mariusz Antecki,yes,My Team,Claire Butterworth,claire.butterworth@amexgbt.com
DCC Global Online Managers,CWT DCC Global Online Managers,17000393570,My Team,Rebecca Potter,becky.potter@amexgbt.com,member,yes_member,17004603588,Rebecca Potter,yes,My Team,Claire Butterworth,claire.butterworth@amexgbt.com
DCC Global Online Managers,CWT DCC Global Online Managers,17000393570,My Team,Lorly Tongson,lorly.tongson@amexgbt.com,member,yes_member,17004602783,Lorly Tongson,yes,My Team,Claire Butterworth,claire.butterworth@amexgbt.com
DCC Global Online Managers,CWT DCC Global Online Managers,17000393570,My Team,Pawel Lamers,pawel.lamers@amexgbt.com,member,yes_member,17004601289,Pawel Lamers,yes,My Team,Claire Butterworth,claire.butterworth@amexgbt.com
DCC Global Online Managers,CWT DCC Global Online Managers,17000393570,My Team,Helene Mertz,helene.mertz@amexgbt.com,member,yes_member,17004603641,Helene Mertz,yes,My Team,Claire Butterworth,claire.butterworth@amexgbt.com
DCC Global Online Managers,CWT DCC Global Online Managers,17000393570,My Team,Claire Butterworth,claire.butterworth@amexgbt.com,member,yes_member,17004605925,Claire Butterworth,yes,My Team,Claire Butterworth,claire.butterworth@amexgbt.com
DCC Global Online Managers,CWT DCC Global Online Managers,17000393570,My Team,Kamila Falkowska,kamila.falkowska@amexgbt.com,member,yes_member,17004606706,Kamila Falkowska,yes,My Team,Claire Butterworth,claire.butterworth@amexgbt.com
DCC Global Online Managers,CWT DCC Global Online Managers,17000393570,My Team,Gaelle Masson,gaelle.masson@amexgbt.com,member,yes_member,17004607351,Gaelle Masson,yes,My Team,Claire Butterworth,claire.butterworth@amexgbt.com
DCC Global Online Managers,CWT DCC Global Online Managers,17000393570,My Team,Regine Joyce De Leon,reginejoyce.deleon@amexgbt.com,member,yes_member,17005058351,Regine Joyce De Leon,yes,My Team,Claire Butterworth,claire.butterworth@amexgbt.com
DCC myCWT maintenance,CWT DCC myCWT maintenance,17000393571,My Team,Jeffrey Mark Maqui,jeffreymark.maqui@amexgbt.com,member,yes_member,17004608757,Jeffrey Mark Maqui,yes,My Team,Monika Armada,monika.armada@amexgbt.com
DCC myCWT maintenance,CWT DCC myCWT maintenance,17000393571,My Team,Casey Abarca,casey.abarca@amexgbt.com,member,yes_member,17004608888,Casey Abarca,yes,My Team,Monika Armada,monika.armada@amexgbt.com
DCC myCWT maintenance,CWT DCC myCWT maintenance,17000393571,My Team,Monika Armada,monika.armada@amexgbt.com,member,yes_member,17004601269,Monika Armada,yes,My Team,Monika Armada,monika.armada@amexgbt.com
DCC myCWT maintenance,CWT DCC myCWT maintenance,17000393571,My Team,Marta Piotrowska,marta.piotrowska@amexgbt.com,member,yes_member,17004601275,Marta Piotrowska,yes,My Team,Monika Armada,monika.armada@amexgbt.com
DCC myCWT maintenance,CWT DCC myCWT maintenance,17000393571,My Team,Valeria Montero,valeria.montero@amexgbt.com,member,yes_member,17004608289,Valeria Montero,yes,My Team,Monika Armada,monika.armada@amexgbt.com
DCC myCWT maintenance,CWT DCC myCWT maintenance,17000393571,My Team,Eymard-J Bulatao,eymard-j.bulatao@amexgbt.com,not_in_group,no,17004608228,Eymard-J Bulatao,yes,My Team,Monika Armada,monika.armada@amexgbt.com
DCC OBT maintenance,CWT DCC OBT maintenance,17000393572,My Team,Sanna Kivimäki,sanna.kivimaeki@amexgbt.com,member,yes_member,17004606142,Sanna Kivimäki,yes,My Team,Claire Butterworth,claire.butterworth@amexgbt.com
DCC OBT maintenance,CWT DCC OBT maintenance,17000393572,My Team,Ma April Therese Barcelona,maapriltherese.barcelona@amexgbt.com,not_in_group,no,17004608409,Ma April Therese Barcelona,yes,My Team,Claire Butterworth,claire.butterworth@amexgbt.com
DCC OBT maintenance,CWT DCC OBT maintenance,17000393572,My Team,Wilson Villanueva,wilson.villanueva@amexgbt.com,member,yes_member,17004608381,Wilson Villanueva,yes,My Team,Claire Butterworth,claire.butterworth@amexgbt.com
DCC OBT maintenance,CWT DCC OBT maintenance,17000393572,My Team,Maria Angelita De Leon,mariaangelita.deleon@amexgbt.com,member,yes_member,17004608367,Maria Angelita De Leon,yes,My Team,Claire Butterworth,claire.butterworth@amexgbt.com
DCC OBT maintenance,CWT DCC OBT maintenance,17000393572,My Team,Ramir Cantillana,ramir.cantillana@amexgbt.com,member,yes_member,17004608309,Ramir Cantillana,yes,My Team,Claire Butterworth,claire.butterworth@amexgbt.com
DCC OBT maintenance,CWT DCC OBT maintenance,17000393572,My Team,Jean Marc Rissien,jeanmarc.rissien@amexgbt.com,member,yes_member,17004607777,Jean-Marc RISSIEN,yes,My Team,Claire Butterworth,claire.butterworth@amexgbt.com
DCC OBT maintenance,CWT DCC OBT maintenance,17000393572,My Team,Marlon Madrinian,marlon.madrinian@amexgbt.com,member,yes_member,17004608758,Marlon Madrinian,yes,My Team,Claire Butterworth,claire.butterworth@amexgbt.com
DCC OBT maintenance,CWT DCC OBT maintenance,17000393572,My Team,Ria Rose Ragual,riarose.ragual@amexgbt.com,member,yes_member,17004608217,Ria Rose Ragual,yes,My Team,Claire Butterworth,claire.butterworth@amexgbt.com
DCC OBT maintenance,CWT DCC OBT maintenance,17000393572,My Team,Keith Anderson Lorico,keithanderson.lorico@amexgbt.com,member,yes_member,17004608411,Keith Anderson Lorico,yes,My Team,Claire Butterworth,claire.butterworth@amexgbt.com
DCC OBT maintenance,CWT DCC OBT maintenance,17000393572,My Team,Mohd. Eqbal,mohd.eqbal@amexgbt.com,member,yes_member,17004605259,Mohd. Eqbal,yes,My Team,Claire Butterworth,claire.butterworth@amexgbt.com
DCC OBT maintenance,CWT DCC OBT maintenance,17000393572,My Team,John Michael Lacsi,johnmichael.lacsi@amexgbt.com,member,yes_member,17004608754,John Michael Lacsi,yes,My Team,Claire Butterworth,claire.butterworth@amexgbt.com
DCC OBT maintenance,CWT DCC OBT maintenance,17000393572,My Team,Eileen Joy Soriao,eileenjoy.soriao@amexgbt.com,member,yes_member,17004608875,Eileen Joy Soriao,yes,My Team,Claire Butterworth,claire.butterworth@amexgbt.com
DCC OBT maintenance,CWT DCC OBT maintenance,17000393572,My Team,John Louie Daya,johnlouie.daya@amexgbt.com,member,yes_member,17004608300,John Louie Daya,yes,My Team,Claire Butterworth,claire.butterworth@amexgbt.com
DCC OBT maintenance,CWT DCC OBT maintenance,17000393572,My Team,Katarzyna Boniecka-Kowalczyk,katarzyna.boniecka-kowalczyk@amexgbt.com,member,yes_member,17004606844,Katarzyna Boniecka-Kowalczyk,yes,My Team,Claire Butterworth,claire.butterworth@amexgbt.com
DCC OBT maintenance,CWT DCC OBT maintenance,17000393572,My Team,Rachelle Ann Suarez,rachelleann.suarez@amexgbt.com,member,yes_member,17004608877,Rachelle Ann Suarez,yes,My Team,Claire Butterworth,claire.butterworth@amexgbt.com
DCC OBT maintenance,CWT DCC OBT maintenance,17000393572,My Team,Kristia Evans Puyaoan,kristiaevans.puyaoan@amexgbt.com,member,yes_member,17004608348,Kristia Evans Puyaoan,yes,My Team,Claire Butterworth,claire.butterworth@amexgbt.com
DCC OBT maintenance,CWT DCC OBT maintenance,17000393572,My Team,Stephanie Ciret,stephanie.ciret@amexgbt.com,member,yes_member,17004607305,Stephanie Ciret,yes,My Team,Claire Butterworth,claire.butterworth@amexgbt.com
DCC OBT maintenance,CWT DCC OBT maintenance,17000393572,My Team,Froilan Cahiwat,froilan.cahiwat@amexgbt.com,member,yes_member,17004608302,Froilan Cahiwat,yes,My Team,Claire Butterworth,claire.butterworth@amexgbt.com
DCC OBT maintenance,CWT DCC OBT maintenance,17000393572,My Team,Deepak Verma,deepak.verma3@amexgbt.com,member,yes_member,17004605037,Deepak Verma,yes,My Team,Claire Butterworth,claire.butterworth@amexgbt.com
DCC OBT maintenance,CWT DCC OBT maintenance,17000393572,My Team,Alexis Syrelle Durian,alexissyrelle.durian@amexgbt.com,member,yes_member,17004608785,Alexis Syrelle Durian,yes,My Team,Claire Butterworth,claire.butterworth@amexgbt.com
DCC OBT maintenance,CWT DCC OBT maintenance,17000393572,My Team,Jose Erwin Santos,joseerwin.santos@amexgbt.com,member,yes_member,17004608413,Jose Erwin Santos,yes,My Team,Claire Butterworth,claire.butterworth@amexgbt.com
DCC OBT maintenance,CWT DCC OBT maintenance,17000393572,My Team,Laarnie Joy Catibog,laarniejoy.catibog@amexgbt.com,member,yes_member,17004608767,Laarnie Joy Catibog,yes,My Team,Claire Butterworth,claire.butterworth@amexgbt.com
DCC OBT maintenance,CWT DCC OBT maintenance,17000393572,My Team,Valerie Bonin,valerie.bonin@amexgbt.com,member,yes_member,17004607554,Valerie Bonin,yes,My Team,Claire Butterworth,claire.butterworth@amexgbt.com
DCC OBT maintenance,CWT DCC OBT maintenance,17000393572,My Team,Adderly Bangkil,adderly.bangkil@amexgbt.com,member,yes_member,17004608211,Adderly Bangkil,yes,My Team,Claire Butterworth,claire.butterworth@amexgbt.com
DCC Online Services maintenance,CWT DCC Online Services maintenance,17000393573,My Team,Joanna Clare,joanna.clare1@amexgbt.com,member,yes_member,17004605909,Joanna Clare,yes,My Team,Joanna Clare,joanna.clare1@amexgbt.com
DCC Online Services maintenance,CWT DCC Online Services maintenance,17000393573,My Team,Michal Witowski,michal.witowski@amexgbt.com,member,yes_member,17004606850,Michal Witowski,yes,My Team,Joanna Clare,joanna.clare1@amexgbt.com
DCC Online Services maintenance,CWT DCC Online Services maintenance,17000393573,My Team,Nicola Gill-Roberts,nicola.gill-roberts@amexgbt.com,member,yes_member,17004605737,Nicola Gill-Roberts,yes,My Team,Joanna Clare,joanna.clare1@amexgbt.com
DCC Portrait maintenance,CWT DCC Portrait maintenance,17000393574,My Team,Valeria Montero,valeria.montero@amexgbt.com,member,yes_member,17004608289,Valeria Montero,yes,My Team,Monika Armada,monika.armada@amexgbt.com
DCC Portrait maintenance,CWT DCC Portrait maintenance,17000393574,My Team,Eymard-J Bulatao,eymard-j.bulatao@amexgbt.com,not_in_group,no,17004608228,Eymard-J Bulatao,yes,My Team,Monika Armada,monika.armada@amexgbt.com
DCC Portrait maintenance,CWT DCC Portrait maintenance,17000393574,My Team,Marta Piotrowska,marta.piotrowska@amexgbt.com,member,yes_member,17004601275,Marta Piotrowska,yes,My Team,Monika Armada,monika.armada@amexgbt.com
DCC Portrait maintenance,CWT DCC Portrait maintenance,17000393574,My Team,Casey Abarca,casey.abarca@amexgbt.com,member,yes_member,17004608888,Casey Abarca,yes,My Team,Monika Armada,monika.armada@amexgbt.com
DCC Portrait maintenance,CWT DCC Portrait maintenance,17000393574,My Team,Jeffrey Mark Maqui,jeffreymark.maqui@amexgbt.com,member,yes_member,17004608757,Jeffrey Mark Maqui,yes,My Team,Monika Armada,monika.armada@amexgbt.com
DCC Portrait maintenance,CWT DCC Portrait maintenance,17000393574,My Team,Monika Armada,monika.armada@amexgbt.com,member,yes_member,17004601269,Monika Armada,yes,My Team,Monika Armada,monika.armada@amexgbt.com
DCC Project & Product Onboarding,CWT DCC Project & Product Onboarding,17000393575,My Team,Anette Brydensholt,anette.brydensholt@amexgbt.com,member,yes_member,17004610923,Anette Brydensholt,yes,My Team,Katarzyna Boniecka-Kowalczyk,katarzyna.boniecka-kowalczyk@amexgbt.com
DCC Project & Product Onboarding,CWT DCC Project & Product Onboarding,17000393575,My Team,Claire Butterworth,claire.butterworth@amexgbt.com,member,yes_member,17004605925,Claire Butterworth,yes,My Team,Katarzyna Boniecka-Kowalczyk,katarzyna.boniecka-kowalczyk@amexgbt.com
DCC Project & Product Onboarding,CWT DCC Project & Product Onboarding,17000393575,My Team,Katarzyna Boniecka-Kowalczyk,katarzyna.boniecka-kowalczyk@amexgbt.com,member,yes_member,17004606844,Katarzyna Boniecka-Kowalczyk,yes,My Team,Katarzyna Boniecka-Kowalczyk,katarzyna.boniecka-kowalczyk@amexgbt.com
DCC TECH PH BFT,CWT DCC TECH PH BFT,17000393576,My Team,Christina Van Overeem,christina.vanovereem@amexgbt.com,member,yes_member,17004610885,Christina Van Overeem,yes,My Team,Ma April Therese Barcelona,maapriltherese.barcelona@amexgbt.com
DCC TECH PH BFT,CWT DCC TECH PH BFT,17000393576,My Team,Ma April Therese Barcelona,maapriltherese.barcelona@amexgbt.com,not_in_group,no,17004608409,Ma April Therese Barcelona,yes,My Team,Ma April Therese Barcelona,maapriltherese.barcelona@amexgbt.com
DCC TECH PH BFT,CWT DCC TECH PH BFT,17000393576,My Team,Monika Armada,monika.armada@amexgbt.com,member,yes_member,17004601269,Monika Armada,yes,My Team,Ma April Therese Barcelona,maapriltherese.barcelona@amexgbt.com
DCC TECH PH BFT,CWT DCC TECH PH BFT,17000393576,My Team,Adderly Bangkil,adderly.bangkil@amexgbt.com,member,yes_member,17004608211,Adderly Bangkil,yes,My Team,Ma April Therese Barcelona,maapriltherese.barcelona@amexgbt.com
DCC TECH PH BFT,CWT DCC TECH PH BFT,17000393576,My Team,Keith Anderson Lorico,keithanderson.lorico@amexgbt.com,member,yes_member,17004608411,Keith Anderson Lorico,yes,My Team,Ma April Therese Barcelona,maapriltherese.barcelona@amexgbt.com
DCC TECH PH BFT,CWT DCC TECH PH BFT,17000393576,My Team,Charissa Andrea Vivero-Pesado,charissaandrea.vivero-pesado@amexgbt.com,agent_not_found,no,,,,,Ma April Therese Barcelona,maapriltherese.barcelona@amexgbt.com
DCC TECH PH BFT,CWT DCC TECH PH BFT,17000393576,My Team,HERMANN NDINWA KINANG,hermann.ndinwakinang@amexgbt.com,member,yes_member,17004608652,HERMANN NDINWA KINANG,yes,My Team,Ma April Therese Barcelona,maapriltherese.barcelona@amexgbt.com
DCC TECH PH BFT,CWT DCC TECH PH BFT,17000393576,My Team,John Louie Daya,johnlouie.daya@amexgbt.com,member,yes_member,17004608300,John Louie Daya,yes,My Team,Ma April Therese Barcelona,maapriltherese.barcelona@amexgbt.com
DCC TECH PH BFT,CWT DCC TECH PH BFT,17000393576,My Team,Ramir Cantillana,ramir.cantillana@amexgbt.com,member,yes_member,17004608309,Ramir Cantillana,yes,My Team,Ma April Therese Barcelona,maapriltherese.barcelona@amexgbt.com
DCC TECH PH BFT,CWT DCC TECH PH BFT,17000393576,My Team,Jan Lucas,jan.lucas@amexgbt.com,member,yes_member,17004608756,Jan Lucas,yes,My Team,Ma April Therese Barcelona,maapriltherese.barcelona@amexgbt.com
DCC TECH PH BFT,CWT DCC TECH PH BFT,17000393576,My Team,Marlon Madrinian,marlon.madrinian@amexgbt.com,member,yes_member,17004608758,Marlon Madrinian,yes,My Team,Ma April Therese Barcelona,maapriltherese.barcelona@amexgbt.com
DCC TECH PH BFT,CWT DCC TECH PH BFT,17000393576,My Team,Eileen Joy Soriao,eileenjoy.soriao@amexgbt.com,member,yes_member,17004608875,Eileen Joy Soriao,yes,My Team,Ma April Therese Barcelona,maapriltherese.barcelona@amexgbt.com
DCC TECH PH BFT,CWT DCC TECH PH BFT,17000393576,My Team,Ledmour Labit,ledmour.labit@amexgbt.com,member,yes_member,17004608645,Ledmour Labit,yes,My Team,Ma April Therese Barcelona,maapriltherese.barcelona@amexgbt.com
DCC TECH PH BFT,CWT DCC TECH PH BFT,17000393576,My Team,Ria Rose Ragual,riarose.ragual@amexgbt.com,member,yes_member,17004608217,Ria Rose Ragual,yes,My Team,Ma April Therese Barcelona,maapriltherese.barcelona@amexgbt.com
DCC TECH PH BFT,CWT DCC TECH PH BFT,17000393576,My Team,Froilan Cahiwat,froilan.cahiwat@amexgbt.com,member,yes_member,17004608302,Froilan Cahiwat,yes,My Team,Ma April Therese Barcelona,maapriltherese.barcelona@amexgbt.com
DCC TECH PH BFT,CWT DCC TECH PH BFT,17000393576,My Team,Alice Halpern,alice.halpern@amexgbt.com,member,yes_member,17004610893,Alice Halpern,yes,My Team,Ma April Therese Barcelona,maapriltherese.barcelona@amexgbt.com
DCC TECH PH BFT,CWT DCC TECH PH BFT,17000393576,My Team,Jose Erwin Santos,joseerwin.santos@amexgbt.com,member,yes_member,17004608413,Jose Erwin Santos,yes,My Team,Ma April Therese Barcelona,maapriltherese.barcelona@amexgbt.com
DCC TECH PH BFT,CWT DCC TECH PH BFT,17000393576,My Team,Kristia Evans Puyaoan,kristiaevans.puyaoan@amexgbt.com,member,yes_member,17004608348,Kristia Evans Puyaoan,yes,My Team,Ma April Therese Barcelona,maapriltherese.barcelona@amexgbt.com
DCC TECH PH BFT,CWT DCC TECH PH BFT,17000393576,My Team,Anthony Gurdiel,anthony.gurdiel@amexgbt.com,member,yes_member,17004608324,Anthony Gurdiel,yes,My Team,Ma April Therese Barcelona,maapriltherese.barcelona@amexgbt.com
DCC TECH PH BFT,CWT DCC TECH PH BFT,17000393576,My Team,Yvan David Delatour,yvandavid.delatour@amexgbt.com,member,yes_member,17004608685,Yvan David Delatour,yes,My Team,Ma April Therese Barcelona,maapriltherese.barcelona@amexgbt.com
DCC TECH PH BFT,CWT DCC TECH PH BFT,17000393576,My Team,James Albert De Guzman,jamesalbert.deguzman@amexgbt.com,member,yes_member,17004608683,James Albert De Guzman,yes,My Team,Ma April Therese Barcelona,maapriltherese.barcelona@amexgbt.com
DCC TECH PH BFT,CWT DCC TECH PH BFT,17000393576,My Team,Line Asha Sørensen,lineasha.soerensen@amexgbt.com,member,yes_member,17004610891,Line Asha Sørensen,yes,My Team,Ma April Therese Barcelona,maapriltherese.barcelona@amexgbt.com
DCC TECH PH BFT,CWT DCC TECH PH BFT,17000393576,My Team,Alexis Syrelle Durian,alexissyrelle.durian@amexgbt.com,member,yes_member,17004608785,Alexis Syrelle Durian,yes,My Team,Ma April Therese Barcelona,maapriltherese.barcelona@amexgbt.com
DCC TECH PH BFT,CWT DCC TECH PH BFT,17000393576,My Team,Carlo Martin Malihan,carlomartin.malihan@amexgbt.com,member,yes_member,17004608650,Carlo Martin Malihan,yes,My Team,Ma April Therese Barcelona,maapriltherese.barcelona@amexgbt.com
DCC TECH PH BFT,CWT DCC TECH PH BFT,17000393576,My Team,John Michael Lacsi,johnmichael.lacsi@amexgbt.com,member,yes_member,17004608754,John Michael Lacsi,yes,My Team,Ma April Therese Barcelona,maapriltherese.barcelona@amexgbt.com
DCC TECH PH BFT,CWT DCC TECH PH BFT,17000393576,My Team,Regine Joyce De Leon,reginejoyce.deleon@amexgbt.com,member,yes_member,17005058351,Regine Joyce De Leon,yes,My Team,Ma April Therese Barcelona,maapriltherese.barcelona@amexgbt.com
DCC TECH PH BFT,CWT DCC TECH PH BFT,17000393576,My Team,Maria Angelita De Leon,mariaangelita.deleon@amexgbt.com,member,yes_member,17004608367,Maria Angelita De Leon,yes,My Team,Ma April Therese Barcelona,maapriltherese.barcelona@amexgbt.com
DCC TECH PH BFT,CWT DCC TECH PH BFT,17000393576,My Team,Wilson Villanueva,wilson.villanueva@amexgbt.com,member,yes_member,17004608381,Wilson Villanueva,yes,My Team,Ma April Therese Barcelona,maapriltherese.barcelona@amexgbt.com
DCC TECH PH BFT,CWT DCC TECH PH BFT,17000393576,My Team,Laarnie Joy Catibog,laarniejoy.catibog@amexgbt.com,member,yes_member,17004608767,Laarnie Joy Catibog,yes,My Team,Ma April Therese Barcelona,maapriltherese.barcelona@amexgbt.com
DCC TECH PH BFT,CWT DCC TECH PH BFT,17000393576,My Team,Renz Almer Tolosa,renzalmer.tolosa@amexgbt.com,member,yes_member,17004608212,Renz Almer Tolosa,yes,My Team,Ma April Therese Barcelona,maapriltherese.barcelona@amexgbt.com
DCC TECH PH BFT,CWT DCC TECH PH BFT,17000393576,My Team,Luigina Giulietti,luigina.giulietti@amexgbt.com,member,yes_member,17004608063,Luigina Giulietti,yes,My Team,Ma April Therese Barcelona,maapriltherese.barcelona@amexgbt.com
DCC TECH PH BFT,CWT DCC TECH PH BFT,17000393576,My Team,Rachelle Ann Suarez,rachelleann.suarez@amexgbt.com,member,yes_member,17004608877,Rachelle Ann Suarez,yes,My Team,Ma April Therese Barcelona,maapriltherese.barcelona@amexgbt.com
DCC TECH PH BFT,CWT DCC TECH PH BFT,17000393576,My Team,John Patrick Mozo,johnpatrick.mozo@amexgbt.com,member,yes_member,17004608692,John Patrick Mozo,yes,My Team,Ma April Therese Barcelona,maapriltherese.barcelona@amexgbt.com
DCC TECH PH BFT,CWT DCC TECH PH BFT,17000393576,My Team,Rhoderick Alcantara,rhoderick.alcantara@amexgbt.com,member,yes_member,17004608673,Rhoderick Alcantara,yes,My Team,Ma April Therese Barcelona,maapriltherese.barcelona@amexgbt.com
DDB GLOBAL SUPPORT,CWT DDB GLOBAL SUPPORT,17000392774,My Team,Michelle Thurn,michelle.thurn@amexgbt.com,member,yes_member,17004603353,Michelle Thurn,yes,My Team,Michelle Thurn,michelle.thurn@amexgbt.com
DDB GLOBAL SUPPORT,CWT DDB GLOBAL SUPPORT,17000392774,My Team,April Mcguire,april.mcguire@amexgbt.com,member,yes_member,17004603387,April McGuire,yes,My Team,Michelle Thurn,michelle.thurn@amexgbt.com
DDB GLOBAL SUPPORT,CWT DDB GLOBAL SUPPORT,17000392774,My Team,Liel Ongkengco,liel.ongkengco@amexgbt.com,not_in_group,no,17004608471,Liel Ongkengco,yes,My Team,Michelle Thurn,michelle.thurn@amexgbt.com
DDB GLOBAL SUPPORT,CWT DDB GLOBAL SUPPORT,17000392774,My Team,Jeffrey Reyes,jeffrey.reyes@amexgbt.com,not_in_group,no,17004608406,Jeffrey Reyes,yes,My Team,Michelle Thurn,michelle.thurn@amexgbt.com
DDB GLOBAL SUPPORT,CWT DDB GLOBAL SUPPORT,17000392774,My Team,Paul Murillo,paul.murillo@amexgbt.com,not_in_group,no,17004602623,Paul Murillo,yes,My Team,Michelle Thurn,michelle.thurn@amexgbt.com
DDB GLOBAL SUPPORT,CWT DDB GLOBAL SUPPORT,17000392774,My Team,Jacqueline Tan,jacqueline.tan@amexgbt.com,not_in_group,no,17004608476,Jacqueline Tan,yes,My Team,Michelle Thurn,michelle.thurn@amexgbt.com
DDB GLOBAL SUPPORT,CWT DDB GLOBAL SUPPORT,17000392774,My Team,David Reyes Iii,david.reyesiii@amexgbt.com,not_in_group,no,17004608403,David Reyes Iii,yes,My Team,Michelle Thurn,michelle.thurn@amexgbt.com
DDB GLOBAL SUPPORT,CWT DDB GLOBAL SUPPORT,17000392774,My Team,Michael Angelo Magat,michaelangelo.magat@amexgbt.com,not_in_group,no,17004608372,Michael Angelo Magat,yes,My Team,Michelle Thurn,michelle.thurn@amexgbt.com
DDB GLOBAL SUPPORT,CWT DDB GLOBAL SUPPORT,17000392774,My Team,Lawrence Icaro,lawrence.icaro@amexgbt.com,not_in_group,no,17004608584,Lawrence Icaro,yes,My Team,Michelle Thurn,michelle.thurn@amexgbt.com
DDB GLOBAL SUPPORT,CWT DDB GLOBAL SUPPORT,17000392774,My Team,Caroline Fresnais,caroline.fresnais@amexgbt.com,member,yes_member,17004607413,Caroline Fresnais,yes,My Team,Michelle Thurn,michelle.thurn@amexgbt.com
DDB GLOBAL SUPPORT,CWT DDB GLOBAL SUPPORT,17000392774,My Team,Johnver Ilagan,johnver.ilagan@amexgbt.com,not_in_group,no,17004608401,Johnver Ilagan,yes,My Team,Michelle Thurn,michelle.thurn@amexgbt.com
DDB GLOBAL SUPPORT,CWT DDB GLOBAL SUPPORT,17000392774,My Team,Erica Guzman,erica.guzman@amexgbt.com,not_in_group,no,17004608458,Erica Guzman,yes,My Team,Michelle Thurn,michelle.thurn@amexgbt.com
DDB GLOBAL SUPPORT,CWT DDB GLOBAL SUPPORT,17000392774,My Team,Jonathan Untalan,jonathan.untalan@amexgbt.com,not_in_group,no,17004608551,Jonathan Untalan,yes,My Team,Michelle Thurn,michelle.thurn@amexgbt.com
DDO APAC,CWT DDO APAC,17000393577,My Team,Rakesh Yadav,rakesh.yadav@amexgbt.com,member,yes_member,17004605290,Rakesh Yadav,yes,My Team,Juan Gomez,juan.gomez@amexgbt.com
DDO APAC,CWT DDO APAC,17000393577,My Team,Varun Kumar,varun.kumar2@amexgbt.com,member,yes_member,17004604649,Varun Kumar,yes,My Team,Juan Gomez,juan.gomez@amexgbt.com
DDO APAC,CWT DDO APAC,17000393577,My Team,Seema Dass,seema.dass@amexgbt.com,member,yes_member,17004604246,Seema Dass,yes,My Team,Juan Gomez,juan.gomez@amexgbt.com
DDO APAC,CWT DDO APAC,17000393577,My Team,Angie Sánchez Medina,angie.sanchezmedina@amexgbt.com,member,yes_member,17004606474,Angie Sánchez Medina,yes,My Team,Juan Gomez,juan.gomez@amexgbt.com
DDO APAC,CWT DDO APAC,17000393577,My Team,Jitendra Jaiman,jitendra.jaiman@amexgbt.com,member,yes_member,17004605016,Jitendra Jaiman,yes,My Team,Juan Gomez,juan.gomez@amexgbt.com
DDO APAC,CWT DDO APAC,17000393577,My Team,Angela Hernandez,angela.hernandez@amexgbt.com,member,yes_member,17004606561,Angela Hernandez,yes,My Team,Juan Gomez,juan.gomez@amexgbt.com
DDO APAC,CWT DDO APAC,17000393577,My Team,Ankur Das,ankur.das@amexgbt.com,member,yes_member,17004604442,Ankur Das,yes,My Team,Juan Gomez,juan.gomez@amexgbt.com
DDO APAC,CWT DDO APAC,17000393577,My Team,Ashish Negi,ashish.negi1@amexgbt.com,member,yes_member,17004604658,Ashish Negi,yes,My Team,Juan Gomez,juan.gomez@amexgbt.com
DDO APAC,CWT DDO APAC,17000393577,My Team,Shivani Sati,shivani.sati@amexgbt.com,member,yes_member,17004603751,Shivani Sati,yes,My Team,Juan Gomez,juan.gomez@amexgbt.com
DDO APAC,CWT DDO APAC,17000393577,My Team,Abhishek Sharma,abhishek.sharma4@amexgbt.com,member,yes_member,17004604087,Abhishek Sharma,yes,My Team,Juan Gomez,juan.gomez@amexgbt.com
DDO APAC,CWT DDO APAC,17000393577,My Team,Deepa Savara,deepa.savara@amexgbt.com,member,yes_member,17004604473,Deepa Savara,yes,My Team,Juan Gomez,juan.gomez@amexgbt.com
DDO APAC,CWT DDO APAC,17000393577,My Team,Juan Gomez,juan.gomez@amexgbt.com,member,yes_member,17004606357,Juan Gomez,yes,My Team,Juan Gomez,juan.gomez@amexgbt.com
DDO APAC,CWT DDO APAC,17000393577,My Team,Naresh Masand,naresh.masand@amexgbt.com,member,yes_member,17004604987,Naresh Masand,yes,My Team,Juan Gomez,juan.gomez@amexgbt.com
DDO DE,CWT DDO DE,17000393578,My Team,Ankur Das,ankur.das@amexgbt.com,member,yes_member,17004604442,Ankur Das,yes,My Team,Cenise Roland,cenise.roland@amexgbt.com
DDO DE,CWT DDO DE,17000393578,My Team,Jitendra Jaiman,jitendra.jaiman@amexgbt.com,member,yes_member,17004605016,Jitendra Jaiman,yes,My Team,Cenise Roland,cenise.roland@amexgbt.com
DDO DE,CWT DDO DE,17000393578,My Team,Angela Hernandez,angela.hernandez@amexgbt.com,member,yes_member,17004606561,Angela Hernandez,yes,My Team,Cenise Roland,cenise.roland@amexgbt.com
DDO DE,CWT DDO DE,17000393578,My Team,Shivani Sati,shivani.sati@amexgbt.com,member,yes_member,17004603751,Shivani Sati,yes,My Team,Cenise Roland,cenise.roland@amexgbt.com
DDO DE,CWT DDO DE,17000393578,My Team,Deepa Savara,deepa.savara@amexgbt.com,member,yes_member,17004604473,Deepa Savara,yes,My Team,Cenise Roland,cenise.roland@amexgbt.com
DDO DE,CWT DDO DE,17000393578,My Team,Seema Dass,seema.dass@amexgbt.com,member,yes_member,17004604246,Seema Dass,yes,My Team,Cenise Roland,cenise.roland@amexgbt.com
DDO DE,CWT DDO DE,17000393578,My Team,Ashish Negi,ashish.negi1@amexgbt.com,member,yes_member,17004604658,Ashish Negi,yes,My Team,Cenise Roland,cenise.roland@amexgbt.com
DDO DE,CWT DDO DE,17000393578,My Team,Juan Gomez,juan.gomez@amexgbt.com,member,yes_member,17004606357,Juan Gomez,yes,My Team,Cenise Roland,cenise.roland@amexgbt.com
DDO EMEA,CWT DDO EMEA,17000393488,My Team,Varun Kumar,varun.kumar2@amexgbt.com,member,yes_member,17004604649,Varun Kumar,yes,My Team,Cenise Roland,cenise.roland@amexgbt.com
DDO EMEA,CWT DDO EMEA,17000393488,My Team,Angie Sánchez Medina,angie.sanchezmedina@amexgbt.com,member,yes_member,17004606474,Angie Sánchez Medina,yes,My Team,Cenise Roland,cenise.roland@amexgbt.com
DDO EMEA,CWT DDO EMEA,17000393488,My Team,Rakesh Yadav,rakesh.yadav@amexgbt.com,member,yes_member,17004605290,Rakesh Yadav,yes,My Team,Cenise Roland,cenise.roland@amexgbt.com
DDO EMEA,CWT DDO EMEA,17000393488,My Team,Jitendra Jaiman,jitendra.jaiman@amexgbt.com,member,yes_member,17004605016,Jitendra Jaiman,yes,My Team,Cenise Roland,cenise.roland@amexgbt.com
DDO EMEA,CWT DDO EMEA,17000393488,My Team,Deepa Savara,deepa.savara@amexgbt.com,member,yes_member,17004604473,Deepa Savara,yes,My Team,Cenise Roland,cenise.roland@amexgbt.com
DDO EMEA,CWT DDO EMEA,17000393488,My Team,Emmanuel Antoine,emmanuel.antoine@amexgbt.com,member,yes_member,17004610876,Emmanuel Antoine,yes,My Team,Cenise Roland,cenise.roland@amexgbt.com
DDO EMEA,CWT DDO EMEA,17000393488,My Team,Seema Dass,seema.dass@amexgbt.com,member,yes_member,17004604246,Seema Dass,yes,My Team,Cenise Roland,cenise.roland@amexgbt.com
DDO EMEA,CWT DDO EMEA,17000393488,My Team,Ankur Das,ankur.das@amexgbt.com,member,yes_member,17004604442,Ankur Das,yes,My Team,Cenise Roland,cenise.roland@amexgbt.com
DDO EMEA,CWT DDO EMEA,17000393488,My Team,Juan Gomez,juan.gomez@amexgbt.com,member,yes_member,17004606357,Juan Gomez,yes,My Team,Cenise Roland,cenise.roland@amexgbt.com
DDO EMEA,CWT DDO EMEA,17000393488,My Team,Shivani Sati,shivani.sati@amexgbt.com,member,yes_member,17004603751,Shivani Sati,yes,My Team,Cenise Roland,cenise.roland@amexgbt.com
DDO EMEA,CWT DDO EMEA,17000393488,My Team,Ashish Negi,ashish.negi1@amexgbt.com,member,yes_member,17004604658,Ashish Negi,yes,My Team,Cenise Roland,cenise.roland@amexgbt.com
DDO EMEA,CWT DDO EMEA,17000393488,My Team,Angela Hernandez,angela.hernandez@amexgbt.com,member,yes_member,17004606561,Angela Hernandez,yes,My Team,Cenise Roland,cenise.roland@amexgbt.com
DDO Global Glory Corrections,CWT DDO Global Glory Corrections,17000393579,My Team,Rahul Yadav,rahul.yadav3@amexgbt.com,member,yes_member,17004605144,Rahul Yadav,yes,My Team,Varun Kumar,varun.kumar2@amexgbt.com
DDO Global Glory Corrections,CWT DDO Global Glory Corrections,17000393579,My Team,Shivani Sati,shivani.sati@amexgbt.com,member,yes_member,17004603751,Shivani Sati,yes,My Team,Varun Kumar,varun.kumar2@amexgbt.com
DDO Global Glory Corrections,CWT DDO Global Glory Corrections,17000393579,My Team,Naresh Masand,naresh.masand@amexgbt.com,member,yes_member,17004604987,Naresh Masand,yes,My Team,Varun Kumar,varun.kumar2@amexgbt.com
DDO Global Glory Corrections,CWT DDO Global Glory Corrections,17000393579,My Team,Varun Kumar,varun.kumar2@amexgbt.com,member,yes_member,17004604649,Varun Kumar,yes,My Team,Varun Kumar,varun.kumar2@amexgbt.com
DDO Global Glory Corrections,CWT DDO Global Glory Corrections,17000393579,My Team,Anju Kumari,anju.kumari@amexgbt.com,member,yes_member,17004604269,Anju Kumari,yes,My Team,Varun Kumar,varun.kumar2@amexgbt.com
DDO Global Glory Corrections,CWT DDO Global Glory Corrections,17000393579,My Team,Juan Gomez,juan.gomez@amexgbt.com,member,yes_member,17004606357,Juan Gomez,yes,My Team,Varun Kumar,varun.kumar2@amexgbt.com
DDO GLOBAL IMPLEMENTATIONS,CWT DDO GLOBAL IMPLEMENTATIONS,17000393580,My Team,Alexandra Ladd,alexandra.ladd@amexgbt.com,member,yes_member,17005058372,Alexandra Ladd,yes,My Team,Cenise Roland,cenise.roland@amexgbt.com
DDO GLOBAL IMPLEMENTATIONS,CWT DDO GLOBAL IMPLEMENTATIONS,17000393580,My Team,Angie Sánchez Medina,angie.sanchezmedina@amexgbt.com,member,yes_member,17004606474,Angie Sánchez Medina,yes,My Team,Cenise Roland,cenise.roland@amexgbt.com
DDO GLOBAL IMPLEMENTATIONS,CWT DDO GLOBAL IMPLEMENTATIONS,17000393580,My Team,Eileen O'Gorman,eileen.ogorman@amexgbt.com,member,yes_member,17004602153,Eileen O'Gorman,yes,My Team,Cenise Roland,cenise.roland@amexgbt.com
DDO LATAM,CWT DDO LATAM,17000393581,My Team,Ashish Negi,ashish.negi1@amexgbt.com,member,yes_member,17004604658,Ashish Negi,yes,My Team,Juan Gomez,juan.gomez@amexgbt.com
DDO LATAM,CWT DDO LATAM,17000393581,My Team,Seema Dass,seema.dass@amexgbt.com,member,yes_member,17004604246,Seema Dass,yes,My Team,Juan Gomez,juan.gomez@amexgbt.com
DDO LATAM,CWT DDO LATAM,17000393581,My Team,Deepa Savara,deepa.savara@amexgbt.com,member,yes_member,17004604473,Deepa Savara,yes,My Team,Juan Gomez,juan.gomez@amexgbt.com
DDO LATAM,CWT DDO LATAM,17000393581,My Team,Cenise Roland,cenise.roland@amexgbt.com,member,yes_member,17004602393,Cenise Roland,yes,My Team,Juan Gomez,juan.gomez@amexgbt.com
DDO LATAM,CWT DDO LATAM,17000393581,My Team,Juan Gomez,juan.gomez@amexgbt.com,member,yes_member,17004606357,Juan Gomez,yes,My Team,Juan Gomez,juan.gomez@amexgbt.com
DDO LATAM,CWT DDO LATAM,17000393581,My Team,Shivani Sati,shivani.sati@amexgbt.com,member,yes_member,17004603751,Shivani Sati,yes,My Team,Juan Gomez,juan.gomez@amexgbt.com
DDO LATAM,CWT DDO LATAM,17000393581,My Team,Ankur Das,ankur.das@amexgbt.com,member,yes_member,17004604442,Ankur Das,yes,My Team,Juan Gomez,juan.gomez@amexgbt.com
DDO LATAM,CWT DDO LATAM,17000393581,My Team,Angie Sánchez Medina,angie.sanchezmedina@amexgbt.com,member,yes_member,17004606474,Angie Sánchez Medina,yes,My Team,Juan Gomez,juan.gomez@amexgbt.com
DDO LATAM,CWT DDO LATAM,17000393581,My Team,Angela Hernandez,angela.hernandez@amexgbt.com,member,yes_member,17004606561,Angela Hernandez,yes,My Team,Juan Gomez,juan.gomez@amexgbt.com
DDO LATAM,CWT DDO LATAM,17000393581,My Team,Rakesh Yadav,rakesh.yadav@amexgbt.com,member,yes_member,17004605290,Rakesh Yadav,yes,My Team,Juan Gomez,juan.gomez@amexgbt.com
DDO NORAM,CWT DDO NORAM,17000393582,My Team,Ankur Das,ankur.das@amexgbt.com,member,yes_member,17004604442,Ankur Das,yes,My Team,Cenise Roland,cenise.roland@amexgbt.com
DDO NORAM,CWT DDO NORAM,17000393582,My Team,Seema Dass,seema.dass@amexgbt.com,member,yes_member,17004604246,Seema Dass,yes,My Team,Cenise Roland,cenise.roland@amexgbt.com
DDO NORAM,CWT DDO NORAM,17000393582,My Team,Angie Sánchez Medina,angie.sanchezmedina@amexgbt.com,member,yes_member,17004606474,Angie Sánchez Medina,yes,My Team,Cenise Roland,cenise.roland@amexgbt.com
DDO NORAM,CWT DDO NORAM,17000393582,My Team,Ashish Negi,ashish.negi1@amexgbt.com,member,yes_member,17004604658,Ashish Negi,yes,My Team,Cenise Roland,cenise.roland@amexgbt.com
DDO NORAM,CWT DDO NORAM,17000393582,My Team,Shivani Sati,shivani.sati@amexgbt.com,member,yes_member,17004603751,Shivani Sati,yes,My Team,Cenise Roland,cenise.roland@amexgbt.com
DDO NORAM,CWT DDO NORAM,17000393582,My Team,Angela Hernandez,angela.hernandez@amexgbt.com,member,yes_member,17004606561,Angela Hernandez,yes,My Team,Cenise Roland,cenise.roland@amexgbt.com
DDO NORAM,CWT DDO NORAM,17000393582,My Team,Varun Kumar,varun.kumar2@amexgbt.com,member,yes_member,17004604649,Varun Kumar,yes,My Team,Cenise Roland,cenise.roland@amexgbt.com
DDO NORAM,CWT DDO NORAM,17000393582,My Team,Dhimant Dave,dhimant.dave@amexgbt.com,member,yes_member,17004604879,Dhimant Dave,yes,My Team,Cenise Roland,cenise.roland@amexgbt.com
DDO NORAM,CWT DDO NORAM,17000393582,My Team,Jitendra Jaiman,jitendra.jaiman@amexgbt.com,member,yes_member,17004605016,Jitendra Jaiman,yes,My Team,Cenise Roland,cenise.roland@amexgbt.com
DDO NORAM,CWT DDO NORAM,17000393582,My Team,Juan Gomez,juan.gomez@amexgbt.com,member,yes_member,17004606357,Juan Gomez,yes,My Team,Cenise Roland,cenise.roland@amexgbt.com
DDO NORAM,CWT DDO NORAM,17000393582,My Team,Cenise Roland,cenise.roland@amexgbt.com,member,yes_member,17004602393,Cenise Roland,yes,My Team,Cenise Roland,cenise.roland@amexgbt.com
DDO NORAM,CWT DDO NORAM,17000393582,My Team,Naresh Masand,naresh.masand@amexgbt.com,member,yes_member,17004604987,Naresh Masand,yes,My Team,Cenise Roland,cenise.roland@amexgbt.com
DE IT DEVELOPMENT,CWT DE IT DEVELOPMENT,17000393583,My Team,Ferdinand Hackl,ferdinand.hackl@amexgbt.com,member,yes_member,17004602179,Ferdinand Hackl,yes,My Team,Ramesh Nallavolu,ramesh.nallavolu@amexgbt.com
Desktop Configuration,CWT Desktop Configuration,17000392806,My Team,Dagmara Milek,dagmara.milek@amexgbt.com,member,yes_member,17004601288,Dagmara Milek,yes,My Team,Bartlomiej Grygiel,bartlomiej.grygiel@amexgbt.com
Desktop Configuration,CWT Desktop Configuration,17000392806,My Team,Kinga Lis,kinga.lis@amexgbt.com,member,yes_member,17004606704,Kinga Lis,yes,My Team,Bartlomiej Grygiel,bartlomiej.grygiel@amexgbt.com
Desktop Configuration,CWT Desktop Configuration,17000392806,My Team,Bartlomiej Grygiel,bartlomiej.grygiel@amexgbt.com,member,yes_member,17004601263,Bartlomiej Grygiel,yes,My Team,Bartlomiej Grygiel,bartlomiej.grygiel@amexgbt.com
Desktop Configuration,CWT Desktop Configuration,17000392806,My Team,Kimberly Peterson,kimberly.peterson@amexgbt.com,member,yes_member,17004606804,Kimberly Peterson,yes,My Team,Bartlomiej Grygiel,bartlomiej.grygiel@amexgbt.com
Desktop Configuration,CWT Desktop Configuration,17000392806,My Team,Kamil Malinowski,kamil.malinowski@amexgbt.com,member,yes_member,17004601167,Kamil Malinowski,yes,My Team,Bartlomiej Grygiel,bartlomiej.grygiel@amexgbt.com
Desktop Support,CWT Desktop Support,17000392775,My Team,Kimberly Peterson,kimberly.peterson@amexgbt.com,member,yes_member,17004606804,Kimberly Peterson,yes,My Team,Bartlomiej Grygiel,bartlomiej.grygiel@amexgbt.com
Desktop Support,CWT Desktop Support,17000392775,My Team,Kamil Malinowski,kamil.malinowski@amexgbt.com,member,yes_member,17004601167,Kamil Malinowski,yes,My Team,Bartlomiej Grygiel,bartlomiej.grygiel@amexgbt.com
Desktop Support,CWT Desktop Support,17000392775,My Team,Bartlomiej Grygiel,bartlomiej.grygiel@amexgbt.com,member,yes_member,17004601263,Bartlomiej Grygiel,yes,My Team,Bartlomiej Grygiel,bartlomiej.grygiel@amexgbt.com
Desktop Support,CWT Desktop Support,17000392775,My Team,Dagmara Milek,dagmara.milek@amexgbt.com,member,yes_member,17004601288,Dagmara Milek,yes,My Team,Bartlomiej Grygiel,bartlomiej.grygiel@amexgbt.com
Desktop Support,CWT Desktop Support,17000392775,My Team,Kinga Lis,kinga.lis@amexgbt.com,member,yes_member,17004606704,Kinga Lis,yes,My Team,Bartlomiej Grygiel,bartlomiej.grygiel@amexgbt.com
Desktop Support - Power Hotel,CWT Desktop Support - Power Hotel,17000392807,My Team,Kimberly Peterson,kimberly.peterson@amexgbt.com,member,yes_member,17004606804,Kimberly Peterson,yes,My Team,Bartlomiej Grygiel,bartlomiej.grygiel@amexgbt.com
Desktop Support - Power Hotel,CWT Desktop Support - Power Hotel,17000392807,My Team,Bartlomiej Grygiel,bartlomiej.grygiel@amexgbt.com,member,yes_member,17004601263,Bartlomiej Grygiel,yes,My Team,Bartlomiej Grygiel,bartlomiej.grygiel@amexgbt.com
Desktop Support - Power Hotel,CWT Desktop Support - Power Hotel,17000392807,My Team,Kinga Lis,kinga.lis@amexgbt.com,member,yes_member,17004606704,Kinga Lis,yes,My Team,Bartlomiej Grygiel,bartlomiej.grygiel@amexgbt.com
Desktop Support - Power Hotel,CWT Desktop Support - Power Hotel,17000392807,My Team,Dagmara Milek,dagmara.milek@amexgbt.com,member,yes_member,17004601288,Dagmara Milek,yes,My Team,Bartlomiej Grygiel,bartlomiej.grygiel@amexgbt.com
Desktop Support - Power Hotel,CWT Desktop Support - Power Hotel,17000392807,My Team,Kamil Malinowski,kamil.malinowski@amexgbt.com,member,yes_member,17004601167,Kamil Malinowski,yes,My Team,Bartlomiej Grygiel,bartlomiej.grygiel@amexgbt.com
Digital Implementation - OBT,CWT Digital Implementation - OBT,17000393585,My Team,Priyanka More,priyanka.more@amexgbt.com,member,yes_member,17004604602,Priyanka More,yes,My Team,Tenille Lockyer,tenille.lockyer@amexgbt.com
Digital Implementation - OBT,CWT Digital Implementation - OBT,17000393585,My Team,Nicolas Djian,nicolas.djian@amexgbt.com,member,yes_member,17004607780,Nicolas Djian,yes,My Team,Tenille Lockyer,tenille.lockyer@amexgbt.com
Digital Implementation - OBT,CWT Digital Implementation - OBT,17000393585,My Team,Joanie Mclaren,joanie.mclaren@amexgbt.com,member,yes_member,17004603742,Joanie Mclaren,yes,My Team,Tenille Lockyer,tenille.lockyer@amexgbt.com
Digital Implementation - OBT,CWT Digital Implementation - OBT,17000393585,My Team,Lianna Cariker,lianna.cariker@amexgbt.com,member,yes_member,17004603073,Lianna Cariker,yes,My Team,Tenille Lockyer,tenille.lockyer@amexgbt.com
Digital Implementation - OBT,CWT Digital Implementation - OBT,17000393585,My Team,Kerry Maser,kerry.maser@amexgbt.com,member,yes_member,17004634684,Kerry Maser,yes,My Team,Tenille Lockyer,tenille.lockyer@amexgbt.com
Digital Implementation - OBT,CWT Digital Implementation - OBT,17000393585,My Team,Tenille Lockyer,tenille.lockyer@amexgbt.com,member,yes_member,17004606095,Tenille Lockyer,yes,My Team,Tenille Lockyer,tenille.lockyer@amexgbt.com
Digital Implementation - OBT,CWT Digital Implementation - OBT,17000393585,My Team,Gerhard Unfried,gerhard.unfried@amexgbt.com,member,yes_member,17004602178,Gerhard Unfried,yes,My Team,Tenille Lockyer,tenille.lockyer@amexgbt.com
Digital Implementation - OBT,CWT Digital Implementation - OBT,17000393585,My Team,Bharat Sethi,bharat.sethi@amexgbt.com,member,yes_member,17004603919,Bharat Sethi,yes,My Team,Tenille Lockyer,tenille.lockyer@amexgbt.com
Digital Implementation - OBT,CWT Digital Implementation - OBT,17000393585,My Team,Marcin Kuśmierz,marcin.kusmierz@amexgbt.com,member,yes_member,17004601161,Marcin Kuśmierz,yes,My Team,Tenille Lockyer,tenille.lockyer@amexgbt.com
Digital Implementation - OBT,CWT Digital Implementation - OBT,17000393585,My Team,Kenneth Bjöörn,kenneth.bjoeoern@amexgbt.com,member,yes_member,17004608979,Kenneth Bjöörn,yes,My Team,Tenille Lockyer,tenille.lockyer@amexgbt.com
Digital Implementation - OBT,CWT Digital Implementation - OBT,17000393585,My Team,Roberta Albergati,roberta.albergati@amexgbt.com,member,yes_member,17004608085,Roberta Albergati,yes,My Team,Tenille Lockyer,tenille.lockyer@amexgbt.com
Digital Implementation - OBT,CWT Digital Implementation - OBT,17000393585,My Team,Mari Luukkonen,mari.luukkonen@amexgbt.com,member,yes_member,17004601085,Mari Luukkonen,yes,My Team,Tenille Lockyer,tenille.lockyer@amexgbt.com
Digital Implementation - OBT,CWT Digital Implementation - OBT,17000393585,My Team,Cearbhaill Alexander Blain,cearbhaill.blain@amexgbt.com,member,yes_member,17004601710,Cearbhaill Alexander Blain,yes,My Team,Tenille Lockyer,tenille.lockyer@amexgbt.com
Digital Implementation - OBT,CWT Digital Implementation - OBT,17000393585,My Team,Anette Brydensholt,anette.brydensholt@amexgbt.com,member,yes_member,17004610923,Anette Brydensholt,yes,My Team,Tenille Lockyer,tenille.lockyer@amexgbt.com
Digital Implementation - OBT,CWT Digital Implementation - OBT,17000393585,My Team,Craig Dixon,craig.dixon@amexgbt.com,member,yes_member,17004605680,Craig Dixon,yes,My Team,Tenille Lockyer,tenille.lockyer@amexgbt.com
Digital Implementation - OBT,CWT Digital Implementation - OBT,17000393585,My Team,Michal Trojan,michal.trojan@amexgbt.com,member,yes_member,17004601322,Michal Trojan,yes,My Team,Tenille Lockyer,tenille.lockyer@amexgbt.com
Digital Implementation - OBT,CWT Digital Implementation - OBT,17000393585,My Team,Roed Albert Malicdem,roedalbert.malicdem@amexgbt.com,member,yes_member,17004608343,Roed Albert Malicdem,yes,My Team,Tenille Lockyer,tenille.lockyer@amexgbt.com
Digital Implementation - OBT,CWT Digital Implementation - OBT,17000393585,My Team,Aleksandra Pawelczak,aleksandra.pawelczak@amexgbt.com,member,yes_member,17004606864,Aleksandra Pawelczak,yes,My Team,Tenille Lockyer,tenille.lockyer@amexgbt.com
Digital Implementation - OBT,CWT Digital Implementation - OBT,17000393585,My Team,Neeraj Singh,neeraj.singh1@amexgbt.com,member,yes_member,17004604153,Neeraj Singh,yes,My Team,Tenille Lockyer,tenille.lockyer@amexgbt.com
Digital Implementation - OBT,CWT Digital Implementation - OBT,17000393585,My Team,Kristia Evans Puyaoan,kristiaevans.puyaoan@amexgbt.com,member,yes_member,17004608348,Kristia Evans Puyaoan,yes,My Team,Tenille Lockyer,tenille.lockyer@amexgbt.com
Digital Implementation - OBT,CWT Digital Implementation - OBT,17000393585,My Team,Derryn Rizzalli,derryn.rizzalli@amexgbt.com,member,yes_member,17004610828,Derryn Rizzalli,yes,My Team,Tenille Lockyer,tenille.lockyer@amexgbt.com
Digital Implementation - OBT,CWT Digital Implementation - OBT,17000393585,My Team,Ferdi Demirlioglu,ferdi.demirlioglu@amexgbt.com,member,yes_member,17004601324,Ferdi Demirlioglu,yes,My Team,Tenille Lockyer,tenille.lockyer@amexgbt.com
Digital Implementation - OBT,CWT Digital Implementation - OBT,17000393585,My Team,Anju Kapoor,anju.kapoor@amexgbt.com,member,yes_member,17004604825,Anju Kapoor,yes,My Team,Tenille Lockyer,tenille.lockyer@amexgbt.com
Digital Implementation - OBT,CWT Digital Implementation - OBT,17000393585,My Team,Victor Fernandes,victor.fernandes@amexgbt.com,member,yes_member,17004608895,Victor Fernandes,yes,My Team,Tenille Lockyer,tenille.lockyer@amexgbt.com
Digital Implementation - OBT,CWT Digital Implementation - OBT,17000393585,My Team,Magdalena Piotrowska,magdalena.piotrowska@amexgbt.com,member,yes_member,17004601292,Magdalena Piotrowska,yes,My Team,Tenille Lockyer,tenille.lockyer@amexgbt.com
Digital Implementation - OBT,CWT Digital Implementation - OBT,17000393585,My Team,Jeanette Zetterholm,jeanette.zetterholm@amexgbt.com,member,yes_member,17004608840,Jeanette Zetterholm,yes,My Team,Tenille Lockyer,tenille.lockyer@amexgbt.com
Digital Implementation - OBT,CWT Digital Implementation - OBT,17000393585,My Team,Mariano Falese,mariano.falese@amexgbt.com,member,yes_member,17004605535,Mariano Falese,yes,My Team,Tenille Lockyer,tenille.lockyer@amexgbt.com
DnA Product Management,CWT DnA Product Management,17000393586,My Team,Vasanthi Meggs,vasanthi.meggs@amexgbt.com,member,yes_member,17004605815,Vasanthi Meggs,yes,My Team,Helene Marcos,helene.marcos@amexgbt.com
DnA Product Management,CWT DnA Product Management,17000393586,My Team,Helene Marcos,helene.marcos@amexgbt.com,member,yes_member,17004607685,Helene Marcos,yes,My Team,Helene Marcos,helene.marcos@amexgbt.com
DnA Product Management,CWT DnA Product Management,17000393586,My Team,Sara Janda,sara.janda@amexgbt.com,member,yes_member,17004603338,Sara Janda,yes,My Team,Helene Marcos,helene.marcos@amexgbt.com
DNA.IQ.DEV,CWT DNA.IQ.DEV,17000393448,My Team,Noel Buela,noel.buela@amexgbt.com,member,yes_member,17004608526,Noel Buela,yes,My Team,Philip Taft,phil.taft@amexgbt.com
DNA.IQ.DEV,CWT DNA.IQ.DEV,17000393448,My Team,Genesis Siao,gsiao@mycwt.com,agent_not_found,no,,,,,Philip Taft,phil.taft@amexgbt.com
DNA.IQ.DEV,CWT DNA.IQ.DEV,17000393448,My Team,John Carlo C. Inobaya,johncarloc.inobaya@amexgbt.com,member,yes_member,17004608585,John Carlo C. Inobaya,yes,My Team,Philip Taft,phil.taft@amexgbt.com
DNA.IQ.DEV,CWT DNA.IQ.DEV,17000393448,My Team,John Erick Acabal,johnerick.acabal@amexgbt.com,member,yes_member,17004608532,John Erick Acabal,yes,My Team,Philip Taft,phil.taft@amexgbt.com
DNA.IQ.DEV,CWT DNA.IQ.DEV,17000393448,My Team,Romar Angelo Mojica,romarangelo.mojica@amexgbt.com,member,yes_member,17004608533,Romar Angelo Mojica,yes,My Team,Philip Taft,phil.taft@amexgbt.com
DNA.IQ.DEV,CWT DNA.IQ.DEV,17000393448,My Team,Gimson Virr Ferrater,gferrater@mycwt.com,agent_not_found,no,,,,,Philip Taft,phil.taft@amexgbt.com
DNA.IQ.DEV,CWT DNA.IQ.DEV,17000393448,My Team,Regino Ilano,regino.ilano@amexgbt.com,member,yes_member,17004608308,Regino Ilano,yes,My Team,Philip Taft,phil.taft@amexgbt.com
DOC BANK-ONCALL,CWT DOC BANK-ONCALL,17000393587,My Team,Jacqueline Tan,jacqueline.tan@amexgbt.com,member,yes_member,17004608476,Jacqueline Tan,yes,My Team,Sherry Raschke,sherry.raschke@amexgbt.com
DOC BANK-ONCALL,CWT DOC BANK-ONCALL,17000393587,My Team,Florante Navaja,florante.navaja@amexgbt.com,member,yes_member,17004608434,Florante Navaja,yes,My Team,Sherry Raschke,sherry.raschke@amexgbt.com
DOC BANK-ONCALL,CWT DOC BANK-ONCALL,17000393587,My Team,Joseph Carter,joseph.carter@amexgbt.com,member,yes_member,17004604197,Joseph Carter,yes,My Team,Sherry Raschke,sherry.raschke@amexgbt.com
DQS CHINA,CWT DQS CHINA,17000393588,My Team,Janita Jin,jjin@mycwt.com,agent_not_found,no,,,,,Eric Zheng,EZheng@mycwt.com
DQS CHINA,CWT DQS CHINA,17000393588,My Team,Eric Zheng,ezheng@mycwt.com,agent_not_found,no,,,,,Eric Zheng,EZheng@mycwt.com
E2 DEVELOPMENT,CWT E2 DEVELOPMENT,17000393489,My Team,Kimberly Meilink,kimberly.meilink@amexgbt.com,member,yes_member,17004603295,Kimberly Meilink,yes,My Team,Michael Loewer,michael.loewer@amexgbt.com
E2 DEVELOPMENT,CWT E2 DEVELOPMENT,17000393489,My Team,Angela Padilla,angela.padilla@amexgbt.com,member,yes_member,17004603623,Angela Padilla,yes,My Team,Michael Loewer,michael.loewer@amexgbt.com
E2 DEVELOPMENT,CWT E2 DEVELOPMENT,17000393489,My Team,Robert Twiss,robert.twiss@amexgbt.com,member,yes_member,17004602773,Robert Twiss,yes,My Team,Michael Loewer,michael.loewer@amexgbt.com
E2 DEVELOPMENT,CWT E2 DEVELOPMENT,17000393489,My Team,E2 Dummy Slack User,m8h0n2s4o4t3n2i6@cwag.slack.com,member,yes_member,17005058373,E2 Dummy Slack User,yes,My Team,Michael Loewer,michael.loewer@amexgbt.com
E2 DEVELOPMENT,CWT E2 DEVELOPMENT,17000393489,My Team,Kelly Miller,kelly.miller@amexgbt.com,member,yes_member,17004602907,Kelly Miller,yes,My Team,Michael Loewer,michael.loewer@amexgbt.com
E2 DEVELOPMENT,CWT E2 DEVELOPMENT,17000393489,My Team,Michael Loewer,michael.loewer@amexgbt.com,member,yes_member,17004602998,Michael Loewer,yes,My Team,Michael Loewer,michael.loewer@amexgbt.com
E2 DEVELOPMENT,CWT E2 DEVELOPMENT,17000393489,My Team,Marissa Gonzales,mgonzales@cwtsato.com,agent_not_found,no,,,,,Michael Loewer,michael.loewer@amexgbt.com
E2 DEVELOPMENT,CWT E2 DEVELOPMENT,17000393489,My Team,Nicole Cole,nicole.cole@amexgbt.com,member,yes_member,17004602770,Nicole Cole,yes,My Team,Michael Loewer,michael.loewer@amexgbt.com
E2 DEVELOPMENT,CWT E2 DEVELOPMENT,17000393489,My Team,James Cleveland,james.cleveland@amexgbt.com,member,yes_member,17004603249,James Cleveland,yes,My Team,Michael Loewer,michael.loewer@amexgbt.com
E2 DEVELOPMENT,CWT E2 DEVELOPMENT,17000393489,My Team,Alejandro Gomez,alejandro.gomez@amexgbt.com,member,yes_member,17004602662,Alejandro Gomez,yes,My Team,Michael Loewer,michael.loewer@amexgbt.com
E2 DEVELOPMENT,CWT E2 DEVELOPMENT,17000393489,My Team,Eric Dahlman,eric.dahlman@amexgbt.com,member,yes_member,17004603179,Eric Dahlman,yes,My Team,Michael Loewer,michael.loewer@amexgbt.com
E2 DEVELOPMENT,CWT E2 DEVELOPMENT,17000393489,My Team,Jeffrey Callejas,jeffrey.callejas@amexgbt.com,member,yes_member,17004603652,Jeffrey Callejas,yes,My Team,Michael Loewer,michael.loewer@amexgbt.com
E2 DEVELOPMENT,CWT E2 DEVELOPMENT,17000393489,My Team,Alexander Tudor,alexander.tudor@amexgbt.com,member,yes_member,17004603445,Alexander Tudor,yes,My Team,Michael Loewer,michael.loewer@amexgbt.com
E2 DEVELOPMENT,CWT E2 DEVELOPMENT,17000393489,My Team,Tammy Saucedo,tammy.saucedo@amexgbt.com,member,yes_member,17004603668,Tammy Saucedo,yes,My Team,Michael Loewer,michael.loewer@amexgbt.com
E2 DEVELOPMENT,CWT E2 DEVELOPMENT,17000393489,My Team,Corey Ramsdell,corey.ramsdell@amexgbt.com,member,yes_member,17004602804,Corey Ramsdell,yes,My Team,Michael Loewer,michael.loewer@amexgbt.com
E2 PRODUCTION SUPPORT,CWT E2 PRODUCTION SUPPORT,17000393589,My Team,Robin Bjorgo,rbjorgo@cwtsato.com,agent_not_found,no,,,,,Camille Mccafferty,CMcCafferty@cwtsato.com
E2 PRODUCTION SUPPORT,CWT E2 PRODUCTION SUPPORT,17000393589,My Team,Angela Simon,asimon@cwtsato.com,agent_not_found,no,,,,,Camille Mccafferty,CMcCafferty@cwtsato.com
E2 PRODUCTION SUPPORT,CWT E2 PRODUCTION SUPPORT,17000393589,My Team,Janeen Hietala,jhietala@cwtsato.com,agent_not_found,no,,,,,Camille Mccafferty,CMcCafferty@cwtsato.com
E2 PRODUCTION SUPPORT,CWT E2 PRODUCTION SUPPORT,17000393589,My Team,Beth Sanford,bsanford@cwtsato.com,agent_not_found,no,,,,,Camille Mccafferty,CMcCafferty@cwtsato.com
E2 PRODUCTION SUPPORT,CWT E2 PRODUCTION SUPPORT,17000393589,My Team,Mary Sutton,mary.sutton@amexgbt.com,member,yes_member,17004604990,Mary Sutton,yes,My Team,Camille Mccafferty,CMcCafferty@cwtsato.com
E2 PRODUCTION SUPPORT,CWT E2 PRODUCTION SUPPORT,17000393589,My Team,Camille Mccafferty,cmccafferty@cwtsato.com,agent_not_found,no,,,,,Camille Mccafferty,CMcCafferty@cwtsato.com
E2 PRODUCTION SUPPORT,CWT E2 PRODUCTION SUPPORT,17000393589,My Team,Marissa Gonzales,mgonzales@cwtsato.com,agent_not_found,no,,,,,Camille Mccafferty,CMcCafferty@cwtsato.com
E2 PRODUCTION SUPPORT,CWT E2 PRODUCTION SUPPORT,17000393589,My Team,Ann Reubish,areubish@cwtsato.com,agent_not_found,no,,,,,Camille Mccafferty,CMcCafferty@cwtsato.com
E2VoucherFinanceGroup,CWT E2VoucherFinanceGroup,17000393590,My Team,Michael Rivas,mrivas@cwtsato.com,agent_not_found,no,,,,,Michael Rivas,MRivas@cwtsato.com
E2VoucherFinanceGroup,CWT E2VoucherFinanceGroup,17000393590,My Team,Sara Sullivan,sara.sullivan@amexgbt.com,member,yes_member,17004603508,Sara Sullivan,yes,My Team,Michael Rivas,MRivas@cwtsato.com
E2VoucherFinanceGroup,CWT E2VoucherFinanceGroup,17000393590,My Team,Zenitha Farrier,zfarrier@cwtsato.com,agent_not_found,no,,,,,Michael Rivas,MRivas@cwtsato.com
EA Domain Approvers,CWT EA Domain Approvers,17000393004,My Team,Scott Ostlund,scott.ostlund@amexgbt.com,member,yes_member,17004603367,Scott Ostlund,yes,My Team,Matthew Newton,matthew.newton@amexgbt.com
EA Domain Approvers,CWT EA Domain Approvers,17000393004,My Team,Matthew Newton,matthew.newton@amexgbt.com,member,yes_member,17004605566,Matthew Newton,yes,My Team,Matthew Newton,matthew.newton@amexgbt.com
EE Field IT,CWT EE Field IT,17000393006,My Team,Artur Hatsaturjan,artur.hatsaturjan@amexgbt.com,member,yes_member,17004604581,Artur Hatsaturjan,yes,My Team,Tania Tosi,tania.tosi@amexgbt.com
EG Change Management,CWT EG Change Management,17000393007,My Team,Gerguis Fraz,gerguis.fraz@amexgbt.com,member,yes_member,17004606583,Gerguis Fraz,yes,My Team,Ehab Naguib,ehab.naguib@amexgbt.com
EG Change Management,CWT EG Change Management,17000393007,My Team,Ehab Naguib,ehab.naguib@amexgbt.com,member,yes_member,17004656237,Ehab Naguib,yes,My Team,Ehab Naguib,ehab.naguib@amexgbt.com
EG PRODUCT MGMT SUPPORT,CWT EG PRODUCT MGMT SUPPORT,17000393591,My Team,Ehab Naguib,ehab.naguib@amexgbt.com,member,yes_member,17004656237,Ehab Naguib,yes,My Team,Ehab Naguib,ehab.naguib@amexgbt.com
EIT Corp Systems Approvers,CWT EIT Corp Systems Approvers,17000393008,My Team,Trina Simonson,trina.simonson@amexgbt.com,member,yes_member,17004603138,Trina Simonson,yes,My Team,Sandeep Kalayankar,sandeep.kalayankar@amexgbt.com
EIT Corp Systems Approvers,CWT EIT Corp Systems Approvers,17000393008,My Team,Mel Asuncion,mel.asuncion@amexgbt.com,member,yes_member,17004634825,Mel Asuncion,yes,My Team,Sandeep Kalayankar,sandeep.kalayankar@amexgbt.com
EIT ENT TOOLS,CWT EIT ENT TOOLS,17000393592,My Team,Michael Galvin,michael.galvin@amexgbt.com,member,yes_member,17004603481,Michael Galvin,yes,My Team,Rebecca Mccann,rebecca.mccann@amexgbt.com
EIT ENT TOOLS,CWT EIT ENT TOOLS,17000393592,My Team,Devon Zellner,devon.zellner@amexgbt.com,member,yes_member,17004603406,Devon Zellner,yes,My Team,Rebecca Mccann,rebecca.mccann@amexgbt.com
EIT ENT TOOLS,CWT EIT ENT TOOLS,17000393592,My Team,Luke Moses,luke.moses@amexgbt.com,member,yes_member,17004603359,Luke Moses,yes,My Team,Rebecca Mccann,rebecca.mccann@amexgbt.com
EIT ENT TOOLS,CWT EIT ENT TOOLS,17000393592,My Team,Dale Stromback,dale.stromback@amexgbt.com,member,yes_member,17004603253,Dale Stromback,yes,My Team,Rebecca Mccann,rebecca.mccann@amexgbt.com
EIT FTS Leadership,CWT EIT FTS Leadership,17000393009,My Team,Frank Ho,frank.ho@amexgbt.com,member,yes_member,17004607099,Frank Ho,yes,My Team,Amita Sohoni,amita.sohoni@amexgbt.com
EIT FTS Leadership,CWT EIT FTS Leadership,17000393009,My Team,Amita Sohoni,amita.sohoni@amexgbt.com,member,yes_member,17004604397,Amita Sohoni,yes,My Team,Amita Sohoni,amita.sohoni@amexgbt.com
EIT FTS Leadership,CWT EIT FTS Leadership,17000393009,My Team,Danilo Mazzolani,danilo.mazzolani@amexgbt.com,member,yes_member,17004602481,Danilo Mazzolani,yes,My Team,Amita Sohoni,amita.sohoni@amexgbt.com
EIT FTS Leadership,CWT EIT FTS Leadership,17000393009,My Team,Kari Goodson,kari.goodson@amexgbt.com,member,yes_member,17004603348,Kari Goodson,yes,My Team,Amita Sohoni,amita.sohoni@amexgbt.com
EIT Leadership Team,CWT EIT Leadership Team,17000393010,My Team,Phillip Greenhagen,phillip.greenhagen@amexgbt.com,member,yes_member,17004603428,Phillip Greenhagen,yes,My Team,Brian Toso,brian.toso@amexgbt.com
EIT LT Reporting,CWT EIT LT Reporting,17000393011,My Team,Ben Ptacek,ben.ptacek@amexgbt.com,member,yes_member,17004603358,Ben Ptacek,yes,My Team,Hannah Henderson,hannah.henderson@amexgbt.com
EIT LT Reporting,CWT EIT LT Reporting,17000393011,My Team,Phillip Greenhagen,phillip.greenhagen@amexgbt.com,member,yes_member,17004603428,Phillip Greenhagen,yes,My Team,Hannah Henderson,hannah.henderson@amexgbt.com
EIT LT Reporting,CWT EIT LT Reporting,17000393011,My Team,Amita Sohoni,amita.sohoni@amexgbt.com,member,yes_member,17004604397,Amita Sohoni,yes,My Team,Hannah Henderson,hannah.henderson@amexgbt.com
EIT LT Reporting,CWT EIT LT Reporting,17000393011,My Team,Marcus Wanielik,marcus.wanielik@amexgbt.com,member,yes_member,17004788811,Marcus Wanielik,yes,My Team,Hannah Henderson,hannah.henderson@amexgbt.com
Electronic Invoice _ LATAM,CWT Electronic Invoice _ LATAM,17000393014,My Team,Danny Alejandro Marquez,dannyalejandro.marquez@amexgbt.com,member,yes_member,17004606468,Danny Alejandro Marquez,yes,My Team,Adriana Romero,adriana.romero@amexgbt.com
Electronic Invoice _ LATAM,CWT Electronic Invoice _ LATAM,17000393014,My Team,Kelly Christiansen,kelly.christiansen@amexgbt.com,member,yes_member,17004603245,Kelly Christiansen,yes,My Team,Adriana Romero,adriana.romero@amexgbt.com
Electronic Invoice _ LATAM,CWT Electronic Invoice _ LATAM,17000393014,My Team,Adriana Romero,adriana.romero@amexgbt.com,member,yes_member,17004605425,Adriana Romero,yes,My Team,Adriana Romero,adriana.romero@amexgbt.com
Electronic Invoice _ LATAM,CWT Electronic Invoice _ LATAM,17000393014,My Team,Manuel Hernandez,manuel.hernandez@amexgbt.com,member,yes_member,17004606890,Manuel Hernandez,yes,My Team,Adriana Romero,adriana.romero@amexgbt.com
Electronic Invoice _ LATAM,CWT Electronic Invoice _ LATAM,17000393014,My Team,Alma Onofre,alma.onofre@amexgbt.com,member,yes_member,17004605432,Alma Onofre,yes,My Team,Adriana Romero,adriana.romero@amexgbt.com
Electronic Invoice _ LATAM,CWT Electronic Invoice _ LATAM,17000393014,My Team,Luiz Bittencourt,luiz.bittencourt@amexgbt.com,member,yes_member,17004602459,Luiz Bittencourt,yes,My Team,Adriana Romero,adriana.romero@amexgbt.com
EMEA BPG Counselor Tools,CWT EMEA BPG Counselor Tools,17000392808,My Team,Donato Luca Cilli,donatoluca.cilli@amexgbt.com,member,yes_member,17004608109,Donato Luca Cilli,yes,My Team,Antonio Condello,antonio.condello@amexgbt.com
EMEA BPG Counselor Tools,CWT EMEA BPG Counselor Tools,17000392808,My Team,Antonio Condello,antonio.condello@amexgbt.com,member,yes_member,17004608095,Antonio Condello,yes,My Team,Antonio Condello,antonio.condello@amexgbt.com
EMEA BPG Counselor Tools,CWT EMEA BPG Counselor Tools,17000392808,My Team,Ferdinand Hackl,ferdinand.hackl@amexgbt.com,member,yes_member,17004602179,Ferdinand Hackl,yes,My Team,Antonio Condello,antonio.condello@amexgbt.com
EMEA BPG Counselor Tools,CWT EMEA BPG Counselor Tools,17000392808,My Team,Gianluca Magliozzi,gianluca.magliozzi@amexgbt.com,member,yes_member,17004607923,Gianluca Magliozzi,yes,My Team,Antonio Condello,antonio.condello@amexgbt.com
EMEA BPG Counselor Tools,CWT EMEA BPG Counselor Tools,17000392808,My Team,Paolo Algeri,palgeri@mycwt.com,agent_not_found,no,,,,,Antonio Condello,antonio.condello@amexgbt.com
EMEA BPG Counselor Tools,CWT EMEA BPG Counselor Tools,17000392808,My Team,Alessandro Campagna,alessandro.campagna@amexgbt.com,member,yes_member,17004608100,Alessandro Campagna,yes,My Team,Antonio Condello,antonio.condello@amexgbt.com
EMEA BPG Service,CWT EMEA BPG Service,17000393593,My Team,Vittorio Margherita,vittorio.margherita@amexgbt.com,member,yes_member,17004607901,Vittorio Margherita,yes,My Team,Antonio Condello,antonio.condello@amexgbt.com
EMEA BPG Service,CWT EMEA BPG Service,17000393593,My Team,Donato Luca Cilli,donatoluca.cilli@amexgbt.com,member,yes_member,17004608109,Donato Luca Cilli,yes,My Team,Antonio Condello,antonio.condello@amexgbt.com
EMEA BPG Service,CWT EMEA BPG Service,17000393593,My Team,Antonio Condello,antonio.condello@amexgbt.com,member,yes_member,17004608095,Antonio Condello,yes,My Team,Antonio Condello,antonio.condello@amexgbt.com
EMEA EDE,CWT EMEA EDE,17000393594,My Team,Ashley Sandilands,ashley.sandilands@amexgbt.com,not_in_group,no,17004606001,Ashley Sandilands,yes,My Team,Matthew Mueller,matthew.mueller@amexgbt.com
EMEA EDE,CWT EMEA EDE,17000393594,My Team,Alexander Joseph Mandac,alexanderjoseph.mandac@amexgbt.com,not_in_group,no,17004608339,Alexander Joseph Mandac,yes,My Team,Matthew Mueller,matthew.mueller@amexgbt.com
EMEA EDE,CWT EMEA EDE,17000393594,My Team,Vhil Laurence Moje,vhillaurence.moje@amexgbt.com,not_in_group,no,17004608590,Vhil Laurence Moje,yes,My Team,Matthew Mueller,matthew.mueller@amexgbt.com
EMEA EDE,CWT EMEA EDE,17000393594,My Team,John Wilmar Palad,johnwilmar.palad@amexgbt.com,not_in_group,no,17004608293,John Wilmar Palad,yes,My Team,Matthew Mueller,matthew.mueller@amexgbt.com
EMEA EDE,CWT EMEA EDE,17000393594,My Team,Matthew Mueller,matthew.mueller@amexgbt.com,member,yes_member,17004603430,Matthew Mueller,yes,My Team,Matthew Mueller,matthew.mueller@amexgbt.com
EMEA IT AS/400 SYS ENGINEERING,CWT EMEA IT AS/400 SYS ENGINEERING,17000393490,My Team,Joel Roux,joel.roux@amexgbt.com,member,yes_member,17004607770,Joel Roux,yes,My Team,Seckin Kaya,seckin.kaya@amexgbt.com
EMEA IT AS/400 SYS ENGINEERING,CWT EMEA IT AS/400 SYS ENGINEERING,17000393490,My Team,Seckin Kaya,seckin.kaya@amexgbt.com,member,yes_member,17004605983,Seckin Kaya,yes,My Team,Seckin Kaya,seckin.kaya@amexgbt.com
EMEA IT BELUX CAB,CWT EMEA IT BELUX CAB,17000393015,My Team,Benjamin Scholts,benjamin.scholts@amexgbt.com,member,yes_member,17004610868,Benjamin Scholts,yes,My Team,Frank Ho,frank.ho@amexgbt.com
EMEA IT BELUX CAB,CWT EMEA IT BELUX CAB,17000393015,My Team,Antoine Cabuy,antoine.cabuy@amexgbt.com,member,yes_member,17004606227,Antoine Cabuy,yes,My Team,Frank Ho,frank.ho@amexgbt.com
EMEA IT EG CAB,CWT EMEA IT EG CAB,17000393074,My Team,Gerguis Fraz,gerguis.fraz@amexgbt.com,member,yes_member,17004606583,Gerguis Fraz,yes,My Team,Ehab Naguib,ehab.naguib@amexgbt.com
EMEA IT EG CAB,CWT EMEA IT EG CAB,17000393074,My Team,Ehab Naguib,ehab.naguib@amexgbt.com,member,yes_member,17004656237,Ehab Naguib,yes,My Team,Ehab Naguib,ehab.naguib@amexgbt.com
EMEA IT IT CAB,CWT EMEA IT IT CAB,17000393076,My Team,Tania Tosi,tania.tosi@amexgbt.com,member,yes_member,17004607733,Tania Tosi,yes,My Team,Tania Tosi,tania.tosi@amexgbt.com
EMEA IT IT CAB,CWT EMEA IT IT CAB,17000393076,My Team,Gianluca Magliozzi,gianluca.magliozzi@amexgbt.com,member,yes_member,17004607923,Gianluca Magliozzi,yes,My Team,Tania Tosi,tania.tosi@amexgbt.com
EMEA IT IT CAB,CWT EMEA IT IT CAB,17000393076,My Team,Donato Luca Cilli,donatoluca.cilli@amexgbt.com,member,yes_member,17004608109,Donato Luca Cilli,yes,My Team,Tania Tosi,tania.tosi@amexgbt.com
EMEA IT NL CAB,CWT EMEA IT NL CAB,17000393077,My Team,Antoine Cabuy,antoine.cabuy@amexgbt.com,member,yes_member,17004606227,Antoine Cabuy,yes,My Team,Frank Ho,frank.ho@amexgbt.com
EMEA IT NL CAB,CWT EMEA IT NL CAB,17000393077,My Team,Benjamin Scholts,benjamin.scholts@amexgbt.com,member,yes_member,17004610868,Benjamin Scholts,yes,My Team,Frank Ho,frank.ho@amexgbt.com
EMEA IT Request Fulfilment,CWT EMEA IT Request Fulfilment,17000393595,My Team,Ronaldo Quiambao,ronaldo.quiambao@amexgbt.com,member,yes_member,17004608657,Ronaldo Quiambao,yes,My Team,Geoffrey Gemoto,geoffrey.gemoto@amexgbt.com
EMEA IT Request Fulfilment,CWT EMEA IT Request Fulfilment,17000393595,My Team,Perseus Tanada,perseus.tanada@amexgbt.com,member,yes_member,17004608662,Perseus Tanada,yes,My Team,Geoffrey Gemoto,geoffrey.gemoto@amexgbt.com
EMEA IT Request Fulfilment,CWT EMEA IT Request Fulfilment,17000393595,My Team,Aman Handuja,aman.handuja@amexgbt.com,agent_not_found,no,,,,,Geoffrey Gemoto,geoffrey.gemoto@amexgbt.com
EMEA IT Request Fulfilment,CWT EMEA IT Request Fulfilment,17000393595,My Team,Laarni Ricafort,laarni.ricafort@amexgbt.com,member,yes_member,17004608658,Laarni Ricafort,yes,My Team,Geoffrey Gemoto,geoffrey.gemoto@amexgbt.com
EMEA IT Request Fulfilment,CWT EMEA IT Request Fulfilment,17000393595,My Team,Mark Anthony Tequin,markanthony.tequin@amexgbt.com,member,yes_member,17004608225,Mark Anthony Tequin,yes,My Team,Geoffrey Gemoto,geoffrey.gemoto@amexgbt.com
EMEA IT Request Fulfilment,CWT EMEA IT Request Fulfilment,17000393595,My Team,Issa Ibrahim,issa.ibrahim@amexgbt.com,member,yes_member,17004601286,Issa Ibrahim,yes,My Team,Geoffrey Gemoto,geoffrey.gemoto@amexgbt.com
EMEA IT Request Fulfilment,CWT EMEA IT Request Fulfilment,17000393595,My Team,Andrew James Lagrana,andrewjames.lagrana@amexgbt.com,member,yes_member,17004608646,Andrew James Lagrana,yes,My Team,Geoffrey Gemoto,geoffrey.gemoto@amexgbt.com
EMEA IT Request Fulfilment,CWT EMEA IT Request Fulfilment,17000393595,My Team,Bryan Beltran,bryan.beltran@amexgbt.com,member,yes_member,17004608679,Bryan Beltran,yes,My Team,Geoffrey Gemoto,geoffrey.gemoto@amexgbt.com
EMEA IT Request Fulfilment,CWT EMEA IT Request Fulfilment,17000393595,My Team,Daniel Fernandez,daniel.fernandez@amexgbt.com,member,yes_member,17004608668,Daniel Fernandez,yes,My Team,Geoffrey Gemoto,geoffrey.gemoto@amexgbt.com
EMEA IT Request Fulfilment,CWT EMEA IT Request Fulfilment,17000393595,My Team,Mark Joseph Reguerra,markjoseph.reguerra@amexgbt.com,member,yes_member,17004684691,Mark Joseph Reguerra,yes,My Team,Geoffrey Gemoto,geoffrey.gemoto@amexgbt.com
EMEA IT Request Fulfilment,CWT EMEA IT Request Fulfilment,17000393595,My Team,Jeanne Risha Aldave,jeannerisha.aldave@amexgbt.com,member,yes_member,17004608674,Jeanne Risha Aldave,yes,My Team,Geoffrey Gemoto,geoffrey.gemoto@amexgbt.com
EMEA IT Request Fulfilment,CWT EMEA IT Request Fulfilment,17000393595,My Team,Sandro Palisoc,sandro.palisoc@amexgbt.com,member,yes_member,17004608654,Sandro Palisoc,yes,My Team,Geoffrey Gemoto,geoffrey.gemoto@amexgbt.com
EMEA IT Request Fulfilment,CWT EMEA IT Request Fulfilment,17000393595,My Team,Jason De Jesus,jason.dejesus@amexgbt.com,member,yes_member,17004608776,Jason De Jesus,yes,My Team,Geoffrey Gemoto,geoffrey.gemoto@amexgbt.com
EMEA IT Request Fulfilment,CWT EMEA IT Request Fulfilment,17000393595,My Team,Ernielyn Villanueva,ernielyn.villanueva@amexgbt.com,member,yes_member,17004608420,Ernielyn Villanueva,yes,My Team,Geoffrey Gemoto,geoffrey.gemoto@amexgbt.com
EMEA IT Request Fulfilment,CWT EMEA IT Request Fulfilment,17000393595,My Team,Limuel Gallego,limuel.gallego@amexgbt.com,member,yes_member,17004608691,Limuel Gallego,yes,My Team,Geoffrey Gemoto,geoffrey.gemoto@amexgbt.com
EMEA IT Request Fulfilment,CWT EMEA IT Request Fulfilment,17000393595,My Team,Jose Paolo Madrazo,josepaolo.madrazo@amexgbt.com,member,yes_member,17004608215,Jose Paolo Madrazo,yes,My Team,Geoffrey Gemoto,geoffrey.gemoto@amexgbt.com
EMEA IT Request Fulfilment,CWT EMEA IT Request Fulfilment,17000393595,My Team,Jomarie Fabros,jomarie.fabros@amexgbt.com,member,yes_member,17004608689,Jomarie Fabros,yes,My Team,Geoffrey Gemoto,geoffrey.gemoto@amexgbt.com
EMEA IT Request Fulfilment,CWT EMEA IT Request Fulfilment,17000393595,My Team,Alexter John Tupaz,alexterjohn.tupaz@amexgbt.com,member,yes_member,17004608550,Alexter John Tupaz,yes,My Team,Geoffrey Gemoto,geoffrey.gemoto@amexgbt.com
EMEA IT Request Fulfilment,CWT EMEA IT Request Fulfilment,17000393595,My Team,Melanie Tapoc,melanie.tapoc@amexgbt.com,member,yes_member,17004608663,Melanie Tapoc,yes,My Team,Geoffrey Gemoto,geoffrey.gemoto@amexgbt.com
EMEA IT Request Fulfilment,CWT EMEA IT Request Fulfilment,17000393595,My Team,Erna Samonte,erna.samonte@amexgbt.com,member,yes_member,17004608463,Erna Samonte,yes,My Team,Geoffrey Gemoto,geoffrey.gemoto@amexgbt.com
EMEA IT Request Fulfilment,CWT EMEA IT Request Fulfilment,17000393595,My Team,EDMON SALONGA,edmon.salonga@amexgbt.com,member,yes_member,17004608669,EDMON SALONGA,yes,My Team,Geoffrey Gemoto,geoffrey.gemoto@amexgbt.com
EMEA IT WINGS,CWT EMEA IT WINGS,17000393596,My Team,Christophe Michaux,christophe.michaux@amexgbt.com,member,yes_member,17004606207,Christophe Michaux,yes,My Team,Christophe Michaux,christophe.michaux@amexgbt.com
Enhance ME User Support,CWT Enhance ME User Support,17000393491,My Team,Leea Törmä,leea.torma@amexgbt.com,member,yes_member,17004610829,Leea Törmä,yes,My Team,Stacie Halladay,stacie.halladay@amexgbt.com
Enhance ME User Support,CWT Enhance ME User Support,17000393491,My Team,Luca Di Pierro,luca.dipierro@amexgbt.com,member,yes_member,17004608022,Luca Di Pierro,yes,My Team,Stacie Halladay,stacie.halladay@amexgbt.com
Enhance ME User Support,CWT Enhance ME User Support,17000393491,My Team,Stacie Halladay,stacie.halladay@amexgbt.com,member,yes_member,17004602897,Stacie Halladay,yes,My Team,Stacie Halladay,stacie.halladay@amexgbt.com
Enterprise Architecture,CWT Enterprise Architecture,17000392895,My Team,Scott Ostlund,scott.ostlund@amexgbt.com,member,yes_member,17004603367,Scott Ostlund,yes,My Team,Scott Ostlund,scott.ostlund@amexgbt.com
Enterprise Architecture,CWT Enterprise Architecture,17000392895,My Team,Mohammad Sajid,mohammad.sajid@amexgbt.com,member,yes_member,17004605869,Mohammad Sajid,yes,My Team,Scott Ostlund,scott.ostlund@amexgbt.com
Enterprise Architecture,CWT Enterprise Architecture,17000392895,My Team,Pallavi Kenny,pallavi.kenny@amexgbt.com,member,yes_member,17004605595,Pallavi Kenny,yes,My Team,Scott Ostlund,scott.ostlund@amexgbt.com
ERP - MarkView Debit Memo Gov,CWT ERP - MarkView Debit Memo Gov,17000393078,My Team,Paula Peitz,paula.peitz@amexgbt.com,member,yes_member,17004603483,Paula Peitz,yes,My Team,Paula Peitz,paula.peitz@amexgbt.com
ERP - MarkView Debit Memo Gov,CWT ERP - MarkView Debit Memo Gov,17000393078,My Team,Diane Trager,diane.trager@amexgbt.com,member,yes_member,17004603511,Diane Trager,yes,My Team,Paula Peitz,paula.peitz@amexgbt.com
ERP IT COA,CWT ERP IT COA,17000393079,My Team,Kristin Kacer,kristin.kacer@amexgbt.com,agent_not_found,no,,,,,Kristin Kacer,kristin.kacer@amexgbt.com
ERP IT Fulfillment,CWT ERP IT Fulfillment,17000393468,My Team,Diana Fieldseth,diana.fieldseth@amexgbt.com,member,yes_member,17004603346,Diana Fieldseth,yes,My Team,Phillip Greenhagen,phillip.greenhagen@amexgbt.com
ERP IT Fulfillment,CWT ERP IT Fulfillment,17000393468,My Team,Sundeep Charlakola,sundeep.charlakola@amexgbt.com,member,yes_member,17004605287,Sundeep Charlakola,yes,My Team,Phillip Greenhagen,phillip.greenhagen@amexgbt.com
ERP IT Fulfillment,CWT ERP IT Fulfillment,17000393468,My Team,Jayashree Nayak,jayashree.nayak@amexgbt.com,member,yes_member,17004603021,Jayashree Nayak,yes,My Team,Phillip Greenhagen,phillip.greenhagen@amexgbt.com
ERP IT GL Forms,CWT ERP IT GL Forms,17000393080,My Team,Diana Fieldseth,diana.fieldseth@amexgbt.com,member,yes_member,17004603346,Diana Fieldseth,yes,My Team,Phillip Greenhagen,phillip.greenhagen@amexgbt.com
ERP IT GL Forms,CWT ERP IT GL Forms,17000393080,My Team,Kristin Kacer,kristin.kacer@amexgbt.com,agent_not_found,no,,,,,Phillip Greenhagen,phillip.greenhagen@amexgbt.com
ERP IT GL Forms,CWT ERP IT GL Forms,17000393080,My Team,Trina Simonson,trina.simonson@amexgbt.com,member,yes_member,17004603138,Trina Simonson,yes,My Team,Phillip Greenhagen,phillip.greenhagen@amexgbt.com
ERP IT Governance,CWT ERP IT Governance,17000393469,My Team,Diana Fieldseth,diana.fieldseth@amexgbt.com,member,yes_member,17004603346,Diana Fieldseth,yes,My Team,Phillip Greenhagen,phillip.greenhagen@amexgbt.com
ERP IT Governance,CWT ERP IT Governance,17000393469,My Team,Jayashree Nayak,jayashree.nayak@amexgbt.com,member,yes_member,17004603021,Jayashree Nayak,yes,My Team,Phillip Greenhagen,phillip.greenhagen@amexgbt.com
ERP IT Governance,CWT ERP IT Governance,17000393469,My Team,Sundeep Charlakola,sundeep.charlakola@amexgbt.com,member,yes_member,17004605287,Sundeep Charlakola,yes,My Team,Phillip Greenhagen,phillip.greenhagen@amexgbt.com
ERP IT PPM Governance,CWT ERP IT PPM Governance,17000393081,My Team,Diana Fieldseth,diana.fieldseth@amexgbt.com,member,yes_member,17004603346,Diana Fieldseth,yes,My Team,Phillip Greenhagen,phillip.greenhagen@amexgbt.com
ERP IT PPM Governance,CWT ERP IT PPM Governance,17000393081,My Team,Sundeep Charlakola,sundeep.charlakola@amexgbt.com,member,yes_member,17004605287,Sundeep Charlakola,yes,My Team,Phillip Greenhagen,phillip.greenhagen@amexgbt.com
ERP IT PPM Governance,CWT ERP IT PPM Governance,17000393081,My Team,Trina Simonson,trina.simonson@amexgbt.com,member,yes_member,17004603138,Trina Simonson,yes,My Team,Phillip Greenhagen,phillip.greenhagen@amexgbt.com
ERP IT PPM Governance,CWT ERP IT PPM Governance,17000393081,My Team,Kristin Kacer,kristin.kacer@amexgbt.com,agent_not_found,no,,,,,Phillip Greenhagen,phillip.greenhagen@amexgbt.com
ERP IT SUPPORT,CWT ERP IT SUPPORT,17000393597,My Team,Sundeep Charlakola,sundeep.charlakola@amexgbt.com,member,yes_member,17004605287,Sundeep Charlakola,yes,My Team,Diana Fieldseth,diana.fieldseth@amexgbt.com
ERP IT SUPPORT,CWT ERP IT SUPPORT,17000393597,My Team,Diana Fieldseth,diana.fieldseth@amexgbt.com,member,yes_member,17004603346,Diana Fieldseth,yes,My Team,Diana Fieldseth,diana.fieldseth@amexgbt.com
ERP IT SUPPORT,CWT ERP IT SUPPORT,17000393597,My Team,Jayashree Nayak,jayashree.nayak@amexgbt.com,member,yes_member,17004603021,Jayashree Nayak,yes,My Team,Diana Fieldseth,diana.fieldseth@amexgbt.com
ERP IT Training,CWT ERP IT Training,17000393598,My Team,Jayashree Nayak,jayashree.nayak@amexgbt.com,member,yes_member,17004603021,Jayashree Nayak,yes,My Team,Phillip Greenhagen,phillip.greenhagen@amexgbt.com
ERP IT Training,CWT ERP IT Training,17000393598,My Team,Diana Fieldseth,diana.fieldseth@amexgbt.com,member,yes_member,17004603346,Diana Fieldseth,yes,My Team,Phillip Greenhagen,phillip.greenhagen@amexgbt.com
ERP IT Training,CWT ERP IT Training,17000393598,My Team,Sundeep Charlakola,sundeep.charlakola@amexgbt.com,member,yes_member,17004605287,Sundeep Charlakola,yes,My Team,Phillip Greenhagen,phillip.greenhagen@amexgbt.com
ERP PROJECT SETUP,CWT ERP PROJECT SETUP,17000393082,My Team,Sara Sullivan,sara.sullivan@amexgbt.com,member,yes_member,17004603508,Sara Sullivan,yes,My Team,Tammy Northrup,tammy.northrup@amexgbt.com
ERP PROJECT SETUP,CWT ERP PROJECT SETUP,17000393082,My Team,Tammy Northrup,tammy.northrup@amexgbt.com,member,yes_member,17004603247,Tammy Northrup,yes,My Team,Tammy Northrup,tammy.northrup@amexgbt.com
ES CSM,,,,Carolina Gomez Matilla,carolina.gomezmatilla@amexgbt.com,group_unmatched,no,,,,,Alessandra Pisanu,alessandra.pisanu@amexgbt.com
ES OPS IMPLEMENTACION,CWT ES OPS IMPLEMENTACION,17000393084,My Team,Arturo Rodriguez Diaz,arturo.rodriguezdiaz@amexgbt.com,member,yes_member,17005058378,Arturo Rodriguez Diaz,yes,My Team,Arturo Rodriguez Diaz,arturo.rodriguezdiaz@amexgbt.com
ES OPS IMPLEMENTACION,CWT ES OPS IMPLEMENTACION,17000393084,My Team,Silvia Criado Sanudo,silvia.criadosanudo@amexgbt.com,member,yes_member,17005058379,Silvia Criado Sanudo,yes,My Team,Arturo Rodriguez Diaz,arturo.rodriguezdiaz@amexgbt.com
ES OPS PERFILES,CWT ES OPS PERFILES,17000393085,My Team,Isaias Iglesias Sanchez,isaias.iglesiassanchez@amexgbt.com,agent_not_found,no,,,,,Silvia Leonis Parra,silvia.leonisparra@amexgbt.com
ES OPS PERFILES,CWT ES OPS PERFILES,17000393085,My Team,Silvia Leonis Parra,silvia.leonisparra@amexgbt.com,member,yes_member,17004601766,Silvia Leonis Parra,yes,My Team,Silvia Leonis Parra,silvia.leonisparra@amexgbt.com
ES WINGS 2ND LEVEL,CWT ES WINGS 2ND LEVEL,17000393086,My Team,Remedios Mateos,remedios.mateos@amexgbt.com,member,yes_member,17004601791,Remedios Mateos,yes,My Team,Arif Khan,arif.khan@amexgbt.com
ES WINGS 2ND LEVEL,CWT ES WINGS 2ND LEVEL,17000393086,My Team,Natalia Fernandez Montes,natalia.fernandezmontes@amexgbt.com,member,yes_member,17004601772,Natalia Fernandez Montes,yes,My Team,Arif Khan,arif.khan@amexgbt.com
Escalation Management Team,CWT Escalation Management Team,17000393599,My Team,Sanjukta Dhar,sanjukta.dhar@amexgbt.com,member,yes_member,17004955474,Sanjukta Dhar,yes,My Team,Geoffrey Gemoto,geoffrey.gemoto@amexgbt.com
Escalation Management Team,CWT Escalation Management Team,17000393599,My Team,Sam Goh,sam.goh@amexgbt.com,agent_not_found,no,,,,,Geoffrey Gemoto,geoffrey.gemoto@amexgbt.com
Escalation Management Team,CWT Escalation Management Team,17000393599,My Team,Snehal Rajput,snehal.rajput@amexgbt.com,member,yes_member,17004946688,Snehal Rajput,yes,My Team,Geoffrey Gemoto,geoffrey.gemoto@amexgbt.com
Escalation Management Team,CWT Escalation Management Team,17000393599,My Team,Laarni Ricafort,laarni.ricafort@amexgbt.com,member,yes_member,17004608658,Laarni Ricafort,yes,My Team,Geoffrey Gemoto,geoffrey.gemoto@amexgbt.com
Escalation Management Team,CWT Escalation Management Team,17000393599,My Team,Lorenzo Aguayo,lorenzo.aguayo@amexgbt.com,member,yes_member,17003921983,Lorenzo Aguayo,yes,My Team,Geoffrey Gemoto,geoffrey.gemoto@amexgbt.com
Escalation Management Team,CWT Escalation Management Team,17000393599,My Team,Nilendra Singhal,nilendra.singhal@amexgbt.com,member,yes_member,17004638895,Nilendra Singhal,yes,My Team,Geoffrey Gemoto,geoffrey.gemoto@amexgbt.com
Escalation Management Team,CWT Escalation Management Team,17000393599,My Team,Banoth Shailaja,banoth.shailaja@amexgbt.com,member,yes_member,17004432722,Banoth Shailaja,yes,My Team,Geoffrey Gemoto,geoffrey.gemoto@amexgbt.com
Escalation Management Team,CWT Escalation Management Team,17000393599,My Team,Vishwa BS,vishwa.bs@amexgbt.com,member,yes_member,17004374355,Vishwa BS,yes,My Team,Geoffrey Gemoto,geoffrey.gemoto@amexgbt.com
Escalation Management Team,CWT Escalation Management Team,17000393599,My Team,Renz Almer Tolosa,renzalmer.tolosa@amexgbt.com,member,yes_member,17004608212,Renz Almer Tolosa,yes,My Team,Geoffrey Gemoto,geoffrey.gemoto@amexgbt.com
Escalation Management Team,CWT Escalation Management Team,17000393599,My Team,Arpit Dixit,arpit.dixit@amexgbt.com,member,yes_member,17004853902,Arpit Dixit,yes,My Team,Geoffrey Gemoto,geoffrey.gemoto@amexgbt.com
Escalation Management Team,CWT Escalation Management Team,17000393599,My Team,Mohammed Thanish,mohammed.thanish@amexgbt.com,member,yes_member,17002123817,Mohammed Thanish,yes,My Team,Geoffrey Gemoto,geoffrey.gemoto@amexgbt.com
Escalation Management Team,CWT Escalation Management Team,17000393599,My Team,Garlus Missier S,garlus.missiers@amexgbt.com,member,yes_member,17003214239,Garlus Missier S,yes,My Team,Geoffrey Gemoto,geoffrey.gemoto@amexgbt.com
Escalation Management Team,CWT Escalation Management Team,17000393599,My Team,Suman Naik,suman.naik@amexgbt.com,member,yes_member,17004170707,Suman Naik,yes,My Team,Geoffrey Gemoto,geoffrey.gemoto@amexgbt.com
Escalation Management Team,CWT Escalation Management Team,17000393599,My Team,Jacky Boy Pangandaman,jackyboy.pangandaman@amexgbt.com,member,yes_member,17004608397,Jacky Boy Pangandaman,yes,My Team,Geoffrey Gemoto,geoffrey.gemoto@amexgbt.com
Escalation Management Team,CWT Escalation Management Team,17000393599,My Team,Syed Rehanul Haque,syedrehanul.haque@amexgbt.com,member,yes_member,17002894972,Syed Rehanul Haque,yes,My Team,Geoffrey Gemoto,geoffrey.gemoto@amexgbt.com
Escalation Management Team,CWT Escalation Management Team,17000393599,My Team,Akanchha Prapti,akanchha.prapti@amexgbt.com,member,yes_member,17004270311,Akanchha Prapti,yes,My Team,Geoffrey Gemoto,geoffrey.gemoto@amexgbt.com
Escalation Management Team,CWT Escalation Management Team,17000393599,My Team,Chris Peterson,chris.peterson@amexgbt.com,member,yes_member,17001481015,Chris Peterson,yes,My Team,Geoffrey Gemoto,geoffrey.gemoto@amexgbt.com
Escalation Management Team,CWT Escalation Management Team,17000393599,My Team,Ivan Jimenez,ivan.jimenez1@amexgbt.com,member,yes_member,17001481084,Ivan Jimenez,yes,My Team,Geoffrey Gemoto,geoffrey.gemoto@amexgbt.com
Escalation Management Team,CWT Escalation Management Team,17000393599,My Team,Richard Villamin,richard.villamin@amexgbt.com,member,yes_member,17004608552,Richard Villamin,yes,My Team,Geoffrey Gemoto,geoffrey.gemoto@amexgbt.com
Escalation Management Team,CWT Escalation Management Team,17000393599,My Team,Alexter John Tupaz,alexterjohn.tupaz@amexgbt.com,member,yes_member,17004608550,Alexter John Tupaz,yes,My Team,Geoffrey Gemoto,geoffrey.gemoto@amexgbt.com
Escalation Management Team,CWT Escalation Management Team,17000393599,My Team,Suraj Shetty,suraj.shetty@amexgbt.com,member,yes_member,17004159070,Suraj Shetty,yes,My Team,Geoffrey Gemoto,geoffrey.gemoto@amexgbt.com
Escalation Management Team,CWT Escalation Management Team,17000393599,My Team,Laarni Valiente,laarni.valiente@amexgbt.com,member,yes_member,17004608419,Laarni Valiente,yes,My Team,Geoffrey Gemoto,geoffrey.gemoto@amexgbt.com
Escalation Management Team,CWT Escalation Management Team,17000393599,My Team,Rohini Thombre,rohini.thombre@amexgbt.com,member,yes_member,17003871508,Rohini Thombre,yes,My Team,Geoffrey Gemoto,geoffrey.gemoto@amexgbt.com
Escalation Management Team,CWT Escalation Management Team,17000393599,My Team,Issa Alombah,issa.alombah@amexgbt.com,member,yes_member,17001525835,Issa Alombah,yes,My Team,Geoffrey Gemoto,geoffrey.gemoto@amexgbt.com
Escalation Management Team,CWT Escalation Management Team,17000393599,My Team,Anastasia Blundell,anastasia.blundell@amexgbt.com,member,yes_member,17001602400,Anastasia Blundell,yes,My Team,Geoffrey Gemoto,geoffrey.gemoto@amexgbt.com
Escalation Management Team,CWT Escalation Management Team,17000393599,My Team,Needa Fathima,needa.fathima@amexgbt.com,member,yes_member,17001534060,Needa Fathima,yes,My Team,Geoffrey Gemoto,geoffrey.gemoto@amexgbt.com
Escalation Management Team,CWT Escalation Management Team,17000393599,My Team,Hari Kumar Akula,harikumar.akula@amexgbt.com,member,yes_member,17004473368,Hari Kumar Akula,yes,My Team,Geoffrey Gemoto,geoffrey.gemoto@amexgbt.com
Escalation Management Team,CWT Escalation Management Team,17000393599,My Team,Ankam Siva Krishna,ankam.sivakrishna@amexgbt.com,member,yes_member,17004119104,Ankam Siva Krishna,yes,My Team,Geoffrey Gemoto,geoffrey.gemoto@amexgbt.com
Escalation Management Team,CWT Escalation Management Team,17000393599,My Team,Erna Samonte,erna.samonte@amexgbt.com,member,yes_member,17004608463,Erna Samonte,yes,My Team,Geoffrey Gemoto,geoffrey.gemoto@amexgbt.com
Escalation Management Team,CWT Escalation Management Team,17000393599,My Team,Korrapati Haji Ghouse,korrapati.hajighouse@amexgbt.com,not_in_group,no,17004991058,Korrapati hajighouse,yes,My Team,Geoffrey Gemoto,geoffrey.gemoto@amexgbt.com
Escalation Management Team,CWT Escalation Management Team,17000393599,My Team,Mahtab Alam,mahtab.alam@amexgbt.com,member,yes_member,17004120747,Mahtab Alam,yes,My Team,Geoffrey Gemoto,geoffrey.gemoto@amexgbt.com
ETG API Tech Team,CWT ETG API Tech Team,17000393600,My Team,Thea Demetillo,thea.demetillo@amexgbt.com,member,yes_member,17004608480,Thea Demetillo,yes,My Team,John Paulo Villafranca,johnpaulo.villafranca@amexgbt.com
ETG API Tech Team,CWT ETG API Tech Team,17000393600,My Team,David Reyes Iii,david.reyesiii@amexgbt.com,member,yes_member,17004608403,David Reyes Iii,yes,My Team,John Paulo Villafranca,johnpaulo.villafranca@amexgbt.com
ETG API Tech Team,CWT ETG API Tech Team,17000393600,My Team,Roderick Alvarez,roderick.alvarez@amexgbt.com,member,yes_member,17004608443,Roderick Alvarez,yes,My Team,John Paulo Villafranca,johnpaulo.villafranca@amexgbt.com
ETG API Tech Team,CWT ETG API Tech Team,17000393600,My Team,Liel Ongkengco,liel.ongkengco@amexgbt.com,member,yes_member,17004608471,Liel Ongkengco,yes,My Team,John Paulo Villafranca,johnpaulo.villafranca@amexgbt.com
ETG API Tech Team,CWT ETG API Tech Team,17000393600,My Team,John Paulo Villafranca,johnpaulo.villafranca@amexgbt.com,member,yes_member,17004608306,John Paulo Villafranca,yes,My Team,John Paulo Villafranca,johnpaulo.villafranca@amexgbt.com
ETG API Tech Team,CWT ETG API Tech Team,17000393600,My Team,Jeffrey Reyes,jeffrey.reyes@amexgbt.com,member,yes_member,17004608406,Jeffrey Reyes,yes,My Team,John Paulo Villafranca,johnpaulo.villafranca@amexgbt.com
ETG API Tech Team,CWT ETG API Tech Team,17000393600,My Team,Jerome Furog,jerome.furog@amexgbt.com,member,yes_member,17004608461,Jerome Furog,yes,My Team,John Paulo Villafranca,johnpaulo.villafranca@amexgbt.com
ETG API Tech Team,CWT ETG API Tech Team,17000393600,My Team,Rommel Lapade,rommel.lapade@amexgbt.com,member,yes_member,17004608412,Rommel Lapade,yes,My Team,John Paulo Villafranca,johnpaulo.villafranca@amexgbt.com
ETG API Tech Team,CWT ETG API Tech Team,17000393600,My Team,Karren Roxas,karren.roxas@amexgbt.com,member,yes_member,17004608327,Karren Roxas,yes,My Team,John Paulo Villafranca,johnpaulo.villafranca@amexgbt.com
ETG Manila Automation Admins,CWT ETG Manila Automation Admins,17000393058,My Team,Jes Keshly Cruz,jeskeshly.cruz@amexgbt.com,member,yes_member,17004608497,Jes Keshly Cruz,yes,My Team,Roderick Alvarez,roderick.alvarez@amexgbt.com
ETG Manila Automation Admins,CWT ETG Manila Automation Admins,17000393058,My Team,Liel Ongkengco,liel.ongkengco@amexgbt.com,member,yes_member,17004608471,Liel Ongkengco,yes,My Team,Roderick Alvarez,roderick.alvarez@amexgbt.com
ETG Manila Automation Admins,CWT ETG Manila Automation Admins,17000393058,My Team,John Paulo Villafranca,johnpaulo.villafranca@amexgbt.com,member,yes_member,17004608306,John Paulo Villafranca,yes,My Team,Roderick Alvarez,roderick.alvarez@amexgbt.com
ETG Manila Automation Admins,CWT ETG Manila Automation Admins,17000393058,My Team,Jeffrey Reyes,jeffrey.reyes@amexgbt.com,member,yes_member,17004608406,Jeffrey Reyes,yes,My Team,Roderick Alvarez,roderick.alvarez@amexgbt.com
EUC - Leadership,CWT EUC - Leadership,17000393059,My Team,Tania Tosi,tania.tosi@amexgbt.com,member,yes_member,17004607733,Tania Tosi,yes,My Team,Tania Tosi,tania.tosi@amexgbt.com
EUT Citrix,CWT EUT Citrix,17000393601,My Team,Brian Points,brian.points@amexgbt.com,member,yes_member,17004603231,Brian Points,yes,My Team,Decsten Matibag,decsten.matibag@amexgbt.com
EUT Citrix,CWT EUT Citrix,17000393601,My Team,Decsten Matibag,decsten.matibag@amexgbt.com,member,yes_member,17004608402,Decsten Matibag,yes,My Team,Decsten Matibag,decsten.matibag@amexgbt.com
EUT Citrix,CWT EUT Citrix,17000393601,My Team,Rey Jose Delos Reyes,reyjose.delosreyes@amexgbt.com,member,yes_member,17004608487,Rey Jose Delos Reyes,yes,My Team,Decsten Matibag,decsten.matibag@amexgbt.com
EUT Citrix,CWT EUT Citrix,17000393601,My Team,Panchireddy Surya Prakash,panchireddy.suryaprakash@amexgbt.com,member,yes_member,17004558193,Panchireddy Surya Prakash,yes,My Team,Decsten Matibag,decsten.matibag@amexgbt.com
EUT Citrix,CWT EUT Citrix,17000393601,My Team,Pradeep Mandlavari,pradeep.mandlavari@amexgbt.com,member,yes_member,17004897428,Pradeep Mandlavari,yes,My Team,Decsten Matibag,decsten.matibag@amexgbt.com
EUT Citrix,CWT EUT Citrix,17000393601,My Team,Sigfre Yap,sigfre.yap@amexgbt.com,member,yes_member,17004608473,Sigfre Yap,yes,My Team,Decsten Matibag,decsten.matibag@amexgbt.com
EUT Citrix,CWT EUT Citrix,17000393601,My Team,Jason Darryll Albalate,jasondarryll.albalate@amexgbt.com,member,yes_member,17004608224,Jason Darryll Albalate,yes,My Team,Decsten Matibag,decsten.matibag@amexgbt.com
EUT Citrix,CWT EUT Citrix,17000393601,My Team,Macharla Naveen,macharla.naveen@amexgbt.com,member,yes_member,17004688338,Macharla Naveen,yes,My Team,Decsten Matibag,decsten.matibag@amexgbt.com
EUT Citrix,CWT EUT Citrix,17000393601,My Team,Madan Yadav,madan.yadav@amexgbt.com,member,yes_member,17004605285,Madan Yadav,yes,My Team,Decsten Matibag,decsten.matibag@amexgbt.com
EUT Citrix,CWT EUT Citrix,17000393601,My Team,Deepak M,deepak.m@amexgbt.com,member,yes_member,17002967134,Deepak M,yes,My Team,Decsten Matibag,decsten.matibag@amexgbt.com
EUT Citrix,CWT EUT Citrix,17000393601,My Team,VAMSHI SAYANGARI,vamshi.sayangari@amexgbt.com,member,yes_member,17004037870,VAMSHI SAYANGARI,yes,My Team,Decsten Matibag,decsten.matibag@amexgbt.com
EUT Citrix,CWT EUT Citrix,17000393601,My Team,Armel Josef Gutierrez,armeljosef.gutierrez@amexgbt.com,member,yes_member,17004608239,Armel Josef Gutierrez,yes,My Team,Decsten Matibag,decsten.matibag@amexgbt.com
EUT Citrix,CWT EUT Citrix,17000393601,My Team,Matthew Fritz,matthew.fritz@amexgbt.com,member,yes_member,17004603984,Matthew Fritz,yes,My Team,Decsten Matibag,decsten.matibag@amexgbt.com
EUT Citrix Assignment Group,CWT EUT Citrix Assignment Group,17000393060,My Team,Decsten Matibag,decsten.matibag@amexgbt.com,member,yes_member,17004608402,Decsten Matibag,yes,My Team,Decsten Matibag,decsten.matibag@amexgbt.com
EUT Citrix Assignment Group,CWT EUT Citrix Assignment Group,17000393060,My Team,Madan Yadav,madan.yadav@amexgbt.com,member,yes_member,17004605285,Madan Yadav,yes,My Team,Decsten Matibag,decsten.matibag@amexgbt.com
EUT Citrix Assignment Group,CWT EUT Citrix Assignment Group,17000393060,My Team,Matthew Fritz,matthew.fritz@amexgbt.com,member,yes_member,17004603984,Matthew Fritz,yes,My Team,Decsten Matibag,decsten.matibag@amexgbt.com
EUT Citrix Assignment Group,CWT EUT Citrix Assignment Group,17000393060,My Team,Armel Josef Gutierrez,armeljosef.gutierrez@amexgbt.com,member,yes_member,17004608239,Armel Josef Gutierrez,yes,My Team,Decsten Matibag,decsten.matibag@amexgbt.com
EUT Citrix Assignment Group,CWT EUT Citrix Assignment Group,17000393060,My Team,Rey Jose Delos Reyes,reyjose.delosreyes@amexgbt.com,member,yes_member,17004608487,Rey Jose Delos Reyes,yes,My Team,Decsten Matibag,decsten.matibag@amexgbt.com
EUT Desktop Experience Approver Group,,,,Tania Tosi,tania.tosi@amexgbt.com,group_unmatched,no,17004607733,Tania Tosi,yes,My Team,Decsten Matibag,decsten.matibag@amexgbt.com
EUT Desktop Experience Approver Group,,,,Decsten Matibag,decsten.matibag@amexgbt.com,group_unmatched,no,17004608402,Decsten Matibag,yes,My Team,Decsten Matibag,decsten.matibag@amexgbt.com
EUT Desktop Experience Monitoring,CWT EUT Desktop Experience Monitoring,17000393061,My Team,Glenn Urioste,glenn.urioste@amexgbt.com,member,yes_member,17004603189,Glenn Urioste,yes,My Team,Tania Tosi,tania.tosi@amexgbt.com
EUT Desktop Experience Monitoring,CWT EUT Desktop Experience Monitoring,17000393061,My Team,Flavio D'Innocenzi,flavio.dinnocenzi@amexgbt.com,member,yes_member,17004608027,Flavio D'Innocenzi,yes,My Team,Tania Tosi,tania.tosi@amexgbt.com
EUT Desktop Experience Monitoring Assignment Group,,,,Flavio D'Innocenzi,flavio.dinnocenzi@amexgbt.com,group_unmatched,no,17004608027,Flavio D'Innocenzi,yes,My Team,Tania Tosi,tania.tosi@amexgbt.com
EUT Desktop Experience Monitoring Assignment Group,,,,Glenn Urioste,glenn.urioste@amexgbt.com,group_unmatched,no,17004603189,Glenn Urioste,yes,My Team,Tania Tosi,tania.tosi@amexgbt.com
EUT Mac OS,CWT EUT Mac OS,17000393062,My Team,Tania Tosi,tania.tosi@amexgbt.com,member,yes_member,17004607733,Tania Tosi,yes,My Team,Tania Tosi,tania.tosi@amexgbt.com
EUT Mac OS,CWT EUT Mac OS,17000393062,My Team,Jeff Sucher,jeff.sucher@amexgbt.com,member,yes_member,17004604411,Jeff Sucher,yes,My Team,Tania Tosi,tania.tosi@amexgbt.com
EUT Mac OS,CWT EUT Mac OS,17000393062,My Team,Flavio D'Innocenzi,flavio.dinnocenzi@amexgbt.com,member,yes_member,17004608027,Flavio D'Innocenzi,yes,My Team,Tania Tosi,tania.tosi@amexgbt.com
EUT Mac OS Assignment Group,CWT EUT Mac OS Assignment Group,17000393621,My Team,Flavio D'Innocenzi,flavio.dinnocenzi@amexgbt.com,member,yes_member,17004608027,Flavio D'Innocenzi,yes,My Team,Tania Tosi,tania.tosi@amexgbt.com
EUT Mac OS Assignment Group,CWT EUT Mac OS Assignment Group,17000393621,My Team,Tania Tosi,tania.tosi@amexgbt.com,member,yes_member,17004607733,Tania Tosi,yes,My Team,Tania Tosi,tania.tosi@amexgbt.com
EUT MEMCM (SCCM),CWT EUT MEMCM (SCCM),17000392756,My Team,Matthew Fritz,matthew.fritz@amexgbt.com,member,yes_member,17004603984,Matthew Fritz,yes,My Team,Tania Tosi,tania.tosi@amexgbt.com
EUT MEMCM (SCCM),CWT EUT MEMCM (SCCM),17000392756,My Team,Flavio D'Innocenzi,flavio.dinnocenzi@amexgbt.com,member,yes_member,17004608027,Flavio D'Innocenzi,yes,My Team,Tania Tosi,tania.tosi@amexgbt.com
EUT MEMCM (SCCM),CWT EUT MEMCM (SCCM),17000392756,My Team,Tania Tosi,tania.tosi@amexgbt.com,member,yes_member,17004607733,Tania Tosi,yes,My Team,Tania Tosi,tania.tosi@amexgbt.com
EUT MEMCM (SCCM),CWT EUT MEMCM (SCCM),17000392756,My Team,Glenn Urioste,glenn.urioste@amexgbt.com,member,yes_member,17004603189,Glenn Urioste,yes,My Team,Tania Tosi,tania.tosi@amexgbt.com
EUT MEMCM (SCCM),CWT EUT MEMCM (SCCM),17000392756,My Team,Eben Plekkenpol,eben.plekkenpol@amexgbt.com,member,yes_member,17004603501,Eben Plekkenpol,yes,My Team,Tania Tosi,tania.tosi@amexgbt.com
EUT MEMCM (SCCM) Assignment Group,CWT EUT MEMCM (SCCM) Assignment Group,17000393622,My Team,Glenn Urioste,glenn.urioste@amexgbt.com,member,yes_member,17004603189,Glenn Urioste,yes,My Team,Tania Tosi,tania.tosi@amexgbt.com
EUT MEMCM (SCCM) Assignment Group,CWT EUT MEMCM (SCCM) Assignment Group,17000393622,My Team,Eben Plekkenpol,eben.plekkenpol@amexgbt.com,member,yes_member,17004603501,Eben Plekkenpol,yes,My Team,Tania Tosi,tania.tosi@amexgbt.com
EUT MEMCM (SCCM) Assignment Group,CWT EUT MEMCM (SCCM) Assignment Group,17000393622,My Team,Tania Tosi,tania.tosi@amexgbt.com,member,yes_member,17004607733,Tania Tosi,yes,My Team,Tania Tosi,tania.tosi@amexgbt.com
EUT MEMCM (SCCM) Assignment Group,CWT EUT MEMCM (SCCM) Assignment Group,17000393622,My Team,Flavio D'Innocenzi,flavio.dinnocenzi@amexgbt.com,member,yes_member,17004608027,Flavio D'Innocenzi,yes,My Team,Tania Tosi,tania.tosi@amexgbt.com
EUT MEMMI (Intune),CWT EUT MEMMI (Intune),17000393063,My Team,Flavio D'Innocenzi,flavio.dinnocenzi@amexgbt.com,member,yes_member,17004608027,Flavio D'Innocenzi,yes,My Team,Tania Tosi,tania.tosi@amexgbt.com
EUT MEMMI (Intune),CWT EUT MEMMI (Intune),17000393063,My Team,Glenn Urioste,glenn.urioste@amexgbt.com,member,yes_member,17004603189,Glenn Urioste,yes,My Team,Tania Tosi,tania.tosi@amexgbt.com
EUT MEMMI (Intune),CWT EUT MEMMI (Intune),17000393063,My Team,Tania Tosi,tania.tosi@amexgbt.com,member,yes_member,17004607733,Tania Tosi,yes,My Team,Tania Tosi,tania.tosi@amexgbt.com
EUT MEMMI (Intune),CWT EUT MEMMI (Intune),17000393063,My Team,Jeff Sucher,jeff.sucher@amexgbt.com,member,yes_member,17004604411,Jeff Sucher,yes,My Team,Tania Tosi,tania.tosi@amexgbt.com
EUT MEMMI (Intune) Assignment Group,CWT EUT MEMMI (Intune) Assignment Group,17000393064,My Team,Flavio D'Innocenzi,flavio.dinnocenzi@amexgbt.com,member,yes_member,17004608027,Flavio D'Innocenzi,yes,My Team,Tania Tosi,tania.tosi@amexgbt.com
EUT MEMMI (Intune) Assignment Group,CWT EUT MEMMI (Intune) Assignment Group,17000393064,My Team,Tania Tosi,tania.tosi@amexgbt.com,member,yes_member,17004607733,Tania Tosi,yes,My Team,Tania Tosi,tania.tosi@amexgbt.com
EUT MEMMI (Intune) Assignment Group,CWT EUT MEMMI (Intune) Assignment Group,17000393064,My Team,Glenn Urioste,glenn.urioste@amexgbt.com,member,yes_member,17004603189,Glenn Urioste,yes,My Team,Tania Tosi,tania.tosi@amexgbt.com
EUT Thin Clients,CWT EUT Thin Clients,17000393065,My Team,Glenn Urioste,glenn.urioste@amexgbt.com,member,yes_member,17004603189,Glenn Urioste,yes,My Team,Decsten Matibag,decsten.matibag@amexgbt.com
EUT Thin Clients,CWT EUT Thin Clients,17000393065,My Team,Matthew Fritz,matthew.fritz@amexgbt.com,member,yes_member,17004603984,Matthew Fritz,yes,My Team,Decsten Matibag,decsten.matibag@amexgbt.com
EUT Thin Clients,CWT EUT Thin Clients,17000393065,My Team,Jeff Sucher,jeff.sucher@amexgbt.com,member,yes_member,17004604411,Jeff Sucher,yes,My Team,Decsten Matibag,decsten.matibag@amexgbt.com
EUT Windows OS,CWT EUT Windows OS,17000393623,My Team,Flavio D'Innocenzi,flavio.dinnocenzi@amexgbt.com,member,yes_member,17004608027,Flavio D'Innocenzi,yes,My Team,Tania Tosi,tania.tosi@amexgbt.com
EUT Windows OS,CWT EUT Windows OS,17000393623,My Team,Glenn Urioste,glenn.urioste@amexgbt.com,member,yes_member,17004603189,Glenn Urioste,yes,My Team,Tania Tosi,tania.tosi@amexgbt.com
EUT Windows OS,CWT EUT Windows OS,17000393623,My Team,Tania Tosi,tania.tosi@amexgbt.com,member,yes_member,17004607733,Tania Tosi,yes,My Team,Tania Tosi,tania.tosi@amexgbt.com
EUT Windows OS,CWT EUT Windows OS,17000393623,My Team,Jeff Sucher,jeff.sucher@amexgbt.com,member,yes_member,17004604411,Jeff Sucher,yes,My Team,Tania Tosi,tania.tosi@amexgbt.com
EUT Windows OS Assignment Group,CWT EUT Windows OS Assignment Group,17000393067,My Team,Tania Tosi,tania.tosi@amexgbt.com,member,yes_member,17004607733,Tania Tosi,yes,My Team,Tania Tosi,tania.tosi@amexgbt.com
EUT Windows OS Assignment Group,CWT EUT Windows OS Assignment Group,17000393067,My Team,Flavio D'Innocenzi,flavio.dinnocenzi@amexgbt.com,member,yes_member,17004608027,Flavio D'Innocenzi,yes,My Team,Tania Tosi,tania.tosi@amexgbt.com
EUT Windows OS Assignment Group,CWT EUT Windows OS Assignment Group,17000393067,My Team,Glenn Urioste,glenn.urioste@amexgbt.com,member,yes_member,17004603189,Glenn Urioste,yes,My Team,Tania Tosi,tania.tosi@amexgbt.com
EUT Windows Virtual Desktop,CWT EUT Windows Virtual Desktop,17000393068,My Team,Glenn Urioste,glenn.urioste@amexgbt.com,member,yes_member,17004603189,Glenn Urioste,yes,My Team,Glenn Urioste,glenn.urioste@amexgbt.com
EUT Windows Virtual Desktop,CWT EUT Windows Virtual Desktop,17000393068,My Team,Matthew Fritz,matthew.fritz@amexgbt.com,member,yes_member,17004603984,Matthew Fritz,yes,My Team,Glenn Urioste,glenn.urioste@amexgbt.com
EUT Windows Virtual Desktop,CWT EUT Windows Virtual Desktop,17000393068,My Team,Jeff Sucher,jeff.sucher@amexgbt.com,member,yes_member,17004604411,Jeff Sucher,yes,My Team,Glenn Urioste,glenn.urioste@amexgbt.com
EUT WVD Assignment Group,CWT EUT WVD Assignment Group,17000393069,My Team,Glenn Urioste,glenn.urioste@amexgbt.com,member,yes_member,17004603189,Glenn Urioste,yes,My Team,Tania Tosi,tania.tosi@amexgbt.com
EUT WVD Assignment Group,CWT EUT WVD Assignment Group,17000393069,My Team,Matthew Fritz,matthew.fritz@amexgbt.com,member,yes_member,17004603984,Matthew Fritz,yes,My Team,Tania Tosi,tania.tosi@amexgbt.com
EUT WVD Assignment Group,CWT EUT WVD Assignment Group,17000393069,My Team,Flavio D'Innocenzi,flavio.dinnocenzi@amexgbt.com,member,yes_member,17004608027,Flavio D'Innocenzi,yes,My Team,Tania Tosi,tania.tosi@amexgbt.com
Exchange Order Finance APAC Approver Group,,,,Clare Burt,clare.burt@amexgbt.com,group_unmatched,no,17004605855,Clare Burt,yes,My Team,Jack Staehler,jack.staehler@amexgbt.com
Executive CAB,CWT Executive CAB,17000393028,My Team,Sanjukta Dhar,sanjukta.dhar@amexgbt.com,member,yes_member,17004955474,Sanjukta Dhar,yes,My Team,Hannah Henderson,hannah.henderson@amexgbt.com
Executive CAB,CWT Executive CAB,17000393028,My Team,Dawid Buras,dawid.buras@amexgbt.com,member,yes_member,17004601191,Dawid Buras,yes,My Team,Hannah Henderson,hannah.henderson@amexgbt.com
Executive CAB,CWT Executive CAB,17000393028,My Team,Banoth Shailaja,banoth.shailaja@amexgbt.com,member,yes_member,17004432722,Banoth Shailaja,yes,My Team,Hannah Henderson,hannah.henderson@amexgbt.com
Executive CAB,CWT Executive CAB,17000393028,My Team,Amita Sohoni,amita.sohoni@amexgbt.com,member,yes_member,17004604397,Amita Sohoni,yes,My Team,Hannah Henderson,hannah.henderson@amexgbt.com
Executive CAB,CWT Executive CAB,17000393028,My Team,Issa Alombah,issa.alombah@amexgbt.com,member,yes_member,17001525835,Issa Alombah,yes,My Team,Hannah Henderson,hannah.henderson@amexgbt.com
Executive CAB,CWT Executive CAB,17000393028,My Team,Mahtab Alam,mahtab.alam@amexgbt.com,member,yes_member,17004120747,Mahtab Alam,yes,My Team,Hannah Henderson,hannah.henderson@amexgbt.com
Executive CAB,CWT Executive CAB,17000393028,My Team,Lorenzo Aguayo,lorenzo.aguayo@amexgbt.com,member,yes_member,17003921983,Lorenzo Aguayo,yes,My Team,Hannah Henderson,hannah.henderson@amexgbt.com
Executive CAB,CWT Executive CAB,17000393028,My Team,Anastasia Blundell,anastasia.blundell@amexgbt.com,member,yes_member,17001602400,Anastasia Blundell,yes,My Team,Hannah Henderson,hannah.henderson@amexgbt.com
Executive CAB,CWT Executive CAB,17000393028,My Team,Needa Fathima,needa.fathima@amexgbt.com,member,yes_member,17001534060,Needa Fathima,yes,My Team,Hannah Henderson,hannah.henderson@amexgbt.com
Executive CAB,CWT Executive CAB,17000393028,My Team,Bose Bakare,bose.bakare@amexgbt.com,member,yes_member,17004605548,Bose Bakare,yes,My Team,Hannah Henderson,hannah.henderson@amexgbt.com
Executive CAB,CWT Executive CAB,17000393028,My Team,Garlus Missier S,garlus.missiers@amexgbt.com,member,yes_member,17003214239,Garlus Missier S,yes,My Team,Hannah Henderson,hannah.henderson@amexgbt.com
Executive CAB,CWT Executive CAB,17000393028,My Team,Ivan Jimenez,ivan.jimenez1@amexgbt.com,member,yes_member,17001481084,Ivan Jimenez,yes,My Team,Hannah Henderson,hannah.henderson@amexgbt.com
Executive CAB,CWT Executive CAB,17000393028,My Team,Sebastian Wlodarski,sebastian.wlodarski@amexgbt.com,member,yes_member,17004604932,Sebastian Wlodarski,yes,My Team,Hannah Henderson,hannah.henderson@amexgbt.com
Executive CAB,CWT Executive CAB,17000393028,My Team,Rohini Thombre,rohini.thombre@amexgbt.com,member,yes_member,17003871508,Rohini Thombre,yes,My Team,Hannah Henderson,hannah.henderson@amexgbt.com
Executive CAB,CWT Executive CAB,17000393028,My Team,Jijun Meng,jmeng@mycwt.com,agent_not_found,no,,,,,Hannah Henderson,hannah.henderson@amexgbt.com
Executive CAB,CWT Executive CAB,17000393028,My Team,Decsten Matibag,decsten.matibag@amexgbt.com,member,yes_member,17004608402,Decsten Matibag,yes,My Team,Hannah Henderson,hannah.henderson@amexgbt.com
Executive CAB,CWT Executive CAB,17000393028,My Team,Phillip Greenhagen,phillip.greenhagen@amexgbt.com,member,yes_member,17004603428,Phillip Greenhagen,yes,My Team,Hannah Henderson,hannah.henderson@amexgbt.com
Executive CAB,CWT Executive CAB,17000393028,My Team,Hari Kumar Akula,harikumar.akula@amexgbt.com,member,yes_member,17004473368,Hari Kumar Akula,yes,My Team,Hannah Henderson,hannah.henderson@amexgbt.com
Executive CAB,CWT Executive CAB,17000393028,My Team,Akanchha Prapti,akanchha.prapti@amexgbt.com,member,yes_member,17004270311,Akanchha Prapti,yes,My Team,Hannah Henderson,hannah.henderson@amexgbt.com
Executive CAB,CWT Executive CAB,17000393028,My Team,Vishwa BS,vishwa.bs@amexgbt.com,member,yes_member,17004374355,Vishwa BS,yes,My Team,Hannah Henderson,hannah.henderson@amexgbt.com
Executive CAB,CWT Executive CAB,17000393028,My Team,CWT Change Management,cwtchangemanagement@mycwt.com,agent_not_found,no,,,,,Hannah Henderson,hannah.henderson@amexgbt.com
Executive CAB,CWT Executive CAB,17000393028,My Team,Hannah Henderson,hannah.henderson@amexgbt.com,not_in_group,no,17004603317,Hannah Henderson,yes,My Team,Hannah Henderson,hannah.henderson@amexgbt.com
Executive CAB,CWT Executive CAB,17000393028,My Team,Ankam Siva Krishna,ankam.sivakrishna@amexgbt.com,member,yes_member,17004119104,Ankam Siva Krishna,yes,My Team,Hannah Henderson,hannah.henderson@amexgbt.com
Executive CAB,CWT Executive CAB,17000393028,My Team,David Romero,david.romero@amexgbt.com,member,yes_member,17004605398,David Romero,yes,My Team,Hannah Henderson,hannah.henderson@amexgbt.com
Executive CAB,CWT Executive CAB,17000393028,My Team,Snehal Rajput,snehal.rajput@amexgbt.com,member,yes_member,17004946688,Snehal Rajput,yes,My Team,Hannah Henderson,hannah.henderson@amexgbt.com
Executive CAB,CWT Executive CAB,17000393028,My Team,Arpit Dixit,arpit.dixit@amexgbt.com,member,yes_member,17004853902,Arpit Dixit,yes,My Team,Hannah Henderson,hannah.henderson@amexgbt.com
Executive CAB,CWT Executive CAB,17000393028,My Team,Chris Peterson,chris.peterson@amexgbt.com,member,yes_member,17001481015,Chris Peterson,yes,My Team,Hannah Henderson,hannah.henderson@amexgbt.com
Executive CAB,CWT Executive CAB,17000393028,My Team,Suraj Shetty,suraj.shetty@amexgbt.com,member,yes_member,17004159070,Suraj Shetty,yes,My Team,Hannah Henderson,hannah.henderson@amexgbt.com
Executive CAB,CWT Executive CAB,17000393028,My Team,Snehalatha B,snehalatha.b@amexgbt.com,member,yes_member,17004651858,Snehalatha B,yes,My Team,Hannah Henderson,hannah.henderson@amexgbt.com
Executive CAB,CWT Executive CAB,17000393028,My Team,Rey John Fantone,reyjohn.fantone@amexgbt.com,not_in_group,no,17004608502,Rey John Fantone,yes,My Team,Hannah Henderson,hannah.henderson@amexgbt.com
Executive CAB,CWT Executive CAB,17000393028,My Team,Mohammed Thanish,mohammed.thanish@amexgbt.com,member,yes_member,17002123817,Mohammed Thanish,yes,My Team,Hannah Henderson,hannah.henderson@amexgbt.com
Executive CAB,CWT Executive CAB,17000393028,My Team,Suman Naik,suman.naik@amexgbt.com,member,yes_member,17004170707,Suman Naik,yes,My Team,Hannah Henderson,hannah.henderson@amexgbt.com
Executive CAB,CWT Executive CAB,17000393028,My Team,Scott Ostlund,scott.ostlund@amexgbt.com,member,yes_member,17004603367,Scott Ostlund,yes,My Team,Hannah Henderson,hannah.henderson@amexgbt.com
Executive CAB,CWT Executive CAB,17000393028,My Team,Korrapati Haji Ghouse,korrapati.hajighouse@amexgbt.com,not_in_group,no,17004991058,Korrapati hajighouse,yes,My Team,Hannah Henderson,hannah.henderson@amexgbt.com
Executive CAB,CWT Executive CAB,17000393028,My Team,Tania Tosi,tania.tosi@amexgbt.com,member,yes_member,17004607733,Tania Tosi,yes,My Team,Hannah Henderson,hannah.henderson@amexgbt.com
Executive CAB,CWT Executive CAB,17000393028,My Team,Nilendra Singhal,nilendra.singhal@amexgbt.com,member,yes_member,17004638895,Nilendra Singhal,yes,My Team,Hannah Henderson,hannah.henderson@amexgbt.com
Executive CAB,CWT Executive CAB,17000393028,My Team,Syed Rehanul Haque,syedrehanul.haque@amexgbt.com,member,yes_member,17002894972,Syed Rehanul Haque,yes,My Team,Hannah Henderson,hannah.henderson@amexgbt.com
External Kong approver,CWT External Kong approver,17000393029,My Team,Rhubel Gulanes,rgulanes@mycwt.com,agent_not_found,no,,,,,Patrice Simon,patrice.simon@amexgbt.com
External Kong approver,CWT External Kong approver,17000393029,My Team,Robenie Fernandez,robenie.fernandez@amexgbt.com,member,yes_member,17004608400,Robenie Fernandez,yes,My Team,Patrice Simon,patrice.simon@amexgbt.com
External Kong approver,CWT External Kong approver,17000393029,My Team,Srinivasa Kovvuri,srinivasa.kovvuri@amexgbt.com,member,yes_member,17004605299,Srinivasa Kovvuri,yes,My Team,Patrice Simon,patrice.simon@amexgbt.com
Facilities,,,,Stacy Nygaard,stacy.nygaard@amexgbt.com,group_unmatched,no,17004603490,Stacy Nygaard,yes,My Team,Stacy Nygaard,stacy.nygaard@amexgbt.com
FC BRAZIL,CWT FC BRAZIL,17000393031,My Team,Roberto Carlos Pirillo,robertocarlos.pirillo@amexgbt.com,member,yes_member,17004602571,Roberto Carlos Pirillo,yes,My Team,Priscila Morales,priscila.morales@amexgbt.com
FC BRAZIL,CWT FC BRAZIL,17000393031,My Team,Mariana Rossi Braulio,mariana.rossibraulio@amexgbt.com,member,yes_member,17004602496,Mariana Rossi Braulio,yes,My Team,Priscila Morales,priscila.morales@amexgbt.com
FIELD IT OPS SATO EMEA,CWT FIELD IT OPS SATO EMEA,17000393624,My Team,David Fromme,david.fromme@amexgbt.com,member,yes_member,17004606789,David Fromme,yes,My Team,Kari Goodson,kari.goodson@amexgbt.com
FIELD IT OPS SATO EMEA,CWT FIELD IT OPS SATO EMEA,17000393624,My Team,Kari Goodson,kari.goodson@amexgbt.com,member,yes_member,17004603348,Kari Goodson,yes,My Team,Kari Goodson,kari.goodson@amexgbt.com
FIELD IT OPS SATO EMEA,CWT FIELD IT OPS SATO EMEA,17000393624,My Team,TJ Whittle,tj.whittle@amexgbt.com,member,yes_member,17001480992,TJ Whittle,yes,My Team,Kari Goodson,kari.goodson@amexgbt.com
FIELD IT OPS SATO EMEA,CWT FIELD IT OPS SATO EMEA,17000393624,My Team,Kevin Weiss,kevin.weiss@amexgbt.com,member,yes_member,17004603328,Kevin Weiss,yes,My Team,Kari Goodson,kari.goodson@amexgbt.com
FIELD IT OPS SATO EMEA,CWT FIELD IT OPS SATO EMEA,17000393624,My Team,Jodi Jackson,jodi.jackson@amexgbt.com,member,yes_member,17004606796,Jodi Jackson,yes,My Team,Kari Goodson,kari.goodson@amexgbt.com
FIELD IT OPS SATO EMEA,CWT FIELD IT OPS SATO EMEA,17000393624,My Team,Loretta Turner,loretta.turner@amexgbt.com,member,yes_member,17004606783,Loretta Turner,yes,My Team,Kari Goodson,kari.goodson@amexgbt.com
FIELD IT OPS SATO EMEA,CWT FIELD IT OPS SATO EMEA,17000393624,My Team,Jeremy Waldrup,jeremy.waldrup@amexgbt.com,member,yes_member,17001480938,Jeremy Waldrup,yes,My Team,Kari Goodson,kari.goodson@amexgbt.com
FIELD IT OPS SATO EMEA,CWT FIELD IT OPS SATO EMEA,17000393624,My Team,Carleton Kelly,carleton.kelly@amexgbt.com,member,yes_member,17004606950,Carleton Kelly,yes,My Team,Kari Goodson,kari.goodson@amexgbt.com
FIELD IT OPS SATO EMEA,CWT FIELD IT OPS SATO EMEA,17000393624,My Team,Juergen Bachheibl,jbachheibl@cwtsato.com,agent_not_found,no,,,,,Kari Goodson,kari.goodson@amexgbt.com
FIELD IT OPS SATO EMEA,CWT FIELD IT OPS SATO EMEA,17000393624,My Team,Dominic Francini,dominic.francini@amexgbt.com,member,yes_member,17002513412,Dominic Francini,yes,My Team,Kari Goodson,kari.goodson@amexgbt.com
FIELD IT OPS SATO EMEA,CWT FIELD IT OPS SATO EMEA,17000393624,My Team,Shelaan Williams,shelaan.williams@amexgbt.com,member,yes_member,17001605805,Shelaan Williams,yes,My Team,Kari Goodson,kari.goodson@amexgbt.com
FIELD IT OPS SATO EMEA,CWT FIELD IT OPS SATO EMEA,17000393624,My Team,Cheikh Lo,cheikh.lo1@amexgbt.com,member,yes_member,17001497307,Cheikh Lo,yes,My Team,Kari Goodson,kari.goodson@amexgbt.com
FIELD IT OPS SATO EMEA,CWT FIELD IT OPS SATO EMEA,17000393624,My Team,Vincent Newell,vincent.newell@amexgbt.com,member,yes_member,17001520961,Vincent Newell,yes,My Team,Kari Goodson,kari.goodson@amexgbt.com
FIELD IT OPS SATO EMEA,CWT FIELD IT OPS SATO EMEA,17000393624,My Team,Anisa Abrahams,aabrahams@mycwt.com,agent_not_found,no,,,,,Kari Goodson,kari.goodson@amexgbt.com
FIELD IT OPS SATO EMEA,CWT FIELD IT OPS SATO EMEA,17000393624,My Team,Patrick Pfau,patrick.pfau@amexgbt.com,member,yes_member,17004603141,Patrick Pfau,yes,My Team,Kari Goodson,kari.goodson@amexgbt.com
Finance Systems Development - APAC,CWT Finance Systems Development - APAC,17000393470,My Team,Anna Marie Agravia,annamarie.agravia@amexgbt.com,member,yes_member,17004608568,Anna Marie Agravia,yes,My Team,John Cris Vincent Pelletero,johncrisvincent.pelletero@amexgbt.com
Finance Systems Development - APAC,CWT Finance Systems Development - APAC,17000393470,My Team,Dave Ravina,dave.ravina@amexgbt.com,member,yes_member,17004608513,Dave Ravina,yes,My Team,John Cris Vincent Pelletero,johncrisvincent.pelletero@amexgbt.com
Finance Systems Development - APAC,CWT Finance Systems Development - APAC,17000393470,My Team,John Cris Vincent Pelletero,johncrisvincent.pelletero@amexgbt.com,member,yes_member,17004608362,John Cris Vincent Pelletero,yes,My Team,John Cris Vincent Pelletero,johncrisvincent.pelletero@amexgbt.com
Finance Systems Development - APAC,CWT Finance Systems Development - APAC,17000393470,My Team,Alvin Baylon,alvin.baylon@amexgbt.com,member,yes_member,17004608491,Alvin Baylon,yes,My Team,John Cris Vincent Pelletero,johncrisvincent.pelletero@amexgbt.com
Finance Systems Development - APAC,CWT Finance Systems Development - APAC,17000393470,My Team,Wai Hnin Naing,wai.hninnaing@amexgbt.com,member,yes_member,17004607175,Wai Hnin Naing,yes,My Team,John Cris Vincent Pelletero,johncrisvincent.pelletero@amexgbt.com
Finance Systems Development - APAC,CWT Finance Systems Development - APAC,17000393470,My Team,Christopher Cachapero,christopher.cachapero@amexgbt.com,member,yes_member,17004608494,Christopher Cachapero,yes,My Team,John Cris Vincent Pelletero,johncrisvincent.pelletero@amexgbt.com
Finance Systems Development - APAC,CWT Finance Systems Development - APAC,17000393470,My Team,Jay Arellano,jay.arellano@amexgbt.com,member,yes_member,17004608565,Jay Arellano,yes,My Team,John Cris Vincent Pelletero,johncrisvincent.pelletero@amexgbt.com
Finance Systems Development - APAC,CWT Finance Systems Development - APAC,17000393470,My Team,Juan Emmanuel Chua,juanemmanuel.chua@amexgbt.com,member,yes_member,17004608578,Juan Emmanuel Chua,yes,My Team,John Cris Vincent Pelletero,johncrisvincent.pelletero@amexgbt.com
Finance Systems Development - APAC,CWT Finance Systems Development - APAC,17000393470,My Team,Francis Catacutan,francis.catacutan@amexgbt.com,member,yes_member,17004608425,Francis Catacutan,yes,My Team,John Cris Vincent Pelletero,johncrisvincent.pelletero@amexgbt.com
Finance-Singapore,CWT Finance-Singapore,17000393625,My Team,Irene Ong,irene.ong@amexgbt.com,member,yes_member,17004607120,Irene Ong,yes,My Team,Irene Ong,irene.ong@amexgbt.com
Financeiro ADMs & EOs BR,CWT Financeiro ADMs & EOs BR,17000393032,My Team,Osni Carlos Cardoso Dos Anjos,osnicarlos.cardosodosanjos@amexgbt.com,member,yes_member,17004602439,Osni Carlos Cardoso Dos Anjos,yes,My Team,,
Financeiro ADMs & EOs BR,CWT Financeiro ADMs & EOs BR,17000393032,My Team,Gisela Oliveira Braga,gisela.oliveirabraga@amexgbt.com,member,yes_member,17004602422,Gisela Oliveira Braga,yes,My Team,,
Financeiro ADMs & EOs BR,CWT Financeiro ADMs & EOs BR,17000393032,My Team,Fernando Martinho,fernando.martinho@amexgbt.com,member,yes_member,17004872062,Fernando Martinho,yes,My Team,,
FINANCIAL APP SUPPORT/CLMS,CWT FINANCIAL APP SUPPORT/CLMS,17000393626,My Team,Trina Simonson,trina.simonson@amexgbt.com,member,yes_member,17004603138,Trina Simonson,yes,My Team,Ramesh Nallavolu,ramesh.nallavolu@amexgbt.com
FINANCIAL APP SUPPORT/CLMS,CWT FINANCIAL APP SUPPORT/CLMS,17000393626,My Team,Steven Hamilton,steven.hamilton@amexgbt.com,member,yes_member,17004603123,Steven Hamilton,yes,My Team,Ramesh Nallavolu,ramesh.nallavolu@amexgbt.com
FINANCIAL APP SUPPORT/CLMS,CWT FINANCIAL APP SUPPORT/CLMS,17000393626,My Team,David Streets,david.streets@amexgbt.com,member,yes_member,17004604594,David Streets,yes,My Team,Ramesh Nallavolu,ramesh.nallavolu@amexgbt.com
FINANCIAL APP SUPPORT/CLMS,CWT FINANCIAL APP SUPPORT/CLMS,17000393626,My Team,Phillip Greenhagen,phillip.greenhagen@amexgbt.com,member,yes_member,17004603428,Phillip Greenhagen,yes,My Team,Ramesh Nallavolu,ramesh.nallavolu@amexgbt.com
FINANCIAL APP SUPPORT/CLMS,CWT FINANCIAL APP SUPPORT/CLMS,17000393626,My Team,Kevin Pascoe,kevin.pascoe@amexgbt.com,member,yes_member,17004602755,Kevin Pascoe,yes,My Team,Ramesh Nallavolu,ramesh.nallavolu@amexgbt.com
FINANCIAL APP SUPPORT/CLMS,CWT FINANCIAL APP SUPPORT/CLMS,17000393626,My Team,Jayashree Nayak,jayashree.nayak@amexgbt.com,member,yes_member,17004603021,Jayashree Nayak,yes,My Team,Ramesh Nallavolu,ramesh.nallavolu@amexgbt.com
FINANCIAL APP SUPPORT/Enhanced CC Extracts,CWT FINANCIAL APP SUPPORT/Enhanced CC Extracts,17000393627,My Team,Kevin Pascoe,kevin.pascoe@amexgbt.com,member,yes_member,17004602755,Kevin Pascoe,yes,My Team,Ramesh Nallavolu,ramesh.nallavolu@amexgbt.com
FINANCIAL APP SUPPORT/GOVERNMENT,CWT FINANCIAL APP SUPPORT/GOVERNMENT,17000393255,My Team,Kevin Pascoe,kevin.pascoe@amexgbt.com,member,yes_member,17004602755,Kevin Pascoe,yes,My Team,Ramesh Nallavolu,ramesh.nallavolu@amexgbt.com
FINANCIAL APP SUPPORT/GOVERNMENT,CWT FINANCIAL APP SUPPORT/GOVERNMENT,17000393255,My Team,Jayashree Nayak,jayashree.nayak@amexgbt.com,member,yes_member,17004603021,Jayashree Nayak,yes,My Team,Ramesh Nallavolu,ramesh.nallavolu@amexgbt.com
FR FACILITIES MANAGEMENT,,,,Laurence Stephan,laurence.stephan@amexgbt.com,group_unmatched,no,17004607510,Laurence Stephan,yes,My Team,Andrew Gunnels,andrew.gunnels@amexgbt.com
FR GIDE HD0,,,,Maite Herrera,maite.herrera@amexgbt.com,group_unmatched,no,,,,,Stephanie Blanchard,stephanie.blanchard@amexgbt.com
FR IMPLEMENTATION,CWT FR IMPLEMENTATION,17000393036,My Team,Jean Marc Rissien,jeanmarc.rissien@amexgbt.com,member,yes_member,17004607777,Jean-Marc RISSIEN,yes,My Team,Aleksandra Pawelczak,aleksandra.pawelczak@amexgbt.com
FR IMPLEMENTATION,CWT FR IMPLEMENTATION,17000393036,My Team,Barbara Noel,barbara.noel@amexgbt.com,member,yes_member,17004607411,Barbara Noel,yes,My Team,Aleksandra Pawelczak,aleksandra.pawelczak@amexgbt.com
FR IMPLEMENTATION,CWT FR IMPLEMENTATION,17000393036,My Team,Nicolas Djian,nicolas.djian@amexgbt.com,member,yes_member,17004607780,Nicolas Djian,yes,My Team,Aleksandra Pawelczak,aleksandra.pawelczak@amexgbt.com
FR IT AS400,CWT FR IT AS400,17000393471,My Team,Sylvie Gulyas,sylvie.gulyas@amexgbt.com,member,yes_member,17004607515,Sylvie Gulyas,yes,My Team,Joel Roux,joel.roux@amexgbt.com
FR IT AS400,CWT FR IT AS400,17000393471,My Team,Joel Roux,joel.roux@amexgbt.com,member,yes_member,17004607770,Joel Roux,yes,My Team,Joel Roux,joel.roux@amexgbt.com
FR IT AS400,CWT FR IT AS400,17000393471,My Team,Laure Canonne,laure.canonne@amexgbt.com,member,yes_member,17004607533,Laure Canonne,yes,My Team,Joel Roux,joel.roux@amexgbt.com
FR IT FINANCE QOA,CWT FR IT FINANCE QOA,17000393037,My Team,Nathalie Boucher,nathalie.boucher@amexgbt.com,member,yes_member,17004607545,Nathalie Boucher,yes,My Team,Nathalie Boucher,nathalie.boucher@amexgbt.com
FR IT FINANCE QOA,CWT FR IT FINANCE QOA,17000393037,My Team,Laure Canonne,laure.canonne@amexgbt.com,member,yes_member,17004607533,Laure Canonne,yes,My Team,Nathalie Boucher,nathalie.boucher@amexgbt.com
FR IT FINANCE QOA,CWT FR IT FINANCE QOA,17000393037,My Team,Muriel Thomas,muriel.thomas@amexgbt.com,member,yes_member,17004607684,Muriel Thomas,yes,My Team,Nathalie Boucher,nathalie.boucher@amexgbt.com
FR IT SD CORRESPONDING,CWT FR IT SD CORRESPONDING,17000393619,My Team,Fanny Dehennault,fanny.dehennault@amexgbt.com,member,yes_member,17004607555,Fanny Dehennault,yes,My Team,Angelique Bourlet,angelique.bourlet@amexgbt.com
FR IT SD CORRESPONDING,CWT FR IT SD CORRESPONDING,17000393619,My Team,Christiane Tanesie,christiane.tanesie@amexgbt.com,member,yes_member,17004607446,Christiane Tanesie,yes,My Team,Angelique Bourlet,angelique.bourlet@amexgbt.com
FR IT SD CORRESPONDING,CWT FR IT SD CORRESPONDING,17000393619,My Team,Isabelle Moulin,isabelle.moulin@amexgbt.com,member,yes_member,17004607573,Isabelle Moulin,yes,My Team,Angelique Bourlet,angelique.bourlet@amexgbt.com
FR IT SD CORRESPONDING,CWT FR IT SD CORRESPONDING,17000393619,My Team,Milene Pain,milene.pain@amexgbt.com,member,yes_member,17004607280,Milene Pain,yes,My Team,Angelique Bourlet,angelique.bourlet@amexgbt.com
FR IT SD CORRESPONDING,CWT FR IT SD CORRESPONDING,17000393619,My Team,Muriel Robert,muriel.robert@amexgbt.com,member,yes_member,17004607292,Muriel Robert,yes,My Team,Angelique Bourlet,angelique.bourlet@amexgbt.com
FR IT SD CORRESPONDING,CWT FR IT SD CORRESPONDING,17000393619,My Team,Michel Martin,michel.martin@amexgbt.com,member,yes_member,17004607634,Michel Martin,yes,My Team,Angelique Bourlet,angelique.bourlet@amexgbt.com
FR IT SD CORRESPONDING,CWT FR IT SD CORRESPONDING,17000393619,My Team,Sandrine Leclercq,sandrine.leclercq@amexgbt.com,member,yes_member,17004607564,Sandrine Leclercq,yes,My Team,Angelique Bourlet,angelique.bourlet@amexgbt.com
FR IT SD CORRESPONDING,CWT FR IT SD CORRESPONDING,17000393619,My Team,Jean Christophe Fortin,jeanchristophe.fortin@amexgbt.com,member,yes_member,17004607599,Jean Christophe Fortin,yes,My Team,Angelique Bourlet,angelique.bourlet@amexgbt.com
FR IT SD USER ADMINISTRATION,CWT FR IT SD USER ADMINISTRATION,17000393038,My Team,Jean Christophe Fortin,jeanchristophe.fortin@amexgbt.com,member,yes_member,17004607599,Jean Christophe Fortin,yes,My Team,Flavio D'Innocenzi,flavio.dinnocenzi@amexgbt.com
FR IT Smartphones,CWT FR IT Smartphones,17000393039,My Team,Jean Christophe Fortin,jeanchristophe.fortin@amexgbt.com,member,yes_member,17004607599,Jean Christophe Fortin,yes,My Team,Frank Ho,frank.ho@amexgbt.com
FR ONLINE FULFILLMENT CENTER 2ND LEVEL,,,,David Bertocchi,david.bertocchi@amexgbt.com,group_unmatched,no,17004607659,David Bertocchi,yes,My Team,Philippe Leroux,philippe.leroux@amexgbt.com
FR ONLINE FULFILLMENT CENTER 2ND LEVEL,,,,Nicolas Djian,nicolas.djian@amexgbt.com,group_unmatched,no,17004607780,Nicolas Djian,yes,My Team,Philippe Leroux,philippe.leroux@amexgbt.com
FR ONLINE FULFILLMENT CENTER 2ND LEVEL,,,,Philippe Leroux,philippe.leroux@amexgbt.com,group_unmatched,no,,,,,Philippe Leroux,philippe.leroux@amexgbt.com
FR ONLINE FULFILLMENT CENTER 2ND LEVEL,,,,Jean Marc Rissien,jeanmarc.rissien@amexgbt.com,group_unmatched,no,17004607777,Jean-Marc RISSIEN,yes,My Team,Philippe Leroux,philippe.leroux@amexgbt.com
FR ONLINE FULFILLMENT CENTER 2ND LEVEL,,,,Valerie Bonin,valerie.bonin@amexgbt.com,group_unmatched,no,17004607554,Valerie Bonin,yes,My Team,Philippe Leroux,philippe.leroux@amexgbt.com
FR ONLINE FULFILLMENT CENTER 2ND LEVEL,,,,Gaelle Masson,gaelle.masson@amexgbt.com,group_unmatched,no,17004607351,Gaelle Masson,yes,My Team,Philippe Leroux,philippe.leroux@amexgbt.com
FR ONLINE FULFILLMENT CENTER 2ND LEVEL,,,,Beatrice Bonora,beatrice.bonora@amexgbt.com,group_unmatched,no,,,,,Philippe Leroux,philippe.leroux@amexgbt.com
FR ONLINE PROJECTS,CWT FR ONLINE PROJECTS,17000393040,My Team,Jean Marc Rissien,jeanmarc.rissien@amexgbt.com,member,yes_member,17004607777,Jean-Marc RISSIEN,yes,My Team,Nicolas Djian,nicolas.djian@amexgbt.com
FR ONLINE PROJECTS,CWT FR ONLINE PROJECTS,17000393040,My Team,David Bertocchi,david.bertocchi@amexgbt.com,member,yes_member,17004607659,David Bertocchi,yes,My Team,Nicolas Djian,nicolas.djian@amexgbt.com
FR ONLINE PROJECTS,CWT FR ONLINE PROJECTS,17000393040,My Team,Gaelle Masson,gaelle.masson@amexgbt.com,member,yes_member,17004607351,Gaelle Masson,yes,My Team,Nicolas Djian,nicolas.djian@amexgbt.com
FR ONLINE PROJECTS,CWT FR ONLINE PROJECTS,17000393040,My Team,Barbara Noel,barbara.noel@amexgbt.com,member,yes_member,17004607411,Barbara Noel,yes,My Team,Nicolas Djian,nicolas.djian@amexgbt.com
FR ONLINE PROJECTS,CWT FR ONLINE PROJECTS,17000393040,My Team,Nicolas Djian,nicolas.djian@amexgbt.com,member,yes_member,17004607780,Nicolas Djian,yes,My Team,Nicolas Djian,nicolas.djian@amexgbt.com
FR ONLINE PROJECTS,CWT FR ONLINE PROJECTS,17000393040,My Team,Cecile Della Bianca Troussel,cecile.dellabiancatroussel@amexgbt.com,member,yes_member,17004607270,Cecile Della Bianca Troussel,yes,My Team,Nicolas Djian,nicolas.djian@amexgbt.com
FR WINGS 2ND LEVEL,CWT FR WINGS 2ND LEVEL,17000393620,My Team,Caroline Fremau,caroline.fremau@amexgbt.com,member,yes_member,17004607321,Caroline Fremau,yes,My Team,Christian Renault,christian.renault@amexgbt.com
FR WINGS 2ND LEVEL,CWT FR WINGS 2ND LEVEL,17000393620,My Team,Sylvie Gulyas,sylvie.gulyas@amexgbt.com,member,yes_member,17004607515,Sylvie Gulyas,yes,My Team,Christian Renault,christian.renault@amexgbt.com
FR WINGS 2ND LEVEL,CWT FR WINGS 2ND LEVEL,17000393620,My Team,Christian Renault,christian.renault@amexgbt.com,member,yes_member,17004607784,Christian Renault,yes,My Team,Christian Renault,christian.renault@amexgbt.com
FR WINGS 2ND LEVEL,CWT FR WINGS 2ND LEVEL,17000393620,My Team,Nathalie Boucher,nathalie.boucher@amexgbt.com,member,yes_member,17004607545,Nathalie Boucher,yes,My Team,Christian Renault,christian.renault@amexgbt.com
FR WINGS 2ND LEVEL,CWT FR WINGS 2ND LEVEL,17000393620,My Team,Laure Canonne,laure.canonne@amexgbt.com,member,yes_member,17004607533,Laure Canonne,yes,My Team,Christian Renault,christian.renault@amexgbt.com
FR WINGS 2ND LEVEL,CWT FR WINGS 2ND LEVEL,17000393620,My Team,Muriel Thomas,muriel.thomas@amexgbt.com,member,yes_member,17004607684,Muriel Thomas,yes,My Team,Christian Renault,christian.renault@amexgbt.com
frank,CWT frank,17000393041,My Team,Antoine Cabuy,antoine.cabuy@amexgbt.com,member,yes_member,17004606227,Antoine Cabuy,yes,My Team,Tania Tosi,tania.tosi@amexgbt.com
FTS AR Retrieval,CWT FTS AR Retrieval,17000393042,My Team,Luis Espinoza,luis.espinoza1@amexgbt.com,member,yes_member,17004602213,Luis Espinoza,yes,My Team,Danilo Mazzolani,danilo.mazzolani@amexgbt.com
FTS AU Retrieval,CWT FTS AU Retrieval,17000393251,My Team,Jonathon Galea,jonathon.galea@amexgbt.com,member,yes_member,17004606194,Jonathon Galea,yes,My Team,Frank Ho,frank.ho@amexgbt.com
FTS AU Retrieval,CWT FTS AU Retrieval,17000393251,My Team,Narendra Kondekar,narendra.kondekar@amexgbt.com,member,yes_member,17004604753,Narendra Kondekar,yes,My Team,Frank Ho,frank.ho@amexgbt.com
FTS AU Retrieval,CWT FTS AU Retrieval,17000393251,My Team,Muhammad Afan Ghaffar,muhammadafan.ghaffar@amexgbt.com,member,yes_member,17004602556,Muhammad Afan Ghaffar,yes,My Team,Frank Ho,frank.ho@amexgbt.com
FTS AU Retrieval,CWT FTS AU Retrieval,17000393251,My Team,Eric Poh,eric.poh@amexgbt.com,member,yes_member,17004607111,Eric Poh,yes,My Team,Frank Ho,frank.ho@amexgbt.com
FTS AU Retrieval,CWT FTS AU Retrieval,17000393251,My Team,Nayan Juneja,nayan.juneja@amexgbt.com,member,yes_member,17002990495,Nayan Juneja,yes,My Team,Frank Ho,frank.ho@amexgbt.com
FTS BR Retrieval,CWT FTS BR Retrieval,17000393043,My Team,Toygo Silva,tsilva@mycwt.com,agent_not_found,no,,,,,Danilo Mazzolani,danilo.mazzolani@amexgbt.com
FTS BR Retrieval,CWT FTS BR Retrieval,17000393043,My Team,Danilo Mazzolani,danilo.mazzolani@amexgbt.com,member,yes_member,17004602481,Danilo Mazzolani,yes,My Team,Danilo Mazzolani,danilo.mazzolani@amexgbt.com
FTS BR Retrieval,CWT FTS BR Retrieval,17000393043,My Team,João Paulo Laranjeira,jlaranjeira@mycwt.com,agent_not_found,no,,,,,Danilo Mazzolani,danilo.mazzolani@amexgbt.com
FTS BR Retrieval,CWT FTS BR Retrieval,17000393043,My Team,Cosme Farias,cfarias@mycwt.com,agent_not_found,no,,,,,Danilo Mazzolani,danilo.mazzolani@amexgbt.com
FTS CL Retrieval,CWT FTS CL Retrieval,17000393044,My Team,Luis Espinoza,luis.espinoza1@amexgbt.com,member,yes_member,17004602213,Luis Espinoza,yes,My Team,Danilo Mazzolani,danilo.mazzolani@amexgbt.com
FTS CN Retrieval,CWT FTS CN Retrieval,17000393045,My Team,Sani Singh,sani.singh@amexgbt.com,member,yes_member,17004603925,Sani Singh,yes,My Team,Frank Ho,frank.ho@amexgbt.com
FTS CN Retrieval,CWT FTS CN Retrieval,17000393045,My Team,Fei He,fhe@mycwt.com,agent_not_found,no,,,,,Frank Ho,frank.ho@amexgbt.com
FTS CN Retrieval,CWT FTS CN Retrieval,17000393045,My Team,Chad Xin,cxin@mycwt.com,agent_not_found,no,,,,,Frank Ho,frank.ho@amexgbt.com
FTS CN Retrieval,CWT FTS CN Retrieval,17000393045,My Team,Feng Bai,fbai@mycwt.com,agent_not_found,no,,,,,Frank Ho,frank.ho@amexgbt.com
FTS CN Retrieval,CWT FTS CN Retrieval,17000393045,My Team,Eric Poh,eric.poh@amexgbt.com,member,yes_member,17004607111,Eric Poh,yes,My Team,Frank Ho,frank.ho@amexgbt.com
FTS CO Retrieval,CWT FTS CO Retrieval,17000393252,My Team,Carlos Hernandez,carlos.hernandez2@amexgbt.com,member,yes_member,17004606356,Carlos Hernandez,yes,My Team,Danilo Mazzolani,danilo.mazzolani@amexgbt.com
FTS CR Retrieval,CWT FTS CR Retrieval,17000393046,My Team,Esteban Tapia,esteban.tapia@amexgbt.com,member,yes_member,17004607004,Esteban Tapia,yes,My Team,Kari Goodson,kari.goodson@amexgbt.com
FTS CR Retrieval,CWT FTS CR Retrieval,17000393046,My Team,Juan Gonzalez,gabriel.gonzalez@amexgbt.com,member,yes_member,17004606982,Gabriel Gonzalez,yes,My Team,Kari Goodson,kari.goodson@amexgbt.com
FTS CR Retrieval,CWT FTS CR Retrieval,17000393046,My Team,Kari Goodson,kari.goodson@amexgbt.com,member,yes_member,17004603348,Kari Goodson,yes,My Team,Kari Goodson,kari.goodson@amexgbt.com
FTS CR Retrieval,CWT FTS CR Retrieval,17000393046,My Team,Kevin Vega,kevin.vega@amexgbt.com,agent_not_found,no,,,,,Kari Goodson,kari.goodson@amexgbt.com
FTS DEU EMEA,CWT FTS DEU EMEA,17000393253,My Team,Xavier Viallon,xavier.viallon@amexgbt.com,member,yes_member,17001480996,Xav Viallon,yes,My Team,Nayan Juneja,Nayan.Juneja@amexgbt.com
FTS DEU EMEA,CWT FTS DEU EMEA,17000393253,My Team,Hector Moreno Alonso,hector.moreno@amexgbt.com,member,yes_member,17004601868,Hector Moreno Alonso,yes,My Team,Nayan Juneja,Nayan.Juneja@amexgbt.com
FTS DEU EMEA,CWT FTS DEU EMEA,17000393253,My Team,Benjamin Scholts,benjamin.scholts@amexgbt.com,member,yes_member,17004610868,Benjamin Scholts,yes,My Team,Nayan Juneja,Nayan.Juneja@amexgbt.com
FTS DEU EMEA,CWT FTS DEU EMEA,17000393253,My Team,Kari Goodson,kari.goodson@amexgbt.com,member,yes_member,17004603348,Kari Goodson,yes,My Team,Nayan Juneja,Nayan.Juneja@amexgbt.com
FTS DEU EMEA,CWT FTS DEU EMEA,17000393253,My Team,Antonia Adarve Torres,toni.adarve@amexgbt.com,member,yes_member,17004601652,Antonia Adarve Torres,yes,My Team,Nayan Juneja,Nayan.Juneja@amexgbt.com
FTS DEU EMEA,CWT FTS DEU EMEA,17000393253,My Team,Aliou Diouf,aliou.diouf@amexgbt.com,member,yes_member,17002464358,Aliou Diouf,yes,My Team,Nayan Juneja,Nayan.Juneja@amexgbt.com
FTS DEU EMEA,CWT FTS DEU EMEA,17000393253,My Team,Thiru Kanes,thiru.kanes@amexgbt.com,member,yes_member,17001528476,Thiru Kanes,yes,My Team,Nayan Juneja,Nayan.Juneja@amexgbt.com
FTS DEU EMEA,CWT FTS DEU EMEA,17000393253,My Team,Monika Raczkowska,monika.raczkowska@amexgbt.com,member,yes_member,17004601317,Monika Raczkowska,yes,My Team,Nayan Juneja,Nayan.Juneja@amexgbt.com
FTS DEU EMEA,CWT FTS DEU EMEA,17000393253,My Team,Oronzo Spada,oronzo.spada@amexgbt.com,member,yes_member,17004607843,Oronzo Spada,yes,My Team,Nayan Juneja,Nayan.Juneja@amexgbt.com
FTS DEU EMEA,CWT FTS DEU EMEA,17000393253,My Team,Damian Zajączkowski,damian.zajaczkowski@amexgbt.com,member,yes_member,17004601382,Damian Zajączkowski,yes,My Team,Nayan Juneja,Nayan.Juneja@amexgbt.com
FTS DEU EMEA,CWT FTS DEU EMEA,17000393253,My Team,Jörg Schumacher,jschumacher@mycwt.com,agent_not_found,no,,,,,Nayan Juneja,Nayan.Juneja@amexgbt.com
FTS DEU EMEA,CWT FTS DEU EMEA,17000393253,My Team,Jean-Christophe Biagui,jeanchristophe.biagui@amexgbt.com,member,yes_member,17001480935,Jean-Christophe Biagui,yes,My Team,Nayan Juneja,Nayan.Juneja@amexgbt.com
FTS DEU EMEA,CWT FTS DEU EMEA,17000393253,My Team,Guylaine Darcia Binet,darcia.binet@amexgbt.com,member,yes_member,17001521589,Guylaine Darcia BINET,yes,My Team,Nayan Juneja,Nayan.Juneja@amexgbt.com
FTS DEU EMEA,CWT FTS DEU EMEA,17000393253,My Team,Antoine Cabuy,antoine.cabuy@amexgbt.com,member,yes_member,17004606227,Antoine Cabuy,yes,My Team,Nayan Juneja,Nayan.Juneja@amexgbt.com
FTS DEU EMEA,CWT FTS DEU EMEA,17000393253,My Team,Vincenzo Barile,vincenzo.barile@amexgbt.com,member,yes_member,17004608141,Vincenzo Barile,yes,My Team,Nayan Juneja,Nayan.Juneja@amexgbt.com
FTS DEU EMEA,CWT FTS DEU EMEA,17000393253,My Team,Miroslav Jirku,miroslav.jirku@amexgbt.com,member,yes_member,17004602161,Miroslav Jirku,yes,My Team,Nayan Juneja,Nayan.Juneja@amexgbt.com
FTS DEU EMEA,CWT FTS DEU EMEA,17000393253,My Team,Nayan Juneja,nayan.juneja@amexgbt.com,member,yes_member,17002990495,Nayan Juneja,yes,My Team,Nayan Juneja,Nayan.Juneja@amexgbt.com
FTS DEU EMEA,CWT FTS DEU EMEA,17000393253,My Team,Marvin Miath,marvin.miath@amexgbt.com,member,yes_member,17002464761,Marvin Miath,yes,My Team,Nayan Juneja,Nayan.Juneja@amexgbt.com
FTS DEU EMEA,CWT FTS DEU EMEA,17000393253,My Team,Issa Ibrahim,issa.ibrahim@amexgbt.com,member,yes_member,17004601286,Issa Ibrahim,yes,My Team,Nayan Juneja,Nayan.Juneja@amexgbt.com
FTS DEU EMEA,CWT FTS DEU EMEA,17000393253,My Team,Jean Christophe Fortin,jeanchristophe.fortin@amexgbt.com,member,yes_member,17004607599,Jean Christophe Fortin,yes,My Team,Nayan Juneja,Nayan.Juneja@amexgbt.com
FTS DEU EMEA,CWT FTS DEU EMEA,17000393253,My Team,Roberto Paolucci,roberto.paolucci@amexgbt.com,member,yes_member,17004607981,Roberto Paolucci,yes,My Team,Nayan Juneja,Nayan.Juneja@amexgbt.com
FTS DEU EMEA,CWT FTS DEU EMEA,17000393253,My Team,Marcus Björkgren,marcus.bjoerkgren@amexgbt.com,member,yes_member,17004608796,Marcus Björkgren,yes,My Team,Nayan Juneja,Nayan.Juneja@amexgbt.com
FTS DEU EMEA,CWT FTS DEU EMEA,17000393253,My Team,Juergen Bachheibl,jbachheibl@cwtsato.com,agent_not_found,no,,,,,Nayan Juneja,Nayan.Juneja@amexgbt.com
FTS ENG AMERICAS,CWT FTS ENG AMERICAS,17000393228,My Team,David Fromme,david.fromme@amexgbt.com,member,yes_member,17004606789,David Fromme,yes,My Team,Kari Goodson,kari.goodson@amexgbt.com
FTS ENG AMERICAS,CWT FTS ENG AMERICAS,17000393228,My Team,Daniela Bernal,dbernal@mycwt.com,agent_not_found,no,,,,,Kari Goodson,kari.goodson@amexgbt.com
FTS ENG AMERICAS,CWT FTS ENG AMERICAS,17000393228,My Team,Anisa Abrahams,aabrahams@mycwt.com,agent_not_found,no,,,,,Kari Goodson,kari.goodson@amexgbt.com
FTS ENG AMERICAS,CWT FTS ENG AMERICAS,17000393228,My Team,Carlos Hernandez,carlos.hernandez2@amexgbt.com,member,yes_member,17004606356,Carlos Hernandez,yes,My Team,Kari Goodson,kari.goodson@amexgbt.com
FTS ENG AMERICAS,CWT FTS ENG AMERICAS,17000393228,My Team,Dominic Francini,dominic.francini@amexgbt.com,member,yes_member,17002513412,Dominic Francini,yes,My Team,Kari Goodson,kari.goodson@amexgbt.com
FTS ENG AMERICAS,CWT FTS ENG AMERICAS,17000393228,My Team,Vincent Newell,vincent.newell@amexgbt.com,member,yes_member,17001520961,Vincent Newell,yes,My Team,Kari Goodson,kari.goodson@amexgbt.com
FTS ENG AMERICAS,CWT FTS ENG AMERICAS,17000393228,My Team,Juan Gonzalez,gabriel.gonzalez@amexgbt.com,member,yes_member,17004606982,Gabriel Gonzalez,yes,My Team,Kari Goodson,kari.goodson@amexgbt.com
FTS ENG AMERICAS,CWT FTS ENG AMERICAS,17000393228,My Team,Kevin Vega,kevin.vega@amexgbt.com,agent_not_found,no,,,,,Kari Goodson,kari.goodson@amexgbt.com
FTS ENG AMERICAS,CWT FTS ENG AMERICAS,17000393228,My Team,Muxsin Ahmed,muxsin.ahmed@amexgbt.com,member,yes_member,17004606793,Muxsin Ahmed,yes,My Team,Kari Goodson,kari.goodson@amexgbt.com
FTS ENG AMERICAS,CWT FTS ENG AMERICAS,17000393228,My Team,Esteban Tapia,esteban.tapia@amexgbt.com,member,yes_member,17004607004,Esteban Tapia,yes,My Team,Kari Goodson,kari.goodson@amexgbt.com
FTS ENG AMERICAS,CWT FTS ENG AMERICAS,17000393228,My Team,TJ Whittle,tj.whittle@amexgbt.com,member,yes_member,17001480992,TJ Whittle,yes,My Team,Kari Goodson,kari.goodson@amexgbt.com
FTS ENG AMERICAS,CWT FTS ENG AMERICAS,17000393228,My Team,Carleton Kelly,carleton.kelly@amexgbt.com,member,yes_member,17004606950,Carleton Kelly,yes,My Team,Kari Goodson,kari.goodson@amexgbt.com
FTS ENG AMERICAS,CWT FTS ENG AMERICAS,17000393228,My Team,Jodi Jackson,jodi.jackson@amexgbt.com,member,yes_member,17004606796,Jodi Jackson,yes,My Team,Kari Goodson,kari.goodson@amexgbt.com
FTS ENG AMERICAS,CWT FTS ENG AMERICAS,17000393228,My Team,Cheikh Lo,cheikh.lo1@amexgbt.com,member,yes_member,17001497307,Cheikh Lo,yes,My Team,Kari Goodson,kari.goodson@amexgbt.com
FTS ENG AMERICAS,CWT FTS ENG AMERICAS,17000393228,My Team,Shelaan Williams,shelaan.williams@amexgbt.com,member,yes_member,17001605805,Shelaan Williams,yes,My Team,Kari Goodson,kari.goodson@amexgbt.com
FTS ENG AMERICAS,CWT FTS ENG AMERICAS,17000393228,My Team,Kevin Weiss,kevin.weiss@amexgbt.com,member,yes_member,17004603328,Kevin Weiss,yes,My Team,Kari Goodson,kari.goodson@amexgbt.com
FTS ENG AMERICAS,CWT FTS ENG AMERICAS,17000393228,My Team,Loretta Turner,loretta.turner@amexgbt.com,member,yes_member,17004606783,Loretta Turner,yes,My Team,Kari Goodson,kari.goodson@amexgbt.com
FTS ENG AMERICAS,CWT FTS ENG AMERICAS,17000393228,My Team,Danilo Mazzolani,danilo.mazzolani@amexgbt.com,member,yes_member,17004602481,Danilo Mazzolani,yes,My Team,Kari Goodson,kari.goodson@amexgbt.com
FTS ENG AMERICAS,CWT FTS ENG AMERICAS,17000393228,My Team,Kari Goodson,kari.goodson@amexgbt.com,member,yes_member,17004603348,Kari Goodson,yes,My Team,Kari Goodson,kari.goodson@amexgbt.com
FTS ENG AMERICAS,CWT FTS ENG AMERICAS,17000393228,My Team,Patrick Pfau,patrick.pfau@amexgbt.com,member,yes_member,17004603141,Patrick Pfau,yes,My Team,Kari Goodson,kari.goodson@amexgbt.com
FTS ENG AMERICAS,CWT FTS ENG AMERICAS,17000393228,My Team,Jeremy Waldrup,jeremy.waldrup@amexgbt.com,member,yes_member,17001480938,Jeremy Waldrup,yes,My Team,Kari Goodson,kari.goodson@amexgbt.com
FTS ENG APAC,CWT FTS ENG APAC,17000392840,My Team,Eric Cabaysa,eric.cabaysa@amexgbt.com,member,yes_member,17004608410,Eric Cabaysa,yes,My Team,Frank Ho,frank.ho@amexgbt.com
FTS ENG APAC,CWT FTS ENG APAC,17000392840,My Team,Faisal Macundara,faisal.macundara@amexgbt.com,member,yes_member,17004608234,Faisal Macundara,yes,My Team,Frank Ho,frank.ho@amexgbt.com
FTS ENG APAC,CWT FTS ENG APAC,17000392840,My Team,Chad Xin,cxin@mycwt.com,agent_not_found,no,,,,,Frank Ho,frank.ho@amexgbt.com
FTS ENG APAC,CWT FTS ENG APAC,17000392840,My Team,Jonathon Galea,jonathon.galea@amexgbt.com,not_in_group,no,17004606194,Jonathon Galea,yes,My Team,Frank Ho,frank.ho@amexgbt.com
FTS ENG APAC,CWT FTS ENG APAC,17000392840,My Team,Eric Poh,eric.poh@amexgbt.com,member,yes_member,17004607111,Eric Poh,yes,My Team,Frank Ho,frank.ho@amexgbt.com
FTS ENG APAC,CWT FTS ENG APAC,17000392840,My Team,Nayan Juneja,nayan.juneja@amexgbt.com,member,yes_member,17002990495,Nayan Juneja,yes,My Team,Frank Ho,frank.ho@amexgbt.com
FTS ENG APAC,CWT FTS ENG APAC,17000392840,My Team,Fei He,fhe@mycwt.com,agent_not_found,no,,,,,Frank Ho,frank.ho@amexgbt.com
FTS ENG APAC,CWT FTS ENG APAC,17000392840,My Team,Muhammad Afan Ghaffar,muhammadafan.ghaffar@amexgbt.com,member,yes_member,17004602556,Muhammad Afan Ghaffar,yes,My Team,Frank Ho,frank.ho@amexgbt.com
FTS ENG APAC,CWT FTS ENG APAC,17000392840,My Team,Sani Singh,sani.singh@amexgbt.com,member,yes_member,17004603925,Sani Singh,yes,My Team,Frank Ho,frank.ho@amexgbt.com
FTS ENG APAC,CWT FTS ENG APAC,17000392840,My Team,Duke Balakrishnan,duke.balakrishnan@amexgbt.com,member,yes_member,17004605081,Duke Balakrishnan,yes,My Team,Frank Ho,frank.ho@amexgbt.com
FTS ENG APAC,CWT FTS ENG APAC,17000392840,My Team,Narendra Kondekar,narendra.kondekar@amexgbt.com,member,yes_member,17004604753,Narendra Kondekar,yes,My Team,Frank Ho,frank.ho@amexgbt.com
FTS ENG APAC,CWT FTS ENG APAC,17000392840,My Team,Frank Ho,frank.ho@amexgbt.com,member,yes_member,17004607099,Frank Ho,yes,My Team,Frank Ho,frank.ho@amexgbt.com
FTS ENG EMEA,CWT FTS ENG EMEA,17000392841,My Team,Jean-Christophe Biagui,jeanchristophe.biagui@amexgbt.com,member,yes_member,17001480935,Jean-Christophe Biagui,yes,My Team,Nayan Juneja,Nayan.Juneja@amexgbt.com
FTS ENG EMEA,CWT FTS ENG EMEA,17000392841,My Team,Thiru Kanes,thiru.kanes@amexgbt.com,member,yes_member,17001528476,Thiru Kanes,yes,My Team,Nayan Juneja,Nayan.Juneja@amexgbt.com
FTS ENG EMEA,CWT FTS ENG EMEA,17000392841,My Team,Benjamin Scholts,benjamin.scholts@amexgbt.com,member,yes_member,17004610868,Benjamin Scholts,yes,My Team,Nayan Juneja,Nayan.Juneja@amexgbt.com
FTS ENG EMEA,CWT FTS ENG EMEA,17000392841,My Team,Issa Ibrahim,issa.ibrahim@amexgbt.com,member,yes_member,17004601286,Issa Ibrahim,yes,My Team,Nayan Juneja,Nayan.Juneja@amexgbt.com
FTS ENG EMEA,CWT FTS ENG EMEA,17000392841,My Team,Oronzo Spada,oronzo.spada@amexgbt.com,member,yes_member,17004607843,Oronzo Spada,yes,My Team,Nayan Juneja,Nayan.Juneja@amexgbt.com
FTS ENG EMEA,CWT FTS ENG EMEA,17000392841,My Team,Damian Zajączkowski,damian.zajaczkowski@amexgbt.com,member,yes_member,17004601382,Damian Zajączkowski,yes,My Team,Nayan Juneja,Nayan.Juneja@amexgbt.com
FTS ENG EMEA,CWT FTS ENG EMEA,17000392841,My Team,Moustaf Abdel Latif,moustaf.abdellatif@amexgbt.com,member,yes_member,17004606572,Moustaf Abdel Latif,yes,My Team,Nayan Juneja,Nayan.Juneja@amexgbt.com
FTS ENG EMEA,CWT FTS ENG EMEA,17000392841,My Team,Xavier Viallon,xavier.viallon@amexgbt.com,member,yes_member,17001480996,Xav Viallon,yes,My Team,Nayan Juneja,Nayan.Juneja@amexgbt.com
FTS ENG EMEA,CWT FTS ENG EMEA,17000392841,My Team,Jörg Schumacher,jschumacher@mycwt.com,agent_not_found,no,,,,,Nayan Juneja,Nayan.Juneja@amexgbt.com
FTS ENG EMEA,CWT FTS ENG EMEA,17000392841,My Team,Marcus Björkgren,marcus.bjoerkgren@amexgbt.com,member,yes_member,17004608796,Marcus Björkgren,yes,My Team,Nayan Juneja,Nayan.Juneja@amexgbt.com
FTS ENG EMEA,CWT FTS ENG EMEA,17000392841,My Team,Artur Hatsaturjan,artur.hatsaturjan@amexgbt.com,member,yes_member,17004604581,Artur Hatsaturjan,yes,My Team,Nayan Juneja,Nayan.Juneja@amexgbt.com
FTS ENG EMEA,CWT FTS ENG EMEA,17000392841,My Team,Juergen Bachheibl,jbachheibl@cwtsato.com,agent_not_found,no,,,,,Nayan Juneja,Nayan.Juneja@amexgbt.com
FTS ENG EMEA,CWT FTS ENG EMEA,17000392841,My Team,Hector Moreno Alonso,hector.moreno@amexgbt.com,member,yes_member,17004601868,Hector Moreno Alonso,yes,My Team,Nayan Juneja,Nayan.Juneja@amexgbt.com
FTS ENG EMEA,CWT FTS ENG EMEA,17000392841,My Team,Antonia Adarve Torres,toni.adarve@amexgbt.com,member,yes_member,17004601652,Antonia Adarve Torres,yes,My Team,Nayan Juneja,Nayan.Juneja@amexgbt.com
FTS ENG EMEA,CWT FTS ENG EMEA,17000392841,My Team,Monika Raczkowska,monika.raczkowska@amexgbt.com,member,yes_member,17004601317,Monika Raczkowska,yes,My Team,Nayan Juneja,Nayan.Juneja@amexgbt.com
FTS ENG EMEA,CWT FTS ENG EMEA,17000392841,My Team,Shalom Vogel,shalom.vogel@amexgbt.com,member,yes_member,17004606674,Shalom Vogel,yes,My Team,Nayan Juneja,Nayan.Juneja@amexgbt.com
FTS ENG EMEA,CWT FTS ENG EMEA,17000392841,My Team,James Crosby,james.crosby@amexgbt.com,member,yes_member,17004605773,James Crosby,yes,My Team,Nayan Juneja,Nayan.Juneja@amexgbt.com
FTS ENG EMEA,CWT FTS ENG EMEA,17000392841,My Team,Guylaine Darcia Binet,darcia.binet@amexgbt.com,member,yes_member,17001521589,Guylaine Darcia BINET,yes,My Team,Nayan Juneja,Nayan.Juneja@amexgbt.com
FTS ENG EMEA,CWT FTS ENG EMEA,17000392841,My Team,Roberto Paolucci,roberto.paolucci@amexgbt.com,member,yes_member,17004607981,Roberto Paolucci,yes,My Team,Nayan Juneja,Nayan.Juneja@amexgbt.com
FTS ENG EMEA,CWT FTS ENG EMEA,17000392841,My Team,Jean Christophe Fortin,jeanchristophe.fortin@amexgbt.com,member,yes_member,17004607599,Jean Christophe Fortin,yes,My Team,Nayan Juneja,Nayan.Juneja@amexgbt.com
FTS ENG EMEA,CWT FTS ENG EMEA,17000392841,My Team,Vincenzo Barile,vincenzo.barile@amexgbt.com,member,yes_member,17004608141,Vincenzo Barile,yes,My Team,Nayan Juneja,Nayan.Juneja@amexgbt.com
FTS ENG EMEA,CWT FTS ENG EMEA,17000392841,My Team,Nayan Juneja,nayan.juneja@amexgbt.com,member,yes_member,17002990495,Nayan Juneja,yes,My Team,Nayan Juneja,Nayan.Juneja@amexgbt.com
FTS ENG EMEA,CWT FTS ENG EMEA,17000392841,My Team,Marvin Miath,marvin.miath@amexgbt.com,member,yes_member,17002464761,Marvin Miath,yes,My Team,Nayan Juneja,Nayan.Juneja@amexgbt.com
FTS ENG EMEA,CWT FTS ENG EMEA,17000392841,My Team,Michael Gad El Sayed,michael.gadelsayed@amexgbt.com,member,yes_member,17004606638,Michael Gad El Sayed,yes,My Team,Nayan Juneja,Nayan.Juneja@amexgbt.com
FTS ENG EMEA,CWT FTS ENG EMEA,17000392841,My Team,Antoine Cabuy,antoine.cabuy@amexgbt.com,member,yes_member,17004606227,Antoine Cabuy,yes,My Team,Nayan Juneja,Nayan.Juneja@amexgbt.com
FTS ENG EMEA,CWT FTS ENG EMEA,17000392841,My Team,Aliou Diouf,aliou.diouf@amexgbt.com,member,yes_member,17002464358,Aliou Diouf,yes,My Team,Nayan Juneja,Nayan.Juneja@amexgbt.com
FTS ENG EMEA,CWT FTS ENG EMEA,17000392841,My Team,Gerguis Fraz,gerguis.fraz@amexgbt.com,member,yes_member,17004606583,Gerguis Fraz,yes,My Team,Nayan Juneja,Nayan.Juneja@amexgbt.com
FTS ENG EMEA,CWT FTS ENG EMEA,17000392841,My Team,Miroslav Jirku,miroslav.jirku@amexgbt.com,member,yes_member,17004602161,Miroslav Jirku,yes,My Team,Nayan Juneja,Nayan.Juneja@amexgbt.com
FTS ESP EMEA,CWT FTS ESP EMEA,17000393254,My Team,Antonia Adarve Torres,toni.adarve@amexgbt.com,member,yes_member,17004601652,Antonia Adarve Torres,yes,My Team,Antonia Adarve Torres,toni.adarve@amexgbt.com
FTS ESP EMEA,CWT FTS ESP EMEA,17000393254,My Team,Hector Moreno Alonso,hector.moreno@amexgbt.com,member,yes_member,17004601868,Hector Moreno Alonso,yes,My Team,Antonia Adarve Torres,toni.adarve@amexgbt.com
FTS ESP EMEA,CWT FTS ESP EMEA,17000393254,My Team,Nayan Juneja,nayan.juneja@amexgbt.com,member,yes_member,17002990495,Nayan Juneja,yes,My Team,Antonia Adarve Torres,toni.adarve@amexgbt.com
FTS ESP/POR LATAM,CWT FTS ESP/POR LATAM,17000392838,My Team,Juan Gonzalez,gabriel.gonzalez@amexgbt.com,member,yes_member,17004606982,Gabriel Gonzalez,yes,My Team,Danilo Mazzolani,danilo.mazzolani@amexgbt.com
FTS ESP/POR LATAM,CWT FTS ESP/POR LATAM,17000392838,My Team,João Paulo Laranjeira,jlaranjeira@mycwt.com,agent_not_found,no,,,,,Danilo Mazzolani,danilo.mazzolani@amexgbt.com
FTS ESP/POR LATAM,CWT FTS ESP/POR LATAM,17000392838,My Team,Danilo Mazzolani,danilo.mazzolani@amexgbt.com,member,yes_member,17004602481,Danilo Mazzolani,yes,My Team,Danilo Mazzolani,danilo.mazzolani@amexgbt.com
FTS ESP/POR LATAM,CWT FTS ESP/POR LATAM,17000392838,My Team,Luis Espinoza,luis.espinoza1@amexgbt.com,member,yes_member,17004602213,Luis Espinoza,yes,My Team,Danilo Mazzolani,danilo.mazzolani@amexgbt.com
FTS ESP/POR LATAM,CWT FTS ESP/POR LATAM,17000392838,My Team,Kari Goodson,kari.goodson@amexgbt.com,member,yes_member,17004603348,Kari Goodson,yes,My Team,Danilo Mazzolani,danilo.mazzolani@amexgbt.com
FTS ESP/POR LATAM,CWT FTS ESP/POR LATAM,17000392838,My Team,Esteban Tapia,esteban.tapia@amexgbt.com,member,yes_member,17004607004,Esteban Tapia,yes,My Team,Danilo Mazzolani,danilo.mazzolani@amexgbt.com
FTS ESP/POR LATAM,CWT FTS ESP/POR LATAM,17000392838,My Team,Jodi Jackson,jodi.jackson@amexgbt.com,member,yes_member,17004606796,Jodi Jackson,yes,My Team,Danilo Mazzolani,danilo.mazzolani@amexgbt.com
FTS ESP/POR LATAM,CWT FTS ESP/POR LATAM,17000392838,My Team,Kevin Vega,kevin.vega@amexgbt.com,agent_not_found,no,,,,,Danilo Mazzolani,danilo.mazzolani@amexgbt.com
FTS ESP/POR LATAM,CWT FTS ESP/POR LATAM,17000392838,My Team,Toygo Silva,tsilva@mycwt.com,agent_not_found,no,,,,,Danilo Mazzolani,danilo.mazzolani@amexgbt.com
FTS ESP/POR LATAM,CWT FTS ESP/POR LATAM,17000392838,My Team,Cosme Farias,cfarias@mycwt.com,agent_not_found,no,,,,,Danilo Mazzolani,danilo.mazzolani@amexgbt.com
FTS ESP/POR LATAM,CWT FTS ESP/POR LATAM,17000392838,My Team,Daniela Bernal,dbernal@mycwt.com,agent_not_found,no,,,,,Danilo Mazzolani,danilo.mazzolani@amexgbt.com
FTS ESP/POR LATAM,CWT FTS ESP/POR LATAM,17000392838,My Team,Kevin Weiss,kevin.weiss@amexgbt.com,member,yes_member,17004603328,Kevin Weiss,yes,My Team,Danilo Mazzolani,danilo.mazzolani@amexgbt.com
FTS ESP/POR LATAM,CWT FTS ESP/POR LATAM,17000392838,My Team,Kevin Santiago Pinilla,kevinsantiago.pinilla@amexgbt.com,member,yes_member,17004903029,Kevin Santiago Pinilla,yes,My Team,Danilo Mazzolani,danilo.mazzolani@amexgbt.com
FTS ESP/POR LATAM,CWT FTS ESP/POR LATAM,17000392838,My Team,Viviana Parra,vparra@mycwt.com,agent_not_found,no,,,,,Danilo Mazzolani,danilo.mazzolani@amexgbt.com
FTS ESP/POR LATAM,CWT FTS ESP/POR LATAM,17000392838,My Team,Carlos Hernandez,carlos.hernandez2@amexgbt.com,member,yes_member,17004606356,Carlos Hernandez,yes,My Team,Danilo Mazzolani,danilo.mazzolani@amexgbt.com
FTS ESP/POR LATAM CHAT,CWT FTS ESP/POR LATAM CHAT,17000393246,My Team,Laarni Ricafort,laarni.ricafort@amexgbt.com,member,yes_member,17004608658,Laarni Ricafort,yes,My Team,Danilo Mazzolani,danilo.mazzolani@amexgbt.com
FTS ESP/POR LATAM CHAT,CWT FTS ESP/POR LATAM CHAT,17000393246,My Team,Kevin Vega,kevin.vega@amexgbt.com,agent_not_found,no,,,,,Danilo Mazzolani,danilo.mazzolani@amexgbt.com
FTS ESP/POR LATAM CHAT,CWT FTS ESP/POR LATAM CHAT,17000393246,My Team,Alexter John Tupaz,alexterjohn.tupaz@amexgbt.com,member,yes_member,17004608550,Alexter John Tupaz,yes,My Team,Danilo Mazzolani,danilo.mazzolani@amexgbt.com
FTS ESP/POR LATAM CHAT,CWT FTS ESP/POR LATAM CHAT,17000393246,My Team,Mark Anthony Tequin,markanthony.tequin@amexgbt.com,member,yes_member,17004608225,Mark Anthony Tequin,yes,My Team,Danilo Mazzolani,danilo.mazzolani@amexgbt.com
FTS ESP/POR LATAM CHAT,CWT FTS ESP/POR LATAM CHAT,17000393246,My Team,Ronaldo Quiambao,ronaldo.quiambao@amexgbt.com,member,yes_member,17004608657,Ronaldo Quiambao,yes,My Team,Danilo Mazzolani,danilo.mazzolani@amexgbt.com
FTS ESP/POR LATAM CHAT,CWT FTS ESP/POR LATAM CHAT,17000393246,My Team,Jeanne Risha Aldave,jeannerisha.aldave@amexgbt.com,member,yes_member,17004608674,Jeanne Risha Aldave,yes,My Team,Danilo Mazzolani,danilo.mazzolani@amexgbt.com
FTS ESP/POR LATAM CHAT,CWT FTS ESP/POR LATAM CHAT,17000393246,My Team,Melanie Tapoc,melanie.tapoc@amexgbt.com,member,yes_member,17004608663,Melanie Tapoc,yes,My Team,Danilo Mazzolani,danilo.mazzolani@amexgbt.com
FTS ESP/POR LATAM CHAT,CWT FTS ESP/POR LATAM CHAT,17000393246,My Team,Sandro Palisoc,sandro.palisoc@amexgbt.com,member,yes_member,17004608654,Sandro Palisoc,yes,My Team,Danilo Mazzolani,danilo.mazzolani@amexgbt.com
FTS ESP/POR LATAM CHAT,CWT FTS ESP/POR LATAM CHAT,17000393246,My Team,Jacky Boy Pangandaman,jackyboy.pangandaman@amexgbt.com,member,yes_member,17004608397,Jacky Boy Pangandaman,yes,My Team,Danilo Mazzolani,danilo.mazzolani@amexgbt.com
FTS ESP/POR LATAM CHAT,CWT FTS ESP/POR LATAM CHAT,17000393246,My Team,Kari Goodson,kari.goodson@amexgbt.com,member,yes_member,17004603348,Kari Goodson,yes,My Team,Danilo Mazzolani,danilo.mazzolani@amexgbt.com
FTS ESP/POR LATAM CHAT,CWT FTS ESP/POR LATAM CHAT,17000393246,My Team,Andrew James Lagrana,andrewjames.lagrana@amexgbt.com,member,yes_member,17004608646,Andrew James Lagrana,yes,My Team,Danilo Mazzolani,danilo.mazzolani@amexgbt.com
FTS ESP/POR LATAM CHAT,CWT FTS ESP/POR LATAM CHAT,17000393246,My Team,Bryan Beltran,bryan.beltran@amexgbt.com,member,yes_member,17004608679,Bryan Beltran,yes,My Team,Danilo Mazzolani,danilo.mazzolani@amexgbt.com
FTS ESP/POR LATAM CHAT,CWT FTS ESP/POR LATAM CHAT,17000393246,My Team,Perseus Tanada,perseus.tanada@amexgbt.com,member,yes_member,17004608662,Perseus Tanada,yes,My Team,Danilo Mazzolani,danilo.mazzolani@amexgbt.com
FTS ESP/POR LATAM CHAT,CWT FTS ESP/POR LATAM CHAT,17000393246,My Team,João Paulo Laranjeira,jlaranjeira@mycwt.com,agent_not_found,no,,,,,Danilo Mazzolani,danilo.mazzolani@amexgbt.com
FTS ESP/POR LATAM CHAT,CWT FTS ESP/POR LATAM CHAT,17000393246,My Team,Esteban Tapia,esteban.tapia@amexgbt.com,member,yes_member,17004607004,Esteban Tapia,yes,My Team,Danilo Mazzolani,danilo.mazzolani@amexgbt.com
FTS ESP/POR LATAM CHAT,CWT FTS ESP/POR LATAM CHAT,17000393246,My Team,Aman Handuja,aman.handuja@amexgbt.com,agent_not_found,no,,,,,Danilo Mazzolani,danilo.mazzolani@amexgbt.com
FTS ESP/POR LATAM CHAT,CWT FTS ESP/POR LATAM CHAT,17000393246,My Team,Jomarie Fabros,jomarie.fabros@amexgbt.com,member,yes_member,17004608689,Jomarie Fabros,yes,My Team,Danilo Mazzolani,danilo.mazzolani@amexgbt.com
FTS ESP/POR LATAM CHAT,CWT FTS ESP/POR LATAM CHAT,17000393246,My Team,Carlos Hernandez,carlos.hernandez2@amexgbt.com,member,yes_member,17004606356,Carlos Hernandez,yes,My Team,Danilo Mazzolani,danilo.mazzolani@amexgbt.com
FTS ESP/POR LATAM CHAT,CWT FTS ESP/POR LATAM CHAT,17000393246,My Team,Luis Espinoza,luis.espinoza1@amexgbt.com,member,yes_member,17004602213,Luis Espinoza,yes,My Team,Danilo Mazzolani,danilo.mazzolani@amexgbt.com
FTS ESP/POR LATAM CHAT,CWT FTS ESP/POR LATAM CHAT,17000393246,My Team,Cosme Farias,cfarias@mycwt.com,agent_not_found,no,,,,,Danilo Mazzolani,danilo.mazzolani@amexgbt.com
FTS ESP/POR LATAM CHAT,CWT FTS ESP/POR LATAM CHAT,17000393246,My Team,Toygo Silva,tsilva@mycwt.com,agent_not_found,no,,,,,Danilo Mazzolani,danilo.mazzolani@amexgbt.com
FTS ESP/POR LATAM CHAT,CWT FTS ESP/POR LATAM CHAT,17000393246,My Team,Danilo Mazzolani,danilo.mazzolani@amexgbt.com,member,yes_member,17004602481,Danilo Mazzolani,yes,My Team,Danilo Mazzolani,danilo.mazzolani@amexgbt.com
FTS ESP/POR LATAM CHAT,CWT FTS ESP/POR LATAM CHAT,17000393246,My Team,Renz Almer Tolosa,renzalmer.tolosa@amexgbt.com,member,yes_member,17004608212,Renz Almer Tolosa,yes,My Team,Danilo Mazzolani,danilo.mazzolani@amexgbt.com
FTS ESP/POR LATAM CHAT,CWT FTS ESP/POR LATAM CHAT,17000393246,My Team,Ernielyn Villanueva,ernielyn.villanueva@amexgbt.com,member,yes_member,17004608420,Ernielyn Villanueva,yes,My Team,Danilo Mazzolani,danilo.mazzolani@amexgbt.com
FTS ESP/POR LATAM CHAT,CWT FTS ESP/POR LATAM CHAT,17000393246,My Team,Jose Paolo Madrazo,josepaolo.madrazo@amexgbt.com,member,yes_member,17004608215,Jose Paolo Madrazo,yes,My Team,Danilo Mazzolani,danilo.mazzolani@amexgbt.com
FTS ESP/POR LATAM CHAT,CWT FTS ESP/POR LATAM CHAT,17000393246,My Team,Erna Samonte,erna.samonte@amexgbt.com,member,yes_member,17004608463,Erna Samonte,yes,My Team,Danilo Mazzolani,danilo.mazzolani@amexgbt.com
FTS ESP/POR LATAM CHAT,CWT FTS ESP/POR LATAM CHAT,17000393246,My Team,Jason De Jesus,jason.dejesus@amexgbt.com,member,yes_member,17004608776,Jason De Jesus,yes,My Team,Danilo Mazzolani,danilo.mazzolani@amexgbt.com
FTS ESP/POR LATAM CHAT,CWT FTS ESP/POR LATAM CHAT,17000393246,My Team,Limuel Gallego,limuel.gallego@amexgbt.com,member,yes_member,17004608691,Limuel Gallego,yes,My Team,Danilo Mazzolani,danilo.mazzolani@amexgbt.com
FTS FRA EMEA,CWT FTS FRA EMEA,17000393247,My Team,Benjamin Scholts,benjamin.scholts@amexgbt.com,member,yes_member,17004610868,Benjamin Scholts,yes,My Team,Nayan Juneja,Nayan.Juneja@amexgbt.com
FTS FRA EMEA,CWT FTS FRA EMEA,17000393247,My Team,Jean Christophe Fortin,jeanchristophe.fortin@amexgbt.com,member,yes_member,17004607599,Jean Christophe Fortin,yes,My Team,Nayan Juneja,Nayan.Juneja@amexgbt.com
FTS FRA EMEA,CWT FTS FRA EMEA,17000393247,My Team,Nayan Juneja,nayan.juneja@amexgbt.com,member,yes_member,17002990495,Nayan Juneja,yes,My Team,Nayan Juneja,Nayan.Juneja@amexgbt.com
FTS FRA EMEA,CWT FTS FRA EMEA,17000393247,My Team,Issa Ibrahim,issa.ibrahim@amexgbt.com,member,yes_member,17004601286,Issa Ibrahim,yes,My Team,Nayan Juneja,Nayan.Juneja@amexgbt.com
FTS FRA EMEA,CWT FTS FRA EMEA,17000393247,My Team,Thiru Kanes,thiru.kanes@amexgbt.com,member,yes_member,17001528476,Thiru Kanes,yes,My Team,Nayan Juneja,Nayan.Juneja@amexgbt.com
FTS FRA EMEA,CWT FTS FRA EMEA,17000393247,My Team,Guylaine Darcia Binet,darcia.binet@amexgbt.com,member,yes_member,17001521589,Guylaine Darcia BINET,yes,My Team,Nayan Juneja,Nayan.Juneja@amexgbt.com
FTS FRA EMEA,CWT FTS FRA EMEA,17000393247,My Team,Xavier Viallon,xavier.viallon@amexgbt.com,member,yes_member,17001480996,Xav Viallon,yes,My Team,Nayan Juneja,Nayan.Juneja@amexgbt.com
FTS FRA EMEA,CWT FTS FRA EMEA,17000393247,My Team,Marvin Miath,marvin.miath@amexgbt.com,member,yes_member,17002464761,Marvin Miath,yes,My Team,Nayan Juneja,Nayan.Juneja@amexgbt.com
FTS FRA EMEA,CWT FTS FRA EMEA,17000393247,My Team,Jean-Christophe Biagui,jeanchristophe.biagui@amexgbt.com,member,yes_member,17001480935,Jean-Christophe Biagui,yes,My Team,Nayan Juneja,Nayan.Juneja@amexgbt.com
FTS FRA EMEA,CWT FTS FRA EMEA,17000393247,My Team,Antoine Cabuy,antoine.cabuy@amexgbt.com,member,yes_member,17004606227,Antoine Cabuy,yes,My Team,Nayan Juneja,Nayan.Juneja@amexgbt.com
FTS FRA EMEA,CWT FTS FRA EMEA,17000393247,My Team,Aliou Diouf,aliou.diouf@amexgbt.com,member,yes_member,17002464358,Aliou Diouf,yes,My Team,Nayan Juneja,Nayan.Juneja@amexgbt.com
FTS ID Retrieval,CWT FTS ID Retrieval,17000393047,My Team,Eric Poh,eric.poh@amexgbt.com,member,yes_member,17004607111,Eric Poh,yes,My Team,Frank Ho,frank.ho@amexgbt.com
FTS ID Retrieval,CWT FTS ID Retrieval,17000393047,My Team,Jonathon Galea,jonathon.galea@amexgbt.com,member,yes_member,17004606194,Jonathon Galea,yes,My Team,Frank Ho,frank.ho@amexgbt.com
FTS ID Retrieval,CWT FTS ID Retrieval,17000393047,My Team,Narendra Kondekar,narendra.kondekar@amexgbt.com,member,yes_member,17004604753,Narendra Kondekar,yes,My Team,Frank Ho,frank.ho@amexgbt.com
FTS ID Retrieval,CWT FTS ID Retrieval,17000393047,My Team,Muhammad Afan Ghaffar,muhammadafan.ghaffar@amexgbt.com,member,yes_member,17004602556,Muhammad Afan Ghaffar,yes,My Team,Frank Ho,frank.ho@amexgbt.com
FTS IN Retrieval,CWT FTS IN Retrieval,17000393048,My Team,Narendra Kondekar,narendra.kondekar@amexgbt.com,member,yes_member,17004604753,Narendra Kondekar,yes,My Team,Frank Ho,frank.ho@amexgbt.com
FTS IN Retrieval,CWT FTS IN Retrieval,17000393048,My Team,Duke Balakrishnan,duke.balakrishnan@amexgbt.com,member,yes_member,17004605081,Duke Balakrishnan,yes,My Team,Frank Ho,frank.ho@amexgbt.com
FTS IN Retrieval,CWT FTS IN Retrieval,17000393048,My Team,Sani Singh,sani.singh@amexgbt.com,member,yes_member,17004603925,Sani Singh,yes,My Team,Frank Ho,frank.ho@amexgbt.com
FTS ITA EMEA,CWT FTS ITA EMEA,17000393248,My Team,Nayan Juneja,nayan.juneja@amexgbt.com,member,yes_member,17002990495,Nayan Juneja,yes,My Team,Roberto Paolucci,roberto.paolucci@amexgbt.com
FTS ITA EMEA,CWT FTS ITA EMEA,17000393248,My Team,Vincenzo Barile,vincenzo.barile@amexgbt.com,member,yes_member,17004608141,Vincenzo Barile,yes,My Team,Roberto Paolucci,roberto.paolucci@amexgbt.com
FTS ITA EMEA,CWT FTS ITA EMEA,17000393248,My Team,Roberto Paolucci,roberto.paolucci@amexgbt.com,member,yes_member,17004607981,Roberto Paolucci,yes,My Team,Roberto Paolucci,roberto.paolucci@amexgbt.com
FTS ITA EMEA,CWT FTS ITA EMEA,17000393248,My Team,Oronzo Spada,oronzo.spada@amexgbt.com,member,yes_member,17004607843,Oronzo Spada,yes,My Team,Roberto Paolucci,roberto.paolucci@amexgbt.com
FTS MX Retrieval,CWT FTS MX Retrieval,17000393049,My Team,Kevin Vega,kevin.vega@amexgbt.com,agent_not_found,no,,,,,Kari Goodson,kari.goodson@amexgbt.com
FTS PE Retrieval,CWT FTS PE Retrieval,17000393050,My Team,Luis Espinoza,luis.espinoza1@amexgbt.com,member,yes_member,17004602213,Luis Espinoza,yes,My Team,Danilo Mazzolani,danilo.mazzolani@amexgbt.com
FTS PH Retrieval,CWT FTS PH Retrieval,17000393229,My Team,Faisal Macundara,faisal.macundara@amexgbt.com,member,yes_member,17004608234,Faisal Macundara,yes,My Team,Frank Ho,frank.ho@amexgbt.com
FTS PH Retrieval,CWT FTS PH Retrieval,17000393229,My Team,Frank Ho,frank.ho@amexgbt.com,member,yes_member,17004607099,Frank Ho,yes,My Team,Frank Ho,frank.ho@amexgbt.com
FTS PH Retrieval,CWT FTS PH Retrieval,17000393229,My Team,Nayan Juneja,nayan.juneja@amexgbt.com,member,yes_member,17002990495,Nayan Juneja,yes,My Team,Frank Ho,frank.ho@amexgbt.com
FTS PH Retrieval,CWT FTS PH Retrieval,17000393229,My Team,Eric Cabaysa,eric.cabaysa@amexgbt.com,member,yes_member,17004608410,Eric Cabaysa,yes,My Team,Frank Ho,frank.ho@amexgbt.com
FTS PH Retrieval,CWT FTS PH Retrieval,17000393229,My Team,Sani Singh,sani.singh@amexgbt.com,member,yes_member,17004603925,Sani Singh,yes,My Team,Frank Ho,frank.ho@amexgbt.com
FTS PH Retrieval,CWT FTS PH Retrieval,17000393229,My Team,Eric Poh,eric.poh@amexgbt.com,member,yes_member,17004607111,Eric Poh,yes,My Team,Frank Ho,frank.ho@amexgbt.com
FTS SG Retrieval,CWT FTS SG Retrieval,17000393249,My Team,Muhammad Afan Ghaffar,muhammadafan.ghaffar@amexgbt.com,member,yes_member,17004602556,Muhammad Afan Ghaffar,yes,My Team,Frank Ho,frank.ho@amexgbt.com
FTS SG Retrieval,CWT FTS SG Retrieval,17000393249,My Team,Jonathon Galea,jonathon.galea@amexgbt.com,member,yes_member,17004606194,Jonathon Galea,yes,My Team,Frank Ho,frank.ho@amexgbt.com
FTS SG Retrieval,CWT FTS SG Retrieval,17000393249,My Team,Nayan Juneja,nayan.juneja@amexgbt.com,member,yes_member,17002990495,Nayan Juneja,yes,My Team,Frank Ho,frank.ho@amexgbt.com
FTS SG Retrieval,CWT FTS SG Retrieval,17000393249,My Team,Narendra Kondekar,narendra.kondekar@amexgbt.com,member,yes_member,17004604753,Narendra Kondekar,yes,My Team,Frank Ho,frank.ho@amexgbt.com
FTS SG Retrieval,CWT FTS SG Retrieval,17000393249,My Team,Eric Poh,eric.poh@amexgbt.com,member,yes_member,17004607111,Eric Poh,yes,My Team,Frank Ho,frank.ho@amexgbt.com
FTS SG Retrieval,CWT FTS SG Retrieval,17000393249,My Team,Frank Ho,frank.ho@amexgbt.com,member,yes_member,17004607099,Frank Ho,yes,My Team,Frank Ho,frank.ho@amexgbt.com
FTS TH Retrieval,CWT FTS TH Retrieval,17000393250,My Team,Nayan Juneja,nayan.juneja@amexgbt.com,member,yes_member,17002990495,Nayan Juneja,yes,My Team,Frank Ho,frank.ho@amexgbt.com
FTS TH Retrieval,CWT FTS TH Retrieval,17000393250,My Team,Muhammad Afan Ghaffar,muhammadafan.ghaffar@amexgbt.com,member,yes_member,17004602556,Muhammad Afan Ghaffar,yes,My Team,Frank Ho,frank.ho@amexgbt.com
FTS TH Retrieval,CWT FTS TH Retrieval,17000393250,My Team,Eric Poh,eric.poh@amexgbt.com,member,yes_member,17004607111,Eric Poh,yes,My Team,Frank Ho,frank.ho@amexgbt.com
FTS TH Retrieval,CWT FTS TH Retrieval,17000393250,My Team,Narendra Kondekar,narendra.kondekar@amexgbt.com,member,yes_member,17004604753,Narendra Kondekar,yes,My Team,Frank Ho,frank.ho@amexgbt.com
FTS TH Retrieval,CWT FTS TH Retrieval,17000393250,My Team,Duke Balakrishnan,duke.balakrishnan@amexgbt.com,member,yes_member,17004605081,Duke Balakrishnan,yes,My Team,Frank Ho,frank.ho@amexgbt.com
FTS TH Retrieval,CWT FTS TH Retrieval,17000393250,My Team,Jonathon Galea,jonathon.galea@amexgbt.com,member,yes_member,17004606194,Jonathon Galea,yes,My Team,Frank Ho,frank.ho@amexgbt.com
GCS L1 CXP Global,CWT GCS L1 CXP Global,17000392839,My Team,Luis Nogueira,luis.nogueira@amexgbt.com,member,yes_member,17004602484,Luis Nogueira,yes,My Team,Dawid Buras,dawid.buras@amexgbt.com
GCS L1 CXP Global,CWT GCS L1 CXP Global,17000392839,My Team,Rafal Sroka,rafal.sroka@amexgbt.com,member,yes_member,17004601194,Rafal Sroka,yes,My Team,Dawid Buras,dawid.buras@amexgbt.com
GCS L1 CXP Global,CWT GCS L1 CXP Global,17000392839,My Team,Juan Jose Candel Nacarino,juanjo.candel@amexgbt.com,member,yes_member,17004601777,Juan Jose Candel Nacarino,yes,My Team,Dawid Buras,dawid.buras@amexgbt.com
GCS L1 CXP Global,CWT GCS L1 CXP Global,17000392839,My Team,Marcin Fortuna,marcin.fortuna@amexgbt.com,member,yes_member,17004601166,Marcin Fortuna,yes,My Team,Dawid Buras,dawid.buras@amexgbt.com
GCS L1 CXP Global,CWT GCS L1 CXP Global,17000392839,My Team,Alejandro Carrasco,alejandro.carrasco@amexgbt.com,member,yes_member,17004606369,Alejandro Carrasco,yes,My Team,Dawid Buras,dawid.buras@amexgbt.com
GCS L1 CXP Global,CWT GCS L1 CXP Global,17000392839,My Team,Barbara Bąk,barbara.bak@amexgbt.com,member,yes_member,17004606694,Barbara Bąk,yes,My Team,Dawid Buras,dawid.buras@amexgbt.com
GCS L1 CXP Global,CWT GCS L1 CXP Global,17000392839,My Team,Mariana Dorodnia,mariana.dorodnia@amexgbt.com,member,yes_member,17004601314,Mariana Dorodnia,yes,My Team,Dawid Buras,dawid.buras@amexgbt.com
GCS L1 CXP Global,CWT GCS L1 CXP Global,17000392839,My Team,Ulyana Sydorkevych,ulyana.sydorkevych@amexgbt.com,member,yes_member,17004601321,Ulyana Sydorkevych,yes,My Team,Dawid Buras,dawid.buras@amexgbt.com
GCS L2 CXP GLOBAL,CWT GCS L2 CXP GLOBAL,17000393472,My Team,Alejandro Carrasco,alejandro.carrasco@amexgbt.com,member,yes_member,17004606369,Alejandro Carrasco,yes,My Team,Dawid Buras,dawid.buras@amexgbt.com
GCS L2 CXP GLOBAL,CWT GCS L2 CXP GLOBAL,17000393472,My Team,Rafal Sroka,rafal.sroka@amexgbt.com,member,yes_member,17004601194,Rafal Sroka,yes,My Team,Dawid Buras,dawid.buras@amexgbt.com
GCS L2 CXP GLOBAL,CWT GCS L2 CXP GLOBAL,17000393472,My Team,Dawid Buras,dawid.buras@amexgbt.com,member,yes_member,17004601191,Dawid Buras,yes,My Team,Dawid Buras,dawid.buras@amexgbt.com
GCS L2 CXP GLOBAL,CWT GCS L2 CXP GLOBAL,17000393472,My Team,Ulyana Sydorkevych,ulyana.sydorkevych@amexgbt.com,member,yes_member,17004601321,Ulyana Sydorkevych,yes,My Team,Dawid Buras,dawid.buras@amexgbt.com
GCS L2 CXP GLOBAL,CWT GCS L2 CXP GLOBAL,17000393472,My Team,Luis Nogueira,luis.nogueira@amexgbt.com,member,yes_member,17004602484,Luis Nogueira,yes,My Team,Dawid Buras,dawid.buras@amexgbt.com
GCS L2 CXP GLOBAL,CWT GCS L2 CXP GLOBAL,17000393472,My Team,Barbara Bąk,barbara.bak@amexgbt.com,member,yes_member,17004606694,Barbara Bąk,yes,My Team,Dawid Buras,dawid.buras@amexgbt.com
GCS L2 CXP GLOBAL,CWT GCS L2 CXP GLOBAL,17000393472,My Team,Mariana Dorodnia,mariana.dorodnia@amexgbt.com,member,yes_member,17004601314,Mariana Dorodnia,yes,My Team,Dawid Buras,dawid.buras@amexgbt.com
GCS L2 CXP GLOBAL,CWT GCS L2 CXP GLOBAL,17000393472,My Team,Juan Jose Candel Nacarino,juanjo.candel@amexgbt.com,member,yes_member,17004601777,Juan Jose Candel Nacarino,yes,My Team,Dawid Buras,dawid.buras@amexgbt.com
GCS L2 CXP GLOBAL,CWT GCS L2 CXP GLOBAL,17000393472,My Team,Marcin Fortuna,marcin.fortuna@amexgbt.com,member,yes_member,17004601166,Marcin Fortuna,yes,My Team,Dawid Buras,dawid.buras@amexgbt.com
GDPR SAR CWT Employee Support,CWT GDPR SAR CWT Employee Support,17000393609,My Team,Ria Grover,ria.grover@amexgbt.com,member,yes_member,17004604541,Ria Grover,yes,My Team,Rebecca Moon,becky.moon@amexgbt.com
GDPR SAR CWT Employee Support,CWT GDPR SAR CWT Employee Support,17000393609,My Team,Sumit Kumar,sumit.kumar5@amexgbt.com,agent_not_found,no,,,,,Rebecca Moon,becky.moon@amexgbt.com
GDPR SAR CWT Employee Support,CWT GDPR SAR CWT Employee Support,17000393609,My Team,Vikram Singh,vikram.singh2@amexgbt.com,member,yes_member,17004604519,Vikram Singh,yes,My Team,Rebecca Moon,becky.moon@amexgbt.com
GDPR SAR CWT Employee Support,CWT GDPR SAR CWT Employee Support,17000393609,My Team,Aklesh Kumar,aklesh.kumar@amexgbt.com,member,yes_member,17004604740,Aklesh Kumar,yes,My Team,Rebecca Moon,becky.moon@amexgbt.com
GDPR SAR CWT Employee Support,CWT GDPR SAR CWT Employee Support,17000393609,My Team,Salil Bakshi,salil.bakshi@amexgbt.com,member,yes_member,17004605140,Salil Bakshi,yes,My Team,Rebecca Moon,becky.moon@amexgbt.com
GDPR SAR CWT Employee Support,CWT GDPR SAR CWT Employee Support,17000393609,My Team,Monika Chaudhary,monika.chaudhary@amexgbt.com,member,yes_member,17004605031,Monika Chaudhary,yes,My Team,Rebecca Moon,becky.moon@amexgbt.com
GDPR SAR Global Risk Management,CWT GDPR SAR Global Risk Management,17000393610,My Team,Salil Bakshi,salil.bakshi@amexgbt.com,member,yes_member,17004605140,Salil Bakshi,yes,My Team,Salil Bakshi,salil.bakshi@amexgbt.com
GDPR SAR Global Risk Management,CWT GDPR SAR Global Risk Management,17000393610,My Team,Monika Chaudhary,monika.chaudhary@amexgbt.com,member,yes_member,17004605031,Monika Chaudhary,yes,My Team,Salil Bakshi,salil.bakshi@amexgbt.com
GDPR SAR Global Risk Management,CWT GDPR SAR Global Risk Management,17000393610,My Team,Sumit Kumar,sumit.kumar5@amexgbt.com,agent_not_found,no,,,,,Salil Bakshi,salil.bakshi@amexgbt.com
GDPR SAR Global Risk Management,CWT GDPR SAR Global Risk Management,17000393610,My Team,Aklesh Kumar,aklesh.kumar@amexgbt.com,member,yes_member,17004604740,Aklesh Kumar,yes,My Team,Salil Bakshi,salil.bakshi@amexgbt.com
GDPR SAR Global Risk Management,CWT GDPR SAR Global Risk Management,17000393610,My Team,Ria Grover,ria.grover@amexgbt.com,member,yes_member,17004604541,Ria Grover,yes,My Team,Salil Bakshi,salil.bakshi@amexgbt.com
GDPR SAR Global Risk Management,CWT GDPR SAR Global Risk Management,17000393610,My Team,Vikram Singh,vikram.singh2@amexgbt.com,member,yes_member,17004604519,Vikram Singh,yes,My Team,Salil Bakshi,salil.bakshi@amexgbt.com
GDPR SAR Human Resources ID Verification,,,,Sumit Kumar,sumit.kumar5@amexgbt.com,group_unmatched,no,,,,,Salil Bakshi,salil.bakshi@amexgbt.com
GDPR SAR Human Resources ID Verification,,,,Vikram Singh,vikram.singh2@amexgbt.com,group_unmatched,no,17004604519,Vikram Singh,yes,My Team,Salil Bakshi,salil.bakshi@amexgbt.com
GDPR SAR Human Resources ID Verification,,,,Aklesh Kumar,aklesh.kumar@amexgbt.com,group_unmatched,no,17004604740,Aklesh Kumar,yes,My Team,Salil Bakshi,salil.bakshi@amexgbt.com
GDPR SAR Human Resources ID Verification,,,,Monika Chaudhary,monika.chaudhary@amexgbt.com,group_unmatched,no,17004605031,Monika Chaudhary,yes,My Team,Salil Bakshi,salil.bakshi@amexgbt.com
GDPR SAR Human Resources ID Verification,,,,Ria Grover,ria.grover@amexgbt.com,group_unmatched,no,17004604541,Ria Grover,yes,My Team,Salil Bakshi,salil.bakshi@amexgbt.com
GDPR SAR Human Resources ID Verification,,,,Salil Bakshi,salil.bakshi@amexgbt.com,group_unmatched,no,17004605140,Salil Bakshi,yes,My Team,Salil Bakshi,salil.bakshi@amexgbt.com
GDPR SAR Legal & Compliance,CWT GDPR SAR Legal & Compliance,17000393611,My Team,Vikram Singh,vikram.singh2@amexgbt.com,member,yes_member,17004604519,Vikram Singh,yes,My Team,Salil Bakshi,salil.bakshi@amexgbt.com
GDPR SAR Legal & Compliance,CWT GDPR SAR Legal & Compliance,17000393611,My Team,Salil Bakshi,salil.bakshi@amexgbt.com,member,yes_member,17004605140,Salil Bakshi,yes,My Team,Salil Bakshi,salil.bakshi@amexgbt.com
GDPR SAR Legal & Compliance,CWT GDPR SAR Legal & Compliance,17000393611,My Team,Monika Chaudhary,monika.chaudhary@amexgbt.com,member,yes_member,17004605031,Monika Chaudhary,yes,My Team,Salil Bakshi,salil.bakshi@amexgbt.com
GDPR SAR Legal & Compliance,CWT GDPR SAR Legal & Compliance,17000393611,My Team,Sumit Kumar,sumit.kumar5@amexgbt.com,agent_not_found,no,,,,,Salil Bakshi,salil.bakshi@amexgbt.com
GDPR SAR Legal & Compliance,CWT GDPR SAR Legal & Compliance,17000393611,My Team,Aklesh Kumar,aklesh.kumar@amexgbt.com,member,yes_member,17004604740,Aklesh Kumar,yes,My Team,Salil Bakshi,salil.bakshi@amexgbt.com
GDPR SAR Legal & Compliance,CWT GDPR SAR Legal & Compliance,17000393611,My Team,Ria Grover,ria.grover@amexgbt.com,member,yes_member,17004604541,Ria Grover,yes,My Team,Salil Bakshi,salil.bakshi@amexgbt.com
GDPR SAR Meetings & Events Attendee ID Verification,CWT GDPR SAR Meetings & Events Attendee ID Verification,17000393612,My Team,Sumit Kumar,sumit.kumar5@amexgbt.com,agent_not_found,no,,,,,Salil Bakshi,salil.bakshi@amexgbt.com
GDPR SAR Meetings & Events Attendee ID Verification,CWT GDPR SAR Meetings & Events Attendee ID Verification,17000393612,My Team,Ria Grover,ria.grover@amexgbt.com,member,yes_member,17004604541,Ria Grover,yes,My Team,Salil Bakshi,salil.bakshi@amexgbt.com
GDPR SAR Meetings & Events Attendee ID Verification,CWT GDPR SAR Meetings & Events Attendee ID Verification,17000393612,My Team,Ayoub Soua,ayoub.soua@amexgbt.com,member,yes_member,17005058380,Ayoub Soua,yes,My Team,Salil Bakshi,salil.bakshi@amexgbt.com
GDPR SAR Meetings & Events Attendee ID Verification,CWT GDPR SAR Meetings & Events Attendee ID Verification,17000393612,My Team,Salil Bakshi,salil.bakshi@amexgbt.com,member,yes_member,17004605140,Salil Bakshi,yes,My Team,Salil Bakshi,salil.bakshi@amexgbt.com
GDPR SAR Meetings & Events Attendee ID Verification,CWT GDPR SAR Meetings & Events Attendee ID Verification,17000393612,My Team,Vikram Singh,vikram.singh2@amexgbt.com,member,yes_member,17004604519,Vikram Singh,yes,My Team,Salil Bakshi,salil.bakshi@amexgbt.com
GDPR SAR Meetings & Events Attendee ID Verification,CWT GDPR SAR Meetings & Events Attendee ID Verification,17000393612,My Team,Aklesh Kumar,aklesh.kumar@amexgbt.com,member,yes_member,17004604740,Aklesh Kumar,yes,My Team,Salil Bakshi,salil.bakshi@amexgbt.com
GDPR SAR Meetings & Events Attendee ID Verification,CWT GDPR SAR Meetings & Events Attendee ID Verification,17000393612,My Team,Monika Chaudhary,monika.chaudhary@amexgbt.com,member,yes_member,17004605031,Monika Chaudhary,yes,My Team,Salil Bakshi,salil.bakshi@amexgbt.com
GDPR SAR Program Management ID Verification,CWT GDPR SAR Program Management ID Verification,17000393613,My Team,Aklesh Kumar,aklesh.kumar@amexgbt.com,member,yes_member,17004604740,Aklesh Kumar,yes,My Team,Vikram Singh,vikram.singh2@amexgbt.com
GDPR SAR Program Management ID Verification,CWT GDPR SAR Program Management ID Verification,17000393613,My Team,Salil Bakshi,salil.bakshi@amexgbt.com,member,yes_member,17004605140,Salil Bakshi,yes,My Team,Vikram Singh,vikram.singh2@amexgbt.com
GDPR SAR Program Management ID Verification,CWT GDPR SAR Program Management ID Verification,17000393613,My Team,Ria Grover,ria.grover@amexgbt.com,member,yes_member,17004604541,Ria Grover,yes,My Team,Vikram Singh,vikram.singh2@amexgbt.com
GDPR SAR Program Management ID Verification,CWT GDPR SAR Program Management ID Verification,17000393613,My Team,Vikram Singh,vikram.singh2@amexgbt.com,member,yes_member,17004604519,Vikram Singh,yes,My Team,Vikram Singh,vikram.singh2@amexgbt.com
GDPR SAR Program Management ID Verification,CWT GDPR SAR Program Management ID Verification,17000393613,My Team,Sumit Kumar,sumit.kumar5@amexgbt.com,agent_not_found,no,,,,,Vikram Singh,vikram.singh2@amexgbt.com
GDPR SAR Program Management ID Verification,CWT GDPR SAR Program Management ID Verification,17000393613,My Team,Monika Chaudhary,monika.chaudhary@amexgbt.com,member,yes_member,17004605031,Monika Chaudhary,yes,My Team,Vikram Singh,vikram.singh2@amexgbt.com
GDPR SAR Traveler Requests,CWT GDPR SAR Traveler Requests,17000393614,My Team,Sumit Kumar,sumit.kumar5@amexgbt.com,agent_not_found,no,,,,,Rebecca Moon,becky.moon@amexgbt.com
GDPR SAR Traveler Requests,CWT GDPR SAR Traveler Requests,17000393614,My Team,Eymard-J Bulatao,eymard-j.bulatao@amexgbt.com,member,yes_member,17004608228,Eymard-J Bulatao,yes,My Team,Rebecca Moon,becky.moon@amexgbt.com
GDPR SAR Traveler Requests,CWT GDPR SAR Traveler Requests,17000393614,My Team,Monika Chaudhary,monika.chaudhary@amexgbt.com,member,yes_member,17004605031,Monika Chaudhary,yes,My Team,Rebecca Moon,becky.moon@amexgbt.com
GDPR SAR Traveler Requests,CWT GDPR SAR Traveler Requests,17000393614,My Team,Vikram Singh,vikram.singh2@amexgbt.com,member,yes_member,17004604519,Vikram Singh,yes,My Team,Rebecca Moon,becky.moon@amexgbt.com
GDPR SAR Traveler Requests,CWT GDPR SAR Traveler Requests,17000393614,My Team,Charissa Andrea Vivero-Pesado,charissaandrea.vivero-pesado@amexgbt.com,agent_not_found,no,,,,,Rebecca Moon,becky.moon@amexgbt.com
GDPR SAR Traveler Requests,CWT GDPR SAR Traveler Requests,17000393614,My Team,Aklesh Kumar,aklesh.kumar@amexgbt.com,member,yes_member,17004604740,Aklesh Kumar,yes,My Team,Rebecca Moon,becky.moon@amexgbt.com
GDPR SAR Traveler Requests,CWT GDPR SAR Traveler Requests,17000393614,My Team,Salil Bakshi,salil.bakshi@amexgbt.com,member,yes_member,17004605140,Salil Bakshi,yes,My Team,Rebecca Moon,becky.moon@amexgbt.com
GDPR SAR Traveler Requests,CWT GDPR SAR Traveler Requests,17000393614,My Team,Casey Abarca,casey.abarca@amexgbt.com,member,yes_member,17004608888,Casey Abarca,yes,My Team,Rebecca Moon,becky.moon@amexgbt.com
GDPR SAR Traveler Requests,CWT GDPR SAR Traveler Requests,17000393614,My Team,Ria Grover,ria.grover@amexgbt.com,member,yes_member,17004604541,Ria Grover,yes,My Team,Rebecca Moon,becky.moon@amexgbt.com
GDS Adapters Devops,CWT GDS Adapters Devops,17000393615,My Team,Christine Mariel Montaniel,christinemariel.montaniel@amexgbt.com,member,yes_member,17004608240,Christine Mariel Montaniel,yes,My Team,Christine Mariel Montaniel,christinemariel.montaniel@amexgbt.com
GDS Adapters Devops,CWT GDS Adapters Devops,17000393615,My Team,Vicdhan Lore Dionson,vicdhanlore.dionson@amexgbt.com,member,yes_member,17004608501,Vicdhan Lore Dionson,yes,My Team,Christine Mariel Montaniel,christinemariel.montaniel@amexgbt.com
GDS Adapters Devops,CWT GDS Adapters Devops,17000393615,My Team,Carlo Ben Lorenzo Rodillo,carlobenlorenzo.rodillo@amexgbt.com,member,yes_member,17004608556,Carlo Ben Lorenzo Rodillo,yes,My Team,Christine Mariel Montaniel,christinemariel.montaniel@amexgbt.com
GDS Adapters Devops,CWT GDS Adapters Devops,17000393615,My Team,Volodymyr Baisa,volodymyr.baisa@amexgbt.com,member,yes_member,17004602675,Volodymyr Baisa,yes,My Team,Christine Mariel Montaniel,christinemariel.montaniel@amexgbt.com
GDS Adapters Devops,CWT GDS Adapters Devops,17000393615,My Team,Erwin Malapit Bustamante,erwinmalapit.bustamante@amexgbt.com,member,yes_member,17004608492,Erwin Malapit Bustamante,yes,My Team,Christine Mariel Montaniel,christinemariel.montaniel@amexgbt.com
GDS LATAM APPROVAL GROUP,CWT GDS LATAM APPROVAL GROUP,17000393051,My Team,Esmeralda Perez,esmeralda.perez@amexgbt.com,member,yes_member,17004605430,Esmeralda Perez,yes,My Team,Sueli Ida,sueli.ida@amexgbt.com
GDS LATAM APPROVAL GROUP,CWT GDS LATAM APPROVAL GROUP,17000393051,My Team,Sueli Ida,sueli.ida@amexgbt.com,member,yes_member,17004602593,SUELI IDA,yes,My Team,Sueli Ida,sueli.ida@amexgbt.com
GDS LATAM APPROVAL GROUP,CWT GDS LATAM APPROVAL GROUP,17000393051,My Team,Aislinn Millan,aislinn.millan@amexgbt.com,member,yes_member,17004605444,Aislinn Millan,yes,My Team,Sueli Ida,sueli.ida@amexgbt.com
GDS Profile configuration,CWT GDS Profile configuration,17000393616,My Team,Ana Maria Perez Ayuso,anamaria.perezayuso@amexgbt.com,member,yes_member,17004601622,Ana Maria Perez Ayuso,yes,My Team,Silvia Leonis Parra,silvia.leonisparra@amexgbt.com
GDS Profile configuration,CWT GDS Profile configuration,17000393616,My Team,Pernilla Ållas,pernilla.aallas@amexgbt.com,member,yes_member,17004608816,Pernilla Ållas,yes,My Team,Silvia Leonis Parra,silvia.leonisparra@amexgbt.com
GDS Profile configuration,CWT GDS Profile configuration,17000393616,My Team,Katarina Exerman,katarina.exerman@amexgbt.com,member,yes_member,17004608822,Katarina Exerman,yes,My Team,Silvia Leonis Parra,silvia.leonisparra@amexgbt.com
GDS Profile configuration,CWT GDS Profile configuration,17000393616,My Team,Silvia Leonis Parra,silvia.leonisparra@amexgbt.com,member,yes_member,17004601766,Silvia Leonis Parra,yes,My Team,Silvia Leonis Parra,silvia.leonisparra@amexgbt.com
GDS Profile configuration,CWT GDS Profile configuration,17000393616,My Team,Isaias Iglesias Sanchez,isaias.iglesiassanchez@amexgbt.com,agent_not_found,no,,,,,Silvia Leonis Parra,silvia.leonisparra@amexgbt.com
GDS Scripting,CWT GDS Scripting,17000393617,My Team,William Turpen,william.turpen@amexgbt.com,member,yes_member,17004603198,William Turpen,yes,My Team,Leandro Sarmento,leandro.sarmento@amexgbt.com
GDS Scripting,CWT GDS Scripting,17000393617,My Team,Ramona Cadenhead,ramona.cadenhead@amexgbt.com,member,yes_member,17004603544,Ramona Cadenhead,yes,My Team,Leandro Sarmento,leandro.sarmento@amexgbt.com
GDS Scripting,CWT GDS Scripting,17000393617,My Team,Loraine Kummer,lori.kummer@amexgbt.com,agent_not_found,no,,,,,Leandro Sarmento,leandro.sarmento@amexgbt.com
GDS Scripting,CWT GDS Scripting,17000393617,My Team,Kimberly Durbin,kimberly.durbin@amexgbt.com,member,yes_member,17004606952,Kimberly Durbin,yes,My Team,Leandro Sarmento,leandro.sarmento@amexgbt.com
GDS Security and Configuration,CWT GDS Security and Configuration,17000392757,My Team,Joseph Laslow,joseph.h.laslow@amexgbt.com,member,yes_member,17001504398,Joseph Laslow,yes,My Team,Joseph Laslow,joseph.h.laslow@amexgbt.com
GDS Security and Configuration,CWT GDS Security and Configuration,17000392757,My Team,Andreas Nyboe,andreas.nyboe@amexgbt.com,member,yes_member,17004610836,Andreas Nyboe,yes,My Team,Joseph Laslow,joseph.h.laslow@amexgbt.com
GDS Security and Configuration,CWT GDS Security and Configuration,17000392757,My Team,Sueli Ida,sueli.ida@amexgbt.com,member,yes_member,17004602593,SUELI IDA,yes,My Team,Joseph Laslow,joseph.h.laslow@amexgbt.com
GDS Security and Configuration,CWT GDS Security and Configuration,17000392757,My Team,Aislinn Millan,aislinn.millan@amexgbt.com,member,yes_member,17004605444,Aislinn Millan,yes,My Team,Joseph Laslow,joseph.h.laslow@amexgbt.com
GDS Security and Configuration,CWT GDS Security and Configuration,17000392757,My Team,Esmeralda Perez,esmeralda.perez@amexgbt.com,member,yes_member,17004605430,Esmeralda Perez,yes,My Team,Joseph Laslow,joseph.h.laslow@amexgbt.com
GDS Security and Configuration LATAM,CWT GDS Security and Configuration LATAM,17000393618,My Team,Sueli Ida,sueli.ida@amexgbt.com,member,yes_member,17004602593,SUELI IDA,yes,My Team,Joseph Laslow,joseph.h.laslow@amexgbt.com
GDS Security and Configuration LATAM,CWT GDS Security and Configuration LATAM,17000393618,My Team,Aislinn Millan,aislinn.millan@amexgbt.com,member,yes_member,17004605444,Aislinn Millan,yes,My Team,Joseph Laslow,joseph.h.laslow@amexgbt.com
GDS Security and Configuration LATAM,CWT GDS Security and Configuration LATAM,17000393618,My Team,Joseph Laslow,joseph.h.laslow@amexgbt.com,member,yes_member,17001504398,Joseph Laslow,yes,My Team,Joseph Laslow,joseph.h.laslow@amexgbt.com
GDS Security and Configuration LATAM,CWT GDS Security and Configuration LATAM,17000393618,My Team,Esmeralda Perez,esmeralda.perez@amexgbt.com,member,yes_member,17004605430,Esmeralda Perez,yes,My Team,Joseph Laslow,joseph.h.laslow@amexgbt.com
Genesis Approver Group,CWT Genesis Approver Group,17000393052,My Team,Alessandro Campagna,alessandro.campagna@amexgbt.com,member,yes_member,17004608100,Alessandro Campagna,yes,My Team,Vittorio Margherita,vittorio.margherita@amexgbt.com
Genesis Approver Group,CWT Genesis Approver Group,17000393052,My Team,Vittorio Margherita,vittorio.margherita@amexgbt.com,member,yes_member,17004607901,Vittorio Margherita,yes,My Team,Vittorio Margherita,vittorio.margherita@amexgbt.com
Genesis Approver Group,CWT Genesis Approver Group,17000393052,My Team,Donato Luca Cilli,donatoluca.cilli@amexgbt.com,member,yes_member,17004608109,Donato Luca Cilli,yes,My Team,Vittorio Margherita,vittorio.margherita@amexgbt.com
Genesis Approver Group,CWT Genesis Approver Group,17000393052,My Team,Antonio Condello,antonio.condello@amexgbt.com,member,yes_member,17004608095,Antonio Condello,yes,My Team,Vittorio Margherita,vittorio.margherita@amexgbt.com
Genpact Support,CWT Genpact Support,17000393658,My Team,Sophie Dominici,sophie.dominici@amexgbt.com,member,yes_member,17004602244,Sophie Dominici,yes,My Team,Sophie Dominici,sophie.dominici@amexgbt.com
Genpact Support,CWT Genpact Support,17000393658,My Team,John Angeloni,john.angeloni@amexgbt.com,member,yes_member,17004609010,John Angeloni,yes,My Team,Sophie Dominici,sophie.dominici@amexgbt.com
Genpact Support,CWT Genpact Support,17000393658,My Team,Jeff Sucher,jeff.sucher@amexgbt.com,member,yes_member,17004604411,Jeff Sucher,yes,My Team,Sophie Dominici,sophie.dominici@amexgbt.com
Genpact-Approvers-Argentina,,,,Eugenio Martínez,eugenio.martinez@amexgbt.com,group_unmatched,no,,,,,Sophie Dominici,sophie.dominici@amexgbt.com
Genpact-Approvers-Argentina,,,,Juan Pablo Vietri,juanpablo.vietri@amexgbt.com,group_unmatched,no,,,,,Sophie Dominici,sophie.dominici@amexgbt.com
Genpact-Approvers-Belgium,,,,Katrien Breem,katrien.breem@amexgbt.com,group_unmatched,no,,,,,Sophie Dominici,sophie.dominici@amexgbt.com
Genpact-Approvers-Belgium,,,,Caroline Baulard,caroline.baulard@amexgbt.com,group_unmatched,no,,,,,Sophie Dominici,sophie.dominici@amexgbt.com
Genpact-Approvers-Chile,,,,Eugenio Martínez,eugenio.martinez@amexgbt.com,group_unmatched,no,,,,,Sophie Dominici,sophie.dominici@amexgbt.com
Genpact-Approvers-Chile,,,,Paola Hernández,paola.hernandez@amexgbt.com,group_unmatched,no,,,,,Sophie Dominici,sophie.dominici@amexgbt.com
Genpact-Approvers-Colombia,,,,Adriana Romero,adriana.romero@amexgbt.com,group_unmatched,no,17004605425,Adriana Romero,yes,My Team,Sophie Dominici,sophie.dominici@amexgbt.com
Genpact-Approvers-Colombia,,,,Danny Alejandro Marquez,dannyalejandro.marquez@amexgbt.com,group_unmatched,no,17004606468,Danny Alejandro Marquez,yes,My Team,Sophie Dominici,sophie.dominici@amexgbt.com
Genpact-Approvers-Czech Republic,,,,Milan Novak,milan.novak@amexgbt.com,group_unmatched,no,,,,,Sophie Dominici,sophie.dominici@amexgbt.com
Genpact-Approvers-Denmark,,,,Johanna Torkkeli,johanna.torkkeli@amexgbt.com,group_unmatched,no,,,,,Sophie Dominici,sophie.dominici@amexgbt.com
Genpact-Approvers-Denmark,,,,Ditte Ansholm,ditte.ansholm@amexgbt.com,group_unmatched,no,,,,,Sophie Dominici,sophie.dominici@amexgbt.com
Genpact-Approvers-Egypt,,,,Sameh Wassef,sameh.wassef@amexgbt.com,group_unmatched,no,,,,,Sophie Dominici,sophie.dominici@amexgbt.com
Genpact-Approvers-Finland,,,,Johanna Torkkeli,johanna.torkkeli@amexgbt.com,group_unmatched,no,,,,,Sophie Dominici,sophie.dominici@amexgbt.com
Genpact-Approvers-France,,,,Christian Coronet,christian.coronet@amexgbt.com,group_unmatched,no,,,,,Sophie Dominici,sophie.dominici@amexgbt.com
Genpact-Approvers-France,,,,Mame Ndiaye,mame.ndiaye@amexgbt.com,group_unmatched,no,,,,,Sophie Dominici,sophie.dominici@amexgbt.com
Genpact-Approvers-HongKong,,,,Teik Hooi Teoh,teikhooi.teoh@amexgbt.com,group_unmatched,no,,,,,Sophie Dominici,sophie.dominici@amexgbt.com
Genpact-Approvers-Hungary,CWT Genpact-Approvers-Hungary,17000393053,My Team,Darren Wartnaby,darren.wartnaby@amexgbt.com,member,yes_member,17004605714,Darren Wartnaby,yes,My Team,Sophie Dominici,sophie.dominici@amexgbt.com
Genpact-Approvers-Hungary,CWT Genpact-Approvers-Hungary,17000393053,My Team,Maria Anagnostopoulou,maria.anagnostopoulou@amexgbt.com,member,yes_member,17004602645,Maria Anagnostopoulou,yes,My Team,Sophie Dominici,sophie.dominici@amexgbt.com
Genpact-Approvers-India,,,,Shivam Goel,shivam.goel@amexgbt.com,group_unmatched,no,,,,,Sophie Dominici,sophie.dominici@amexgbt.com
Genpact-Approvers-India,,,,Amit Mithra,amit.mithra@amexgbt.com,group_unmatched,no,,,,,Sophie Dominici,sophie.dominici@amexgbt.com
Genpact-Approvers-India,,,,Shilpi Kulshrestha,shilpi.kulshrestha@amexgbt.com,group_unmatched,no,,,,,Sophie Dominici,sophie.dominici@amexgbt.com
Genpact-Approvers-India,,,,Bhupinder Singh,bhupinder.singh1@amexgbt.com,group_unmatched,no,,,,,Sophie Dominici,sophie.dominici@amexgbt.com
Genpact-Approvers-Indonesia,,,,Awa Ouattara,awa.ouattara@amexgbt.com,group_unmatched,no,,,,,Sophie Dominici,sophie.dominici@amexgbt.com
Genpact-Approvers-Indonesia,,,,Jonathan Godin,jonathan.godin@amexgbt.com,group_unmatched,no,,,,,Sophie Dominici,sophie.dominici@amexgbt.com
Genpact-Approvers-Indonesia,,,,Celine Quintin,celine.quintin@amexgbt.com,group_unmatched,no,,,,,Sophie Dominici,sophie.dominici@amexgbt.com
Genpact-Approvers-Indonesia,,,,Doina Deleanu,doina.deleanu@amexgbt.com,group_unmatched,no,,,,,Sophie Dominici,sophie.dominici@amexgbt.com
Genpact-Approvers-Ireland,,,,Iain Fair,iain.fair@amexgbt.com,group_unmatched,no,,,,,Sophie Dominici,sophie.dominici@amexgbt.com
Genpact-Approvers-Ireland,,,,Donal Ward,donal.ward@amexgbt.com,group_unmatched,no,,,,,Sophie Dominici,sophie.dominici@amexgbt.com
Genpact-Approvers-Ireland,,,,Tracey Everett,tracey.everett@amexgbt.com,group_unmatched,no,,,,,Sophie Dominici,sophie.dominici@amexgbt.com
Genpact-Approvers-Ireland,,,,Jacqueline Wight,jacqueline.wight@amexgbt.com,group_unmatched,no,,,,,Sophie Dominici,sophie.dominici@amexgbt.com
Genpact-Approvers-Italy,,,,Alex Pepe,alex.pepe@amexgbt.com,group_unmatched,no,17004607840,Alex Pepe,yes,My Team,Sophie Dominici,sophie.dominici@amexgbt.com
Genpact-Approvers-Italy,,,,Filippo Antonelli,filippo.antonelli@amexgbt.com,group_unmatched,no,,,,,Sophie Dominici,sophie.dominici@amexgbt.com
Genpact-Approvers-Latvia,CWT Genpact-Approvers-Latvia,17000393054,My Team,Jaroslaw Han,jaroslaw.han@amexgbt.com,member,yes_member,17004601148,Jaroslaw Han,yes,My Team,Sophie Dominici,sophie.dominici@amexgbt.com
Genpact-Approvers-Latvia,CWT Genpact-Approvers-Latvia,17000393054,My Team,Sophie Dominici,sophie.dominici@amexgbt.com,member,yes_member,17004602244,Sophie Dominici,yes,My Team,Sophie Dominici,sophie.dominici@amexgbt.com
Genpact-Approvers-Mexico,,,,Alma Onofre,alma.onofre@amexgbt.com,group_unmatched,no,17004605432,Alma Onofre,yes,My Team,Sophie Dominici,sophie.dominici@amexgbt.com
Genpact-Approvers-Mexico,,,,Adriana Romero,adriana.romero@amexgbt.com,group_unmatched,no,17004605425,Adriana Romero,yes,My Team,Sophie Dominici,sophie.dominici@amexgbt.com
Genpact-Approvers-Mexico,,,,Erick López,erick.lopez@amexgbt.com,group_unmatched,no,,,,,Sophie Dominici,sophie.dominici@amexgbt.com
Genpact-Approvers-Morocco,,,,Bouchra Latifi,bouchra.latifi@amexgbt.com,group_unmatched,no,,,,,Sophie Dominici,sophie.dominici@amexgbt.com
Genpact-Approvers-Netherlands,,,,Caroline Jones,caroline.jones@amexgbt.com,group_unmatched,no,,,,,Sophie Dominici,sophie.dominici@amexgbt.com
Genpact-Approvers-Netherlands,,,,Quita Pengel,quita.pengel@amexgbt.com,group_unmatched,no,,,,,Sophie Dominici,sophie.dominici@amexgbt.com
Genpact-Approvers-Peru,,,,Cecilia Bisetti,cecilia.bisetti@amexgbt.com,group_unmatched,no,,,,,Sophie Dominici,sophie.dominici@amexgbt.com
Genpact-Approvers-Peru,,,,Eugenio Martínez,eugenio.martinez@amexgbt.com,group_unmatched,no,,,,,Sophie Dominici,sophie.dominici@amexgbt.com
Genpact-Approvers-Singapore,,,,Joy Chiew,joy.chiew@amexgbt.com,group_unmatched,no,,,,,Sophie Dominici,sophie.dominici@amexgbt.com
Genpact-Approvers-Singapore,,,,Teik Hooi Teoh,teikhooi.teoh@amexgbt.com,group_unmatched,no,,,,,Sophie Dominici,sophie.dominici@amexgbt.com
Genpact-Approvers-Spain,CWT Genpact-Approvers-Spain,17000393055,My Team,Iñigo Carlos Martinez De Ayala Garcia,inigo.martinezdeayala@amexgbt.com,member,yes_member,17004602070,Iñigo Carlos Martinez De Ayala Garcia,yes,My Team,Sophie Dominici,sophie.dominici@amexgbt.com
Genpact-Approvers-Spain,CWT Genpact-Approvers-Spain,17000393055,My Team,Ana Blanco Carril,ana.blancocarril@amexgbt.com,member,yes_member,17004602079,Ana Blanco Carril,yes,My Team,Sophie Dominici,sophie.dominici@amexgbt.com
Genpact-Approvers-Sweden,,,,Donal Ward,donal.ward@amexgbt.com,group_unmatched,no,,,,,Sophie Dominici,sophie.dominici@amexgbt.com
Genpact-Approvers-Sweden,,,,Johanna Torkkeli,johanna.torkkeli@amexgbt.com,group_unmatched,no,,,,,Sophie Dominici,sophie.dominici@amexgbt.com
Genpact-Approvers-Switzerland,,,,Fabien Marquet,fabien.marquet@amexgbt.com,group_unmatched,no,,,,,Sophie Dominici,sophie.dominici@amexgbt.com
Genpact-Approvers-Switzerland,,,,Egle Jürimets,egle.juerimets@amexgbt.com,group_unmatched,no,,,,,Sophie Dominici,sophie.dominici@amexgbt.com
Genpact-Approvers-United Kingdom,,,,Tracey Everett,tracey.everett@amexgbt.com,group_unmatched,no,,,,,Sophie Dominici,sophie.dominici@amexgbt.com
Genpact-Approvers-United Kingdom,,,,Iain Fair,iain.fair@amexgbt.com,group_unmatched,no,,,,,Sophie Dominici,sophie.dominici@amexgbt.com
Genpact-Approvers-United Kingdom,,,,Jacqueline Wight,jacqueline.wight@amexgbt.com,group_unmatched,no,,,,,Sophie Dominici,sophie.dominici@amexgbt.com
Genpact-Approvers-United States,,,,Mary Feldsien,mary.feldsien@amexgbt.com,group_unmatched,no,17004603466,Mary Feldsien,yes,My Team,Sophie Dominici,sophie.dominici@amexgbt.com
Github Org Admin,CWT Github Org Admin,17000393473,My Team,Joseph Christopher Cruz,josephchristopher.cruz@amexgbt.com,member,yes_member,17004608323,Joseph Christopher Cruz,yes,My Team,Joseph Christopher Cruz,josephchristopher.cruz@amexgbt.com
Github Org Admin,CWT Github Org Admin,17000393473,My Team,Ben Ptacek,ben.ptacek@amexgbt.com,member,yes_member,17004603358,Ben Ptacek,yes,My Team,Joseph Christopher Cruz,josephchristopher.cruz@amexgbt.com
Github Org Admin,CWT Github Org Admin,17000393473,My Team,Michael Loewer,michael.loewer@amexgbt.com,member,yes_member,17004602998,Michael Loewer,yes,My Team,Joseph Christopher Cruz,josephchristopher.cruz@amexgbt.com
Github Org Admin,CWT Github Org Admin,17000393473,My Team,Mel Asuncion,mel.asuncion@amexgbt.com,member,yes_member,17004634825,Mel Asuncion,yes,My Team,Joseph Christopher Cruz,josephchristopher.cruz@amexgbt.com
Github Org Admin,CWT Github Org Admin,17000393473,My Team,Joshua Cura,joshua.cura@amexgbt.com,member,yes_member,17004608369,Joshua Cura,yes,My Team,Joseph Christopher Cruz,josephchristopher.cruz@amexgbt.com
Github Org Admin,CWT Github Org Admin,17000393473,My Team,Nelson Jay Dario,nelsonjay.dario@amexgbt.com,not_in_group,no,17004608233,Nelson Jay Dario,yes,My Team,Joseph Christopher Cruz,josephchristopher.cruz@amexgbt.com
Global Communications,,,,Emma Woodhouse,emma.woodhouse@amexgbt.com,group_unmatched,no,,,,,Siddharth Singh,siddharth.singh1@amexgbt.com
Global Communications,,,,Siddharth Singh,siddharth.singh1@amexgbt.com,group_unmatched,no,,,,,Siddharth Singh,siddharth.singh1@amexgbt.com
GLOBAL CRM SUPPORT,CWT GLOBAL CRM SUPPORT,17000393474,My Team,Tommesha Williams,tommesha.williams@amexgbt.com,member,yes_member,17005058361,Tommesha Williams,yes,My Team,Rebecca Warburton,rebecca.warburton@amexgbt.com
GLOBAL CRM SUPPORT,CWT GLOBAL CRM SUPPORT,17000393474,My Team,Oleh Hul,oleh.hul@amexgbt.com,member,yes_member,17004601370,Oleh Hul,yes,My Team,Rebecca Warburton,rebecca.warburton@amexgbt.com
GLOBAL CRM SUPPORT,CWT GLOBAL CRM SUPPORT,17000393474,My Team,Michael Byrne,michael.byrne@amexgbt.com,member,yes_member,17004604878,Michael Byrne,yes,My Team,Rebecca Warburton,rebecca.warburton@amexgbt.com
GLOBAL CRM SUPPORT,CWT GLOBAL CRM SUPPORT,17000393474,My Team,Kelly Brandt,kelly.brandt@amexgbt.com,member,yes_member,17004603140,Kelly Brandt,yes,My Team,Rebecca Warburton,rebecca.warburton@amexgbt.com
GLOBAL CRM SUPPORT,CWT GLOBAL CRM SUPPORT,17000393474,My Team,Rebecca Warburton,rebecca.warburton@amexgbt.com,member,yes_member,17004605574,Rebecca Warburton,yes,My Team,Rebecca Warburton,rebecca.warburton@amexgbt.com
GLOBAL CRM SUPPORT,CWT GLOBAL CRM SUPPORT,17000393474,My Team,Jackie Yuro,jackie.yuro@amexgbt.com,member,yes_member,17004608227,Jackie Yuro,yes,My Team,Rebecca Warburton,rebecca.warburton@amexgbt.com
GLOBAL CRM SUPPORT,CWT GLOBAL CRM SUPPORT,17000393474,My Team,Bartosz Janiszewski,bartosz.janiszewski@amexgbt.com,agent_not_found,no,,,,,Rebecca Warburton,rebecca.warburton@amexgbt.com
Global Customer Care,CWT Global Customer Care,17000393659,My Team,Melanie Low,melanie.low@amexgbt.com,member,yes_member,17004607091,Melanie Low,yes,My Team,Melanie Low,melanie.low@amexgbt.com
Global Customer Care,CWT Global Customer Care,17000393659,My Team,M. Creu Alvarez Moreno,mcreu.alvarezmoreno@amexgbt.com,member,yes_member,17004601759,creu Alvarez Moreno,yes,My Team,Melanie Low,melanie.low@amexgbt.com
Global Customer Care,CWT Global Customer Care,17000393659,My Team,Francine Angela Daphne Alina,francineangeladaphne.alina@amexgbt.com,member,yes_member,17004608842,Francine Angela Daphne Alina,yes,My Team,Melanie Low,melanie.low@amexgbt.com
Global Customer Care,CWT Global Customer Care,17000393659,My Team,Marta Bolek,marta.bolek@amexgbt.com,member,yes_member,17004634837,Marta Bolek,yes,My Team,Melanie Low,melanie.low@amexgbt.com
Global Customer Care,CWT Global Customer Care,17000393659,My Team,Clemencia Bello Ortiz,clemencia.belloortiz@amexgbt.com,member,yes_member,17004606304,Clemencia Bello Ortiz,yes,My Team,Melanie Low,melanie.low@amexgbt.com
Global Customer Care,CWT Global Customer Care,17000393659,My Team,Maria Edselyn Bernardino,mariaedselyn.bernardino@amexgbt.com,member,yes_member,17004608421,Maria Edselyn Bernardino,yes,My Team,Melanie Low,melanie.low@amexgbt.com
Global Customer Care,CWT Global Customer Care,17000393659,My Team,Almudena Albertos Melero,almudena.albertosmelero@amexgbt.com,agent_not_found,no,,,,,Melanie Low,melanie.low@amexgbt.com
Global Development Core Services,,,,Sophie Dancette,sophie.dancette@amexgbt.com,group_unmatched,no,,,,,Sophie Dancette,sophie.dancette@amexgbt.com
GLOBAL Essbase,CWT GLOBAL Essbase,17000393660,My Team,Laurent Coutellier,laurent.coutellier@amexgbt.com,member,yes_member,17004607594,Laurent Coutellier,yes,My Team,Laurent Coutellier,laurent.coutellier@amexgbt.com
Global HFM,,,,Jerome Billand,jerome.billand@amexgbt.com,group_unmatched,no,17004607624,Jerome Billand,yes,My Team,Jerome Billand,jerome.billand@amexgbt.com
GLOBAL IDSTUDIOS SUPPORT,CWT GLOBAL IDSTUDIOS SUPPORT,17000393661,My Team,Regino Ilano,regino.ilano@amexgbt.com,member,yes_member,17004608308,Regino Ilano,yes,My Team,Christopher Lingbaoan,christopher.lingbaoan@amexgbt.com
GLOBAL IDSTUDIOS SUPPORT,CWT GLOBAL IDSTUDIOS SUPPORT,17000393661,My Team,Romar Angelo Mojica,romarangelo.mojica@amexgbt.com,member,yes_member,17004608533,Romar Angelo Mojica,yes,My Team,Christopher Lingbaoan,christopher.lingbaoan@amexgbt.com
GLOBAL IDSTUDIOS SUPPORT,CWT GLOBAL IDSTUDIOS SUPPORT,17000393661,My Team,Gimson Virr Ferrater,gferrater@mycwt.com,agent_not_found,no,,,,,Christopher Lingbaoan,christopher.lingbaoan@amexgbt.com
GLOBAL IDSTUDIOS SUPPORT,CWT GLOBAL IDSTUDIOS SUPPORT,17000393661,My Team,Philip Taft,phil.taft@amexgbt.com,member,yes_member,17004605888,Philip Taft,yes,My Team,Christopher Lingbaoan,christopher.lingbaoan@amexgbt.com
GLOBAL IDSTUDIOS SUPPORT,CWT GLOBAL IDSTUDIOS SUPPORT,17000393661,My Team,Jay Mark Ciriaco,jaymark.ciriaco@amexgbt.com,member,yes_member,17004608304,Jay Mark Ciriaco,yes,My Team,Christopher Lingbaoan,christopher.lingbaoan@amexgbt.com
GLOBAL IDSTUDIOS SUPPORT,CWT GLOBAL IDSTUDIOS SUPPORT,17000393661,My Team,Rolando Tiangco Jr.,rolando.tiangcojr@amexgbt.com,member,yes_member,17004608531,Rolando Tiangco Jr.,yes,My Team,Christopher Lingbaoan,christopher.lingbaoan@amexgbt.com
GLOBAL IDSTUDIOS SUPPORT,CWT GLOBAL IDSTUDIOS SUPPORT,17000393661,My Team,Constancia Buenviaje,constancia.sanchez@amexgbt.com,member,yes_member,17005058366,Constancia Buenviaje,yes,My Team,Christopher Lingbaoan,christopher.lingbaoan@amexgbt.com
GLOBAL IDSTUDIOS SUPPORT,CWT GLOBAL IDSTUDIOS SUPPORT,17000393661,My Team,Genesis Siao,gsiao@mycwt.com,agent_not_found,no,,,,,Christopher Lingbaoan,christopher.lingbaoan@amexgbt.com
GLOBAL IDSTUDIOS SUPPORT,CWT GLOBAL IDSTUDIOS SUPPORT,17000393661,My Team,Noel Buela,noel.buela@amexgbt.com,member,yes_member,17004608526,Noel Buela,yes,My Team,Christopher Lingbaoan,christopher.lingbaoan@amexgbt.com
GLOBAL IDSTUDIOS SUPPORT,CWT GLOBAL IDSTUDIOS SUPPORT,17000393661,My Team,Jaissa Plata,jaissa.plata@amexgbt.com,member,yes_member,17004608527,Jaissa Plata,yes,My Team,Christopher Lingbaoan,christopher.lingbaoan@amexgbt.com
GLOBAL INFORMATION MANAGEMENT,CWT GLOBAL INFORMATION MANAGEMENT,17000393056,My Team,David Rey,david.rey@amexgbt.com,member,yes_member,17004605822,David Rey,yes,My Team,David Rey,david.rey@amexgbt.com
GLOBAL INFORMATION MANAGEMENT,CWT GLOBAL INFORMATION MANAGEMENT,17000393056,My Team,Francine Dugas,francine.dugas@amexgbt.com,member,yes_member,17004603616,Francine Dugas,yes,My Team,David Rey,david.rey@amexgbt.com
GLOBAL INFORMATION MANAGEMENT,CWT GLOBAL INFORMATION MANAGEMENT,17000393056,My Team,Judith Gertrude Phillips,judithgertrude.phillips@amexgbt.com,member,yes_member,17004602615,Judith Gertrude Phillips,yes,My Team,David Rey,david.rey@amexgbt.com
GLOBAL INFORMATION MANAGEMENT,CWT GLOBAL INFORMATION MANAGEMENT,17000393056,My Team,Emmanuel Antoine,emmanuel.antoine@amexgbt.com,member,yes_member,17004610876,Emmanuel Antoine,yes,My Team,David Rey,david.rey@amexgbt.com
GLOBAL INFORMATION MANAGEMENT,CWT GLOBAL INFORMATION MANAGEMENT,17000393056,My Team,Olivier Gilet,olivier.gilet@amexgbt.com,member,yes_member,17004606235,Olivier Gilet,yes,My Team,David Rey,david.rey@amexgbt.com
GLOBAL IT CAB,CWT GLOBAL IT CAB,17000393662,My Team,Snehalatha B,snehalatha.b@amexgbt.com,member,yes_member,17004651858,Snehalatha B,yes,My Team,Hannah Henderson,hannah.henderson@amexgbt.com
GLOBAL IT CAB,CWT GLOBAL IT CAB,17000393662,My Team,Suman Naik,suman.naik@amexgbt.com,member,yes_member,17004170707,Suman Naik,yes,My Team,Hannah Henderson,hannah.henderson@amexgbt.com
GLOBAL IT CAB,CWT GLOBAL IT CAB,17000393662,My Team,Hannah Henderson,hannah.henderson@amexgbt.com,not_in_group,no,17004603317,Hannah Henderson,yes,My Team,Hannah Henderson,hannah.henderson@amexgbt.com
GLOBAL IT CAB,CWT GLOBAL IT CAB,17000393662,My Team,Banoth Shailaja,banoth.shailaja@amexgbt.com,member,yes_member,17004432722,Banoth Shailaja,yes,My Team,Hannah Henderson,hannah.henderson@amexgbt.com
GLOBAL IT CAB,CWT GLOBAL IT CAB,17000393662,My Team,Lorenzo Aguayo,lorenzo.aguayo@amexgbt.com,member,yes_member,17003921983,Lorenzo Aguayo,yes,My Team,Hannah Henderson,hannah.henderson@amexgbt.com
GLOBAL IT CAB,CWT GLOBAL IT CAB,17000393662,My Team,Nilendra Singhal,nilendra.singhal@amexgbt.com,member,yes_member,17004638895,Nilendra Singhal,yes,My Team,Hannah Henderson,hannah.henderson@amexgbt.com
GLOBAL IT CAB,CWT GLOBAL IT CAB,17000393662,My Team,Needa Fathima,needa.fathima@amexgbt.com,member,yes_member,17001534060,Needa Fathima,yes,My Team,Hannah Henderson,hannah.henderson@amexgbt.com
GLOBAL IT CAB,CWT GLOBAL IT CAB,17000393662,My Team,Ivan Jimenez,ivan.jimenez1@amexgbt.com,member,yes_member,17001481084,Ivan Jimenez,yes,My Team,Hannah Henderson,hannah.henderson@amexgbt.com
GLOBAL IT CAB,CWT GLOBAL IT CAB,17000393662,My Team,Sanjukta Dhar,sanjukta.dhar@amexgbt.com,member,yes_member,17004955474,Sanjukta Dhar,yes,My Team,Hannah Henderson,hannah.henderson@amexgbt.com
GLOBAL IT CAB,CWT GLOBAL IT CAB,17000393662,My Team,Rey John Fantone,reyjohn.fantone@amexgbt.com,not_in_group,no,17004608502,Rey John Fantone,yes,My Team,Hannah Henderson,hannah.henderson@amexgbt.com
GLOBAL IT CAB,CWT GLOBAL IT CAB,17000393662,My Team,Issa Alombah,issa.alombah@amexgbt.com,member,yes_member,17001525835,Issa Alombah,yes,My Team,Hannah Henderson,hannah.henderson@amexgbt.com
GLOBAL IT CAB,CWT GLOBAL IT CAB,17000393662,My Team,Hari Kumar Akula,harikumar.akula@amexgbt.com,member,yes_member,17004473368,Hari Kumar Akula,yes,My Team,Hannah Henderson,hannah.henderson@amexgbt.com
GLOBAL IT CAB,CWT GLOBAL IT CAB,17000393662,My Team,Akanchha Prapti,akanchha.prapti@amexgbt.com,member,yes_member,17004270311,Akanchha Prapti,yes,My Team,Hannah Henderson,hannah.henderson@amexgbt.com
GLOBAL IT CAB,CWT GLOBAL IT CAB,17000393662,My Team,Bose Bakare,bose.bakare@amexgbt.com,member,yes_member,17004605548,Bose Bakare,yes,My Team,Hannah Henderson,hannah.henderson@amexgbt.com
GLOBAL IT CAB,CWT GLOBAL IT CAB,17000393662,My Team,Mahtab Alam,mahtab.alam@amexgbt.com,member,yes_member,17004120747,Mahtab Alam,yes,My Team,Hannah Henderson,hannah.henderson@amexgbt.com
GLOBAL IT CAB,CWT GLOBAL IT CAB,17000393662,My Team,Ankam Siva Krishna,ankam.sivakrishna@amexgbt.com,member,yes_member,17004119104,Ankam Siva Krishna,yes,My Team,Hannah Henderson,hannah.henderson@amexgbt.com
GLOBAL IT CAB,CWT GLOBAL IT CAB,17000393662,My Team,Snehal Rajput,snehal.rajput@amexgbt.com,member,yes_member,17004946688,Snehal Rajput,yes,My Team,Hannah Henderson,hannah.henderson@amexgbt.com
GLOBAL IT CAB,CWT GLOBAL IT CAB,17000393662,My Team,Rohini Thombre,rohini.thombre@amexgbt.com,member,yes_member,17003871508,Rohini Thombre,yes,My Team,Hannah Henderson,hannah.henderson@amexgbt.com
GLOBAL IT CAB,CWT GLOBAL IT CAB,17000393662,My Team,Korrapati Haji Ghouse,korrapati.hajighouse@amexgbt.com,not_in_group,no,17004991058,Korrapati hajighouse,yes,My Team,Hannah Henderson,hannah.henderson@amexgbt.com
GLOBAL IT CAB,CWT GLOBAL IT CAB,17000393662,My Team,Chris Peterson,chris.peterson@amexgbt.com,member,yes_member,17001481015,Chris Peterson,yes,My Team,Hannah Henderson,hannah.henderson@amexgbt.com
GLOBAL IT CAB,CWT GLOBAL IT CAB,17000393662,My Team,Anastasia Blundell,anastasia.blundell@amexgbt.com,member,yes_member,17001602400,Anastasia Blundell,yes,My Team,Hannah Henderson,hannah.henderson@amexgbt.com
GLOBAL IT CAB,CWT GLOBAL IT CAB,17000393662,My Team,Suraj Shetty,suraj.shetty@amexgbt.com,member,yes_member,17004159070,Suraj Shetty,yes,My Team,Hannah Henderson,hannah.henderson@amexgbt.com
GLOBAL IT CAB,CWT GLOBAL IT CAB,17000393662,My Team,Garlus Missier S,garlus.missiers@amexgbt.com,member,yes_member,17003214239,Garlus Missier S,yes,My Team,Hannah Henderson,hannah.henderson@amexgbt.com
GLOBAL IT CAB,CWT GLOBAL IT CAB,17000393662,My Team,Mohammed Thanish,mohammed.thanish@amexgbt.com,member,yes_member,17002123817,Mohammed Thanish,yes,My Team,Hannah Henderson,hannah.henderson@amexgbt.com
GLOBAL IT CAB,CWT GLOBAL IT CAB,17000393662,My Team,Arpit Dixit,arpit.dixit@amexgbt.com,member,yes_member,17004853902,Arpit Dixit,yes,My Team,Hannah Henderson,hannah.henderson@amexgbt.com
GLOBAL IT CAB,CWT GLOBAL IT CAB,17000393662,My Team,Syed Rehanul Haque,syedrehanul.haque@amexgbt.com,member,yes_member,17002894972,Syed Rehanul Haque,yes,My Team,Hannah Henderson,hannah.henderson@amexgbt.com
GLOBAL IT CAB,CWT GLOBAL IT CAB,17000393662,My Team,Vishwa BS,vishwa.bs@amexgbt.com,member,yes_member,17004374355,Vishwa BS,yes,My Team,Hannah Henderson,hannah.henderson@amexgbt.com
Global IT Service Request,CWT Global IT Service Request,17000393475,My Team,Jomarie Fabros,jomarie.fabros@amexgbt.com,member,yes_member,17004608689,Jomarie Fabros,yes,My Team,Geoffrey Gemoto,geoffrey.gemoto@amexgbt.com
Global IT Service Request,CWT Global IT Service Request,17000393475,My Team,Jose Paolo Madrazo,josepaolo.madrazo@amexgbt.com,member,yes_member,17004608215,Jose Paolo Madrazo,yes,My Team,Geoffrey Gemoto,geoffrey.gemoto@amexgbt.com
Global IT Service Request,CWT Global IT Service Request,17000393475,My Team,Laarni Ricafort,laarni.ricafort@amexgbt.com,member,yes_member,17004608658,Laarni Ricafort,yes,My Team,Geoffrey Gemoto,geoffrey.gemoto@amexgbt.com
Global IT Service Request,CWT Global IT Service Request,17000393475,My Team,Ronaldo Quiambao,ronaldo.quiambao@amexgbt.com,member,yes_member,17004608657,Ronaldo Quiambao,yes,My Team,Geoffrey Gemoto,geoffrey.gemoto@amexgbt.com
Global IT Service Request,CWT Global IT Service Request,17000393475,My Team,Erna Samonte,erna.samonte@amexgbt.com,member,yes_member,17004608463,Erna Samonte,yes,My Team,Geoffrey Gemoto,geoffrey.gemoto@amexgbt.com
Global IT Service Request,CWT Global IT Service Request,17000393475,My Team,Issa Ibrahim,issa.ibrahim@amexgbt.com,member,yes_member,17004601286,Issa Ibrahim,yes,My Team,Geoffrey Gemoto,geoffrey.gemoto@amexgbt.com
Global IT Service Request,CWT Global IT Service Request,17000393475,My Team,Ernielyn Villanueva,ernielyn.villanueva@amexgbt.com,member,yes_member,17004608420,Ernielyn Villanueva,yes,My Team,Geoffrey Gemoto,geoffrey.gemoto@amexgbt.com
Global IT Service Request,CWT Global IT Service Request,17000393475,My Team,Jason De Jesus,jason.dejesus@amexgbt.com,member,yes_member,17004608776,Jason De Jesus,yes,My Team,Geoffrey Gemoto,geoffrey.gemoto@amexgbt.com
Global IT Service Request,CWT Global IT Service Request,17000393475,My Team,Renz Almer Tolosa,renzalmer.tolosa@amexgbt.com,member,yes_member,17004608212,Renz Almer Tolosa,yes,My Team,Geoffrey Gemoto,geoffrey.gemoto@amexgbt.com
Global IT Service Request,CWT Global IT Service Request,17000393475,My Team,Andrew James Lagrana,andrewjames.lagrana@amexgbt.com,member,yes_member,17004608646,Andrew James Lagrana,yes,My Team,Geoffrey Gemoto,geoffrey.gemoto@amexgbt.com
Global IT Service Request,CWT Global IT Service Request,17000393475,My Team,Bryan Beltran,bryan.beltran@amexgbt.com,member,yes_member,17004608679,Bryan Beltran,yes,My Team,Geoffrey Gemoto,geoffrey.gemoto@amexgbt.com
Global IT Service Request,CWT Global IT Service Request,17000393475,My Team,Mark Anthony Tequin,markanthony.tequin@amexgbt.com,member,yes_member,17004608225,Mark Anthony Tequin,yes,My Team,Geoffrey Gemoto,geoffrey.gemoto@amexgbt.com
Global IT Service Request,CWT Global IT Service Request,17000393475,My Team,Daniel Fernandez,daniel.fernandez@amexgbt.com,member,yes_member,17004608668,Daniel Fernandez,yes,My Team,Geoffrey Gemoto,geoffrey.gemoto@amexgbt.com
Global IT Service Request,CWT Global IT Service Request,17000393475,My Team,Mark Joseph Reguerra,markjoseph.reguerra@amexgbt.com,member,yes_member,17004684691,Mark Joseph Reguerra,yes,My Team,Geoffrey Gemoto,geoffrey.gemoto@amexgbt.com
Global IT Service Request,CWT Global IT Service Request,17000393475,My Team,Melanie Tapoc,melanie.tapoc@amexgbt.com,member,yes_member,17004608663,Melanie Tapoc,yes,My Team,Geoffrey Gemoto,geoffrey.gemoto@amexgbt.com
Global IT Service Request,CWT Global IT Service Request,17000393475,My Team,Aman Handuja,aman.handuja@amexgbt.com,agent_not_found,no,,,,,Geoffrey Gemoto,geoffrey.gemoto@amexgbt.com
Global IT Service Request,CWT Global IT Service Request,17000393475,My Team,Perseus Tanada,perseus.tanada@amexgbt.com,member,yes_member,17004608662,Perseus Tanada,yes,My Team,Geoffrey Gemoto,geoffrey.gemoto@amexgbt.com
Global IT Service Request,CWT Global IT Service Request,17000393475,My Team,Alexter John Tupaz,alexterjohn.tupaz@amexgbt.com,member,yes_member,17004608550,Alexter John Tupaz,yes,My Team,Geoffrey Gemoto,geoffrey.gemoto@amexgbt.com
Global IT Service Request,CWT Global IT Service Request,17000393475,My Team,Ria Rose Ragual,riarose.ragual@amexgbt.com,member,yes_member,17004608217,Ria Rose Ragual,yes,My Team,Geoffrey Gemoto,geoffrey.gemoto@amexgbt.com
Global IT Service Request,CWT Global IT Service Request,17000393475,My Team,EDMON SALONGA,edmon.salonga@amexgbt.com,member,yes_member,17004608669,EDMON SALONGA,yes,My Team,Geoffrey Gemoto,geoffrey.gemoto@amexgbt.com
Global IT Service Request,CWT Global IT Service Request,17000393475,My Team,Sandro Palisoc,sandro.palisoc@amexgbt.com,member,yes_member,17004608654,Sandro Palisoc,yes,My Team,Geoffrey Gemoto,geoffrey.gemoto@amexgbt.com
Global IT Service Request,CWT Global IT Service Request,17000393475,My Team,Luis Espinoza,luis.espinoza1@amexgbt.com,member,yes_member,17004602213,Luis Espinoza,yes,My Team,Geoffrey Gemoto,geoffrey.gemoto@amexgbt.com
Global IT Service Request,CWT Global IT Service Request,17000393475,My Team,Jeanne Risha Aldave,jeannerisha.aldave@amexgbt.com,member,yes_member,17004608674,Jeanne Risha Aldave,yes,My Team,Geoffrey Gemoto,geoffrey.gemoto@amexgbt.com
Global IT Service Request,CWT Global IT Service Request,17000393475,My Team,Carlos Hernandez,carlos.hernandez2@amexgbt.com,member,yes_member,17004606356,Carlos Hernandez,yes,My Team,Geoffrey Gemoto,geoffrey.gemoto@amexgbt.com
Global IT Service Request,CWT Global IT Service Request,17000393475,My Team,Limuel Gallego,limuel.gallego@amexgbt.com,member,yes_member,17004608691,Limuel Gallego,yes,My Team,Geoffrey Gemoto,geoffrey.gemoto@amexgbt.com
GLOBAL PARTNER NETWORK TTS,CWT GLOBAL PARTNER NETWORK TTS,17000393057,My Team,Maria Gallegos,alexandra.gallegos@amexgbt.com,member,yes_member,17004607134,Maria Gallegos,yes,My Team,Damian Jurzyk,damian.jurzyk@amexgbt.com
GLOBAL PARTNER NETWORK TTS,CWT GLOBAL PARTNER NETWORK TTS,17000393057,My Team,Damian Jurzyk,damian.jurzyk@amexgbt.com,member,yes_member,17004606867,Damian Jurzyk,yes,My Team,Damian Jurzyk,damian.jurzyk@amexgbt.com
Global Product Delivery,CWT Global Product Delivery,17000393163,My Team,Alicia Gutierrez Romero,alicia.gutierrezromero@amexgbt.com,member,yes_member,17004602049,Alicia Gutierrez Romero,yes,My Team,Monika Singh,monika.singh1@amexgbt.com
Global Product Delivery,CWT Global Product Delivery,17000393163,My Team,Monika Singh,monika.singh1@amexgbt.com,member,yes_member,17004607176,Monika Singh,yes,My Team,Monika Singh,monika.singh1@amexgbt.com
GLOBAL PRODUCT DELIVERY PDe,CWT GLOBAL PRODUCT DELIVERY PDe,17000393476,My Team,Prashant Bhutani,prashant.bhutani@amexgbt.com,member,yes_member,17004603687,Prashant Bhutani,yes,My Team,Prashant Bhutani,prashant.bhutani@amexgbt.com
Global Reporting Team,CWT Global Reporting Team,17000392844,My Team,Nipun Jain,njain@mycwt.com,agent_not_found,no,,,,,Kelly Brandt,kelly.brandt@amexgbt.com
Global Reporting Team,CWT Global Reporting Team,17000392844,My Team,Bharat Puri,bpuri@mycwt.com,agent_not_found,no,,,,,Kelly Brandt,kelly.brandt@amexgbt.com
Global Reporting Team,CWT Global Reporting Team,17000392844,My Team,Ishwar Larokar,ilarokar@mycwt.com,agent_not_found,no,,,,,Kelly Brandt,kelly.brandt@amexgbt.com
Global Reporting Team,CWT Global Reporting Team,17000392844,My Team,Kelly Brandt,kelly.brandt@amexgbt.com,member,yes_member,17004603140,Kelly Brandt,yes,My Team,Kelly Brandt,kelly.brandt@amexgbt.com
Global Reporting Team,CWT Global Reporting Team,17000392844,My Team,Shiva Singh,shivasingh1@mycwt.com,agent_not_found,no,,,,,Kelly Brandt,kelly.brandt@amexgbt.com
Global Reporting Team,CWT Global Reporting Team,17000392844,My Team,Akshay Sharma,aksharma@mycwt.com,agent_not_found,no,,,,,Kelly Brandt,kelly.brandt@amexgbt.com
Global Reporting Team,CWT Global Reporting Team,17000392844,My Team,Jiten Bhatt,jbhatt@mycwt.com,agent_not_found,no,,,,,Kelly Brandt,kelly.brandt@amexgbt.com
Global Reporting Team,CWT Global Reporting Team,17000392844,My Team,Kartik Sang,ksang@mycwt.com,agent_not_found,no,,,,,Kelly Brandt,kelly.brandt@amexgbt.com
Global Reporting Team,CWT Global Reporting Team,17000392844,My Team,Ashwini Dahake,adahake@mycwt.com,agent_not_found,no,,,,,Kelly Brandt,kelly.brandt@amexgbt.com
Global Reporting Team,CWT Global Reporting Team,17000392844,My Team,Tamizhvanan Manimaran,tmanimaran@mycwt.com,agent_not_found,no,,,,,Kelly Brandt,kelly.brandt@amexgbt.com
Global Reporting Team,CWT Global Reporting Team,17000392844,My Team,Prakhar Mehrotra,pmehrotra@mycwt.com,agent_not_found,no,,,,,Kelly Brandt,kelly.brandt@amexgbt.com
Global Reporting Team,CWT Global Reporting Team,17000392844,My Team,Bharat Chaudhary,bchaudhary@mycwt.com,agent_not_found,no,,,,,Kelly Brandt,kelly.brandt@amexgbt.com
Global Reporting Team,CWT Global Reporting Team,17000392844,My Team,Tinku Kumar,tkumar4@mycwt.com,agent_not_found,no,,,,,Kelly Brandt,kelly.brandt@amexgbt.com
Global Reporting Team,CWT Global Reporting Team,17000392844,My Team,Kavita Joshi,kjoshi@mycwt.com,agent_not_found,no,,,,,Kelly Brandt,kelly.brandt@amexgbt.com
Global Reporting Team,CWT Global Reporting Team,17000392844,My Team,Mukesh Khanduri,mkhanduri@mycwt.com,agent_not_found,no,,,,,Kelly Brandt,kelly.brandt@amexgbt.com
Global Security Incident Management,CWT Global Security Incident Management,17000393164,My Team,Sebastian Wlodarski,sebastian.wlodarski@amexgbt.com,member,yes_member,17004604932,Sebastian Wlodarski,yes,My Team,Sebastian Wlodarski,sebastian.wlodarski@amexgbt.com
Global Trip ID Approval Group,CWT Global Trip ID Approval Group,17000393165,My Team,Anna Mary-Marie Rose Tan,annamary-marierose.tan@amexgbt.com,member,yes_member,17004608530,Anna Mary-Marie Rose Tan,yes,My Team,Anna Mary-Marie Rose Tan,annamary-marierose.tan@amexgbt.com
Global Trip ID Approval Group,CWT Global Trip ID Approval Group,17000393165,My Team,Robenie Fernandez,robenie.fernandez@amexgbt.com,member,yes_member,17004608400,Robenie Fernandez,yes,My Team,Anna Mary-Marie Rose Tan,annamary-marierose.tan@amexgbt.com
Global Trip ID Approval Group,CWT Global Trip ID Approval Group,17000393165,My Team,Estele Jane Ortal,estelejane.ortal@amexgbt.com,member,yes_member,17004608383,Estele Jane Ortal,yes,My Team,Anna Mary-Marie Rose Tan,annamary-marierose.tan@amexgbt.com
Global Trip ID Support,CWT Global Trip ID Support,17000393663,My Team,Glen Bautista,glen.bautista@amexgbt.com,member,yes_member,17004608335,Glen Bautista,yes,My Team,Anna Mary-Marie Rose Tan,annamary-marierose.tan@amexgbt.com
Global Trip ID Support,CWT Global Trip ID Support,17000393663,My Team,John Harvey Sanchez,johnharvey.sanchez@amexgbt.com,member,yes_member,17004608544,John Harvey Sanchez,yes,My Team,Anna Mary-Marie Rose Tan,annamary-marierose.tan@amexgbt.com
Global Trip ID Support,CWT Global Trip ID Support,17000393663,My Team,Estele Jane Ortal,estelejane.ortal@amexgbt.com,member,yes_member,17004608383,Estele Jane Ortal,yes,My Team,Anna Mary-Marie Rose Tan,annamary-marierose.tan@amexgbt.com
Global Trip ID Support,CWT Global Trip ID Support,17000393663,My Team,Ryan Scalzo,ryan.scalzo@amexgbt.com,member,yes_member,17004605305,Ryan Scalzo,yes,My Team,Anna Mary-Marie Rose Tan,annamary-marierose.tan@amexgbt.com
Global Trip ID Support,CWT Global Trip ID Support,17000393663,My Team,Christian John Pascual,christianjohn.pascual@amexgbt.com,member,yes_member,17004608478,Christian John Pascual,yes,My Team,Anna Mary-Marie Rose Tan,annamary-marierose.tan@amexgbt.com
Global Trip ID Support,CWT Global Trip ID Support,17000393663,My Team,Anna Mary-Marie Rose Tan,annamary-marierose.tan@amexgbt.com,member,yes_member,17004608530,Anna Mary-Marie Rose Tan,yes,My Team,Anna Mary-Marie Rose Tan,annamary-marierose.tan@amexgbt.com
Global Voice Call Routing,CWT Global Voice Call Routing,17000393477,My Team,David Castillo,david.castillo2@amexgbt.com,not_in_group,no,17005058363,David Castillo,yes,My Team,David Castillo,david.castillo2@amexgbt.com
Global Voice Call Routing,CWT Global Voice Call Routing,17000393477,My Team,Clendel Joy Macairap,clendeljoy.macairap@amexgbt.com,member,yes_member,17004608586,Clendel Joy Macairap,yes,My Team,David Castillo,david.castillo2@amexgbt.com
Global Voice Call Routing,CWT Global Voice Call Routing,17000393477,My Team,Jerard Paul Gavilo,jerardpaul.gavilo@amexgbt.com,member,yes_member,17004608583,Jerard Paul Gavilo,yes,My Team,David Castillo,david.castillo2@amexgbt.com
Global Voice Call Routing,CWT Global Voice Call Routing,17000393477,My Team,Carl Angelo Barrinuevo,carlangelo.barrinuevo@amexgbt.com,member,yes_member,17004608574,Carl Angelo Barrinuevo,yes,My Team,David Castillo,david.castillo2@amexgbt.com
Global Voice Ops,CWT Global Voice Ops,17000393478,My Team,Tomasz Juszczynski,tomasz.juszczynski@amexgbt.com,member,yes_member,17004601240,Tomasz Juszczynski,yes,My Team,Robert Nino Apolinario,robertnino.apolinario@amexgbt.com
Global Voice Ops,CWT Global Voice Ops,17000393478,My Team,Nino Ullyses Bea,nbea@mycwt.com,agent_not_found,no,,,,,Robert Nino Apolinario,robertnino.apolinario@amexgbt.com
Global Voice Ops,CWT Global Voice Ops,17000393478,My Team,Gerry Gaddi,ggaddi@mycwt.com,agent_not_found,no,,,,,Robert Nino Apolinario,robertnino.apolinario@amexgbt.com
Global Voice Ops,CWT Global Voice Ops,17000393478,My Team,Raymond Dela Cruz,raymond.delacruz@amexgbt.com,member,yes_member,17004608580,Raymond Dela Cruz,yes,My Team,Robert Nino Apolinario,robertnino.apolinario@amexgbt.com
Global Voice Ops,CWT Global Voice Ops,17000393478,My Team,Robert Nino Apolinario,robertnino.apolinario@amexgbt.com,member,yes_member,17004608429,Robert Nino Apolinario,yes,My Team,Robert Nino Apolinario,robertnino.apolinario@amexgbt.com
Global Voice Ops,CWT Global Voice Ops,17000393478,My Team,John Lester Bermas,johnlester.bermas@amexgbt.com,member,yes_member,17004608558,John Lester Lester Bermas,yes,My Team,Robert Nino Apolinario,robertnino.apolinario@amexgbt.com
Global Voice Ops,CWT Global Voice Ops,17000393478,My Team,Edcel Flores,eflores2@mycwt.com,agent_not_found,no,,,,,Robert Nino Apolinario,robertnino.apolinario@amexgbt.com
Global Voice Ops,CWT Global Voice Ops,17000393478,My Team,Dennis Crisostomo,dennis.crisostomo@amexgbt.com,member,yes_member,17004608360,Dennis Crisostomo,yes,My Team,Robert Nino Apolinario,robertnino.apolinario@amexgbt.com
Global Voice Ops,CWT Global Voice Ops,17000393478,My Team,Ian Edwards,ian.edwards@amexgbt.com,member,yes_member,17004605666,Ian Edwards,yes,My Team,Robert Nino Apolinario,robertnino.apolinario@amexgbt.com
Global.ME.Analytics,,,,Catherine Caldwell,catherine.caldwell@amexgbt.com,group_unmatched,no,,,,,Catherine Caldwell,catherine.caldwell@amexgbt.com
GLORY IMPLEMENTATION,CWT GLORY IMPLEMENTATION,17000393664,My Team,Emmanuel Antoine,emmanuel.antoine@amexgbt.com,member,yes_member,17004610876,Emmanuel Antoine,yes,My Team,David Rey,david.rey@amexgbt.com
GLORY IMPLEMENTATION,CWT GLORY IMPLEMENTATION,17000393664,My Team,David Rey,david.rey@amexgbt.com,member,yes_member,17004605822,David Rey,yes,My Team,David Rey,david.rey@amexgbt.com
GLORY IMPLEMENTATION,CWT GLORY IMPLEMENTATION,17000393664,My Team,Tanya Swanson,tanya.swanson@amexgbt.com,member,yes_member,17004603413,Tanya Swanson,yes,My Team,David Rey,david.rey@amexgbt.com
Glory Tables Maintenance,CWT Glory Tables Maintenance,17000393665,My Team,Jitendra Jaiman,jitendra.jaiman@amexgbt.com,member,yes_member,17004605016,Jitendra Jaiman,yes,My Team,Juan Gomez,juan.gomez@amexgbt.com
Glory Tables Maintenance,CWT Glory Tables Maintenance,17000393665,My Team,Shivani Sati,shivani.sati@amexgbt.com,member,yes_member,17004603751,Shivani Sati,yes,My Team,Juan Gomez,juan.gomez@amexgbt.com
Glory Tables Maintenance,CWT Glory Tables Maintenance,17000393665,My Team,Angela Hernandez,angela.hernandez@amexgbt.com,member,yes_member,17004606561,Angela Hernandez,yes,My Team,Juan Gomez,juan.gomez@amexgbt.com
Glory Tables Maintenance,CWT Glory Tables Maintenance,17000393665,My Team,Deepa Savara,deepa.savara@amexgbt.com,member,yes_member,17004604473,Deepa Savara,yes,My Team,Juan Gomez,juan.gomez@amexgbt.com
Glory Tables Maintenance,CWT Glory Tables Maintenance,17000393665,My Team,Seema Dass,seema.dass@amexgbt.com,member,yes_member,17004604246,Seema Dass,yes,My Team,Juan Gomez,juan.gomez@amexgbt.com
Glory Tables Maintenance,CWT Glory Tables Maintenance,17000393665,My Team,Juan Gomez,juan.gomez@amexgbt.com,member,yes_member,17004606357,Juan Gomez,yes,My Team,Juan Gomez,juan.gomez@amexgbt.com
Glory Tables Maintenance,CWT Glory Tables Maintenance,17000393665,My Team,Ashish Negi,ashish.negi1@amexgbt.com,member,yes_member,17004604658,Ashish Negi,yes,My Team,Juan Gomez,juan.gomez@amexgbt.com
Glory Tables Maintenance,CWT Glory Tables Maintenance,17000393665,My Team,Ankur Das,ankur.das@amexgbt.com,member,yes_member,17004604442,Ankur Das,yes,My Team,Juan Gomez,juan.gomez@amexgbt.com
GOVERNMENT,CWT GOVERNMENT,17000393666,My Team,Anna Wallace,awallace@cwtsato.com,agent_not_found,no,,,,,Phillip Greenhagen,phillip.greenhagen@amexgbt.com
GOVERNMENT,CWT GOVERNMENT,17000393666,My Team,Kevin Pascoe,kevin.pascoe@amexgbt.com,member,yes_member,17004602755,Kevin Pascoe,yes,My Team,Phillip Greenhagen,phillip.greenhagen@amexgbt.com
GOVERNMENT,CWT GOVERNMENT,17000393666,My Team,Phillip Greenhagen,phillip.greenhagen@amexgbt.com,member,yes_member,17004603428,Phillip Greenhagen,yes,My Team,Phillip Greenhagen,phillip.greenhagen@amexgbt.com
GOVERNMENT SETTLEMENT,CWT GOVERNMENT SETTLEMENT,17000393166,My Team,Tammy Northrup,tammy.northrup@amexgbt.com,member,yes_member,17004603247,Tammy Northrup,yes,My Team,Sara Sullivan,sara.sullivan@amexgbt.com
GOVERNMENT SETTLEMENT,CWT GOVERNMENT SETTLEMENT,17000393166,My Team,Zenitha Farrier,zfarrier@cwtsato.com,agent_not_found,no,,,,,Sara Sullivan,sara.sullivan@amexgbt.com
GPN Bahrain,CWT GPN Bahrain,17000393167,My Team,Jay Garcia,jgarcia@mycwt.ae,agent_not_found,no,,,,,Melanie Low,melanie.low@amexgbt.com
GPN Bahrain,CWT GPN Bahrain,17000393167,My Team,Parvinder Singh,psingh@mycwt.ae,agent_not_found,no,,,,,Melanie Low,melanie.low@amexgbt.com
GPN Korea Republic,CWT GPN Korea Republic,17000393168,My Team,Charles An,charles.an@mycwt.kr,agent_not_found,no,,,,,Melanie Low,melanie.low@amexgbt.com
GPN Kuwait,CWT GPN Kuwait,17000393169,My Team,Parvinder Singh,psingh@mycwt.ae,agent_not_found,no,,,,,Melanie Low,melanie.low@amexgbt.com
GPN Kuwait,CWT GPN Kuwait,17000393169,My Team,Jay Garcia,jgarcia@mycwt.ae,agent_not_found,no,,,,,Melanie Low,melanie.low@amexgbt.com
GPN Oman,CWT GPN Oman,17000393170,My Team,Parvinder Singh,psingh@mycwt.ae,agent_not_found,no,,,,,Melanie Low,melanie.low@amexgbt.com
GPN Oman,CWT GPN Oman,17000393170,My Team,Jay Garcia,jgarcia@mycwt.ae,agent_not_found,no,,,,,Melanie Low,melanie.low@amexgbt.com
GPN Portugal/Angola,CWT GPN Portugal/Angola,17000393171,My Team,Carla Henriques,chenriques@mycwt.pt,agent_not_found,no,,,,,Melanie Low,melanie.low@amexgbt.com
GPN Qatar,CWT GPN Qatar,17000393172,My Team,Jay Garcia,jgarcia@mycwt.ae,agent_not_found,no,,,,,Melanie Low,melanie.low@amexgbt.com
GPN Qatar,CWT GPN Qatar,17000393172,My Team,Parvinder Singh,psingh@mycwt.ae,agent_not_found,no,,,,,Melanie Low,melanie.low@amexgbt.com
GPN Russia,CWT GPN Russia,17000393173,My Team,Yulia Svodnina,y.svodnina@mycwt.ru,agent_not_found,no,,,,,Melanie Low,melanie.low@amexgbt.com
GPN Slovakia,CWT GPN Slovakia,17000393174,My Team,Robert Mikita,rmikita@mycwt.sk,agent_not_found,no,,,,,Melanie Low,melanie.low@amexgbt.com
GPN South Africa,CWT GPN South Africa,17000393175,My Team,Kerry Peddle,kerry.peddle@amexgbt.com,member,yes_member,17004605738,Kerry Peddle,yes,My Team,Melanie Low,melanie.low@amexgbt.com
GPN South Africa,CWT GPN South Africa,17000393175,My Team,Kathleen Duffy,kathleen.duffy@amexgbt.com,member,yes_member,17004605597,Kathleen Duffy,yes,My Team,Melanie Low,melanie.low@amexgbt.com
GPN South Africa,CWT GPN South Africa,17000393175,My Team,Damian Jurzyk,damian.jurzyk@amexgbt.com,member,yes_member,17004606867,Damian Jurzyk,yes,My Team,Melanie Low,melanie.low@amexgbt.com
GPN United Arab Emirates,CWT GPN United Arab Emirates,17000393176,My Team,Parvinder Singh,psingh@mycwt.ae,agent_not_found,no,,,,,Melanie Low,melanie.low@amexgbt.com
GPN United Arab Emirates,CWT GPN United Arab Emirates,17000393176,My Team,Kerry Peddle,kerry.peddle@amexgbt.com,member,yes_member,17004605738,Kerry Peddle,yes,My Team,Melanie Low,melanie.low@amexgbt.com
GPN United Arab Emirates,CWT GPN United Arab Emirates,17000393176,My Team,Jay Garcia,jgarcia@mycwt.ae,agent_not_found,no,,,,,Melanie Low,melanie.low@amexgbt.com
GPN United Arab Emirates,CWT GPN United Arab Emirates,17000393176,My Team,Damian Jurzyk,damian.jurzyk@amexgbt.com,member,yes_member,17004606867,Damian Jurzyk,yes,My Team,Melanie Low,melanie.low@amexgbt.com
GPN United Arab Emirates,CWT GPN United Arab Emirates,17000393176,My Team,Kathleen Duffy,kathleen.duffy@amexgbt.com,member,yes_member,17004605597,Kathleen Duffy,yes,My Team,Melanie Low,melanie.low@amexgbt.com
GSC Development Team,CWT GSC Development Team,17000393667,My Team,Saurabh Jain,saurabh.jain1@amexgbt.com,member,yes_member,17004605184,Saurabh Jain,yes,My Team,Saurabh Jain,saurabh.jain1@amexgbt.com
GSC EDI Spain,CWT GSC EDI Spain,17000393668,My Team,Mukund Gautam,mgautam@mycwt.com,agent_not_found,no,,,,,Mukund Gautam,MGautam@mycwt.com
GSC PL Project Management,CWT GSC PL Project Management,17000393180,My Team,Radek Dabrowski,radek.dabrowski@amexgbt.com,member,yes_member,17004606870,Radek Dabrowski,yes,My Team,Marcin Falkowski,marcin.falkowski@amexgbt.com
GSC PL Project Management,CWT GSC PL Project Management,17000393180,My Team,Agnieszka Kapron,agnieszka.kapron@amexgbt.com,member,yes_member,17004606717,Agnieszka Kapron,yes,My Team,Marcin Falkowski,marcin.falkowski@amexgbt.com
GSC Poland CUS Siemens,,,,Katarzyna Korczynska Janik,katarzyna.korczynskajanik@amexgbt.com,group_unmatched,no,,,,,Marcin Falkowski,marcin.falkowski@amexgbt.com
GSC TSE,CWT GSC TSE,17000393181,My Team,Sumit Kumar,sumit.kumar5@amexgbt.com,agent_not_found,no,,,,,Salil Bakshi,salil.bakshi@amexgbt.com
GSC TSE,CWT GSC TSE,17000393181,My Team,Salil Bakshi,salil.bakshi@amexgbt.com,member,yes_member,17004605140,Salil Bakshi,yes,My Team,Salil Bakshi,salil.bakshi@amexgbt.com
GSC TSE,CWT GSC TSE,17000393181,My Team,Ria Grover,ria.grover@amexgbt.com,member,yes_member,17004604541,Ria Grover,yes,My Team,Salil Bakshi,salil.bakshi@amexgbt.com
GSC TSE,CWT GSC TSE,17000393181,My Team,Vikram Singh,vikram.singh2@amexgbt.com,member,yes_member,17004604519,Vikram Singh,yes,My Team,Salil Bakshi,salil.bakshi@amexgbt.com
GSC TSE,CWT GSC TSE,17000393181,My Team,Raman John,raman.john@amexgbt.com,member,yes_member,17004604957,Raman John,yes,My Team,Salil Bakshi,salil.bakshi@amexgbt.com
GSC TSE,CWT GSC TSE,17000393181,My Team,Monika Chaudhary,monika.chaudhary@amexgbt.com,member,yes_member,17004605031,Monika Chaudhary,yes,My Team,Salil Bakshi,salil.bakshi@amexgbt.com
GSC TSE,CWT GSC TSE,17000393181,My Team,Aklesh Kumar,aklesh.kumar@amexgbt.com,member,yes_member,17004604740,Aklesh Kumar,yes,My Team,Salil Bakshi,salil.bakshi@amexgbt.com
GSD ESP/POR LATAM,CWT GSD ESP/POR LATAM,17000393669,My Team,Jason De Jesus,jason.dejesus@amexgbt.com,member,yes_member,17004608776,Jason De Jesus,yes,My Team,Geoffrey Gemoto,geoffrey.gemoto@amexgbt.com
GSD ESP/POR LATAM,CWT GSD ESP/POR LATAM,17000393669,My Team,Daniel Fernandez,daniel.fernandez@amexgbt.com,member,yes_member,17004608668,Daniel Fernandez,yes,My Team,Geoffrey Gemoto,geoffrey.gemoto@amexgbt.com
GSD ESP/POR LATAM,CWT GSD ESP/POR LATAM,17000393669,My Team,Mark Joseph Reguerra,markjoseph.reguerra@amexgbt.com,member,yes_member,17004684691,Mark Joseph Reguerra,yes,My Team,Geoffrey Gemoto,geoffrey.gemoto@amexgbt.com
GSD ESP/POR LATAM,CWT GSD ESP/POR LATAM,17000393669,My Team,Ronaldo Quiambao,ronaldo.quiambao@amexgbt.com,member,yes_member,17004608657,Ronaldo Quiambao,yes,My Team,Geoffrey Gemoto,geoffrey.gemoto@amexgbt.com
GSD ESP/POR LATAM,CWT GSD ESP/POR LATAM,17000393669,My Team,Perseus Tanada,perseus.tanada@amexgbt.com,member,yes_member,17004608662,Perseus Tanada,yes,My Team,Geoffrey Gemoto,geoffrey.gemoto@amexgbt.com
GSD ESP/POR LATAM,CWT GSD ESP/POR LATAM,17000393669,My Team,Jomarie Fabros,jomarie.fabros@amexgbt.com,member,yes_member,17004608689,Jomarie Fabros,yes,My Team,Geoffrey Gemoto,geoffrey.gemoto@amexgbt.com
GSD ESP/POR LATAM,CWT GSD ESP/POR LATAM,17000393669,My Team,Aman Handuja,aman.handuja@amexgbt.com,agent_not_found,no,,,,,Geoffrey Gemoto,geoffrey.gemoto@amexgbt.com
GSD ESP/POR LATAM,CWT GSD ESP/POR LATAM,17000393669,My Team,Ernielyn Villanueva,ernielyn.villanueva@amexgbt.com,member,yes_member,17004608420,Ernielyn Villanueva,yes,My Team,Geoffrey Gemoto,geoffrey.gemoto@amexgbt.com
GSD ESP/POR LATAM,CWT GSD ESP/POR LATAM,17000393669,My Team,Jose Paolo Madrazo,josepaolo.madrazo@amexgbt.com,member,yes_member,17004608215,Jose Paolo Madrazo,yes,My Team,Geoffrey Gemoto,geoffrey.gemoto@amexgbt.com
GSD ESP/POR LATAM,CWT GSD ESP/POR LATAM,17000393669,My Team,EDMON SALONGA,edmon.salonga@amexgbt.com,member,yes_member,17004608669,EDMON SALONGA,yes,My Team,Geoffrey Gemoto,geoffrey.gemoto@amexgbt.com
GSD ESP/POR LATAM,CWT GSD ESP/POR LATAM,17000393669,My Team,Bryan Beltran,bryan.beltran@amexgbt.com,member,yes_member,17004608679,Bryan Beltran,yes,My Team,Geoffrey Gemoto,geoffrey.gemoto@amexgbt.com
GSD ESP/POR LATAM,CWT GSD ESP/POR LATAM,17000393669,My Team,Limuel Gallego,limuel.gallego@amexgbt.com,member,yes_member,17004608691,Limuel Gallego,yes,My Team,Geoffrey Gemoto,geoffrey.gemoto@amexgbt.com
GSD ESP/POR LATAM,CWT GSD ESP/POR LATAM,17000393669,My Team,Melanie Tapoc,melanie.tapoc@amexgbt.com,member,yes_member,17004608663,Melanie Tapoc,yes,My Team,Geoffrey Gemoto,geoffrey.gemoto@amexgbt.com
GSD ESP/POR LATAM,CWT GSD ESP/POR LATAM,17000393669,My Team,Sandro Palisoc,sandro.palisoc@amexgbt.com,member,yes_member,17004608654,Sandro Palisoc,yes,My Team,Geoffrey Gemoto,geoffrey.gemoto@amexgbt.com
GSD ESP/POR LATAM,CWT GSD ESP/POR LATAM,17000393669,My Team,Laarni Ricafort,laarni.ricafort@amexgbt.com,member,yes_member,17004608658,Laarni Ricafort,yes,My Team,Geoffrey Gemoto,geoffrey.gemoto@amexgbt.com
GSD ESP/POR LATAM,CWT GSD ESP/POR LATAM,17000393669,My Team,Mark Anthony Tequin,markanthony.tequin@amexgbt.com,member,yes_member,17004608225,Mark Anthony Tequin,yes,My Team,Geoffrey Gemoto,geoffrey.gemoto@amexgbt.com
GSD ESP/POR LATAM,CWT GSD ESP/POR LATAM,17000393669,My Team,Jeanne Risha Aldave,jeannerisha.aldave@amexgbt.com,member,yes_member,17004608674,Jeanne Risha Aldave,yes,My Team,Geoffrey Gemoto,geoffrey.gemoto@amexgbt.com
GSD ESP/POR LATAM,CWT GSD ESP/POR LATAM,17000393669,My Team,Andrew James Lagrana,andrewjames.lagrana@amexgbt.com,member,yes_member,17004608646,Andrew James Lagrana,yes,My Team,Geoffrey Gemoto,geoffrey.gemoto@amexgbt.com
GSD Global Leaders,CWT GSD Global Leaders,17000393185,My Team,Geoffrey Gemoto,geoffrey.gemoto@amexgbt.com,member,yes_member,17004608431,Geoffrey Gemoto,yes,My Team,Geoffrey Gemoto,geoffrey.gemoto@amexgbt.com
GSD Global Leaders,CWT GSD Global Leaders,17000393185,My Team,Ernielyn Villanueva,ernielyn.villanueva@amexgbt.com,member,yes_member,17004608420,Ernielyn Villanueva,yes,My Team,Geoffrey Gemoto,geoffrey.gemoto@amexgbt.com
GSD KB Management,CWT GSD KB Management,17000393187,My Team,Ernielyn Villanueva,ernielyn.villanueva@amexgbt.com,member,yes_member,17004608420,Ernielyn Villanueva,yes,My Team,Ernielyn Villanueva,ernielyn.villanueva@amexgbt.com
GSD KB Management,CWT GSD KB Management,17000393187,My Team,Jose Paolo Madrazo,josepaolo.madrazo@amexgbt.com,member,yes_member,17004608215,Jose Paolo Madrazo,yes,My Team,Ernielyn Villanueva,ernielyn.villanueva@amexgbt.com
GSD KB Management,CWT GSD KB Management,17000393187,My Team,Jason De Jesus,jason.dejesus@amexgbt.com,member,yes_member,17004608776,Jason De Jesus,yes,My Team,Ernielyn Villanueva,ernielyn.villanueva@amexgbt.com
GSD KB Management,CWT GSD KB Management,17000393187,My Team,EDMON SALONGA,edmon.salonga@amexgbt.com,member,yes_member,17004608669,EDMON SALONGA,yes,My Team,Ernielyn Villanueva,ernielyn.villanueva@amexgbt.com
GSD KB Management,CWT GSD KB Management,17000393187,My Team,Piotr Rembielinski,piotr.rembielinski@amexgbt.com,member,yes_member,17004601159,Piotr Rembielinski,yes,My Team,Ernielyn Villanueva,ernielyn.villanueva@amexgbt.com
GSD KB Management,CWT GSD KB Management,17000393187,My Team,Mark Anthony Tequin,markanthony.tequin@amexgbt.com,member,yes_member,17004608225,Mark Anthony Tequin,yes,My Team,Ernielyn Villanueva,ernielyn.villanueva@amexgbt.com
GSD KB Management,CWT GSD KB Management,17000393187,My Team,Daniel Fernandez,daniel.fernandez@amexgbt.com,member,yes_member,17004608668,Daniel Fernandez,yes,My Team,Ernielyn Villanueva,ernielyn.villanueva@amexgbt.com
GSD KB Management,CWT GSD KB Management,17000393187,My Team,Mark Joseph Reguerra,markjoseph.reguerra@amexgbt.com,member,yes_member,17004684691,Mark Joseph Reguerra,yes,My Team,Ernielyn Villanueva,ernielyn.villanueva@amexgbt.com
GSD KB Management,CWT GSD KB Management,17000393187,My Team,Geoffrey Gemoto,geoffrey.gemoto@amexgbt.com,member,yes_member,17004608431,Geoffrey Gemoto,yes,My Team,Ernielyn Villanueva,ernielyn.villanueva@amexgbt.com
GSD L1 DEU EMEA,CWT GSD L1 DEU EMEA,17000393670,My Team,Jose Paolo Madrazo,josepaolo.madrazo@amexgbt.com,member,yes_member,17004608215,Jose Paolo Madrazo,yes,My Team,Geoffrey Gemoto,geoffrey.gemoto@amexgbt.com
GSD L1 DEU EMEA,CWT GSD L1 DEU EMEA,17000393670,My Team,Jason De Jesus,jason.dejesus@amexgbt.com,member,yes_member,17004608776,Jason De Jesus,yes,My Team,Geoffrey Gemoto,geoffrey.gemoto@amexgbt.com
GSD L1 DEU EMEA,CWT GSD L1 DEU EMEA,17000393670,My Team,Melanie Tapoc,melanie.tapoc@amexgbt.com,member,yes_member,17004608663,Melanie Tapoc,yes,My Team,Geoffrey Gemoto,geoffrey.gemoto@amexgbt.com
GSD L1 DEU EMEA,CWT GSD L1 DEU EMEA,17000393670,My Team,Issa Ibrahim,issa.ibrahim@amexgbt.com,member,yes_member,17004601286,Issa Ibrahim,yes,My Team,Geoffrey Gemoto,geoffrey.gemoto@amexgbt.com
GSD L1 DEU EMEA,CWT GSD L1 DEU EMEA,17000393670,My Team,EDMON SALONGA,edmon.salonga@amexgbt.com,member,yes_member,17004608669,EDMON SALONGA,yes,My Team,Geoffrey Gemoto,geoffrey.gemoto@amexgbt.com
GSD L1 DEU EMEA,CWT GSD L1 DEU EMEA,17000393670,My Team,Bryan Beltran,bryan.beltran@amexgbt.com,member,yes_member,17004608679,Bryan Beltran,yes,My Team,Geoffrey Gemoto,geoffrey.gemoto@amexgbt.com
GSD L1 DEU EMEA,CWT GSD L1 DEU EMEA,17000393670,My Team,Alexter John Tupaz,alexterjohn.tupaz@amexgbt.com,member,yes_member,17004608550,Alexter John Tupaz,yes,My Team,Geoffrey Gemoto,geoffrey.gemoto@amexgbt.com
GSD L1 DEU EMEA,CWT GSD L1 DEU EMEA,17000393670,My Team,Geoffrey Gemoto,geoffrey.gemoto@amexgbt.com,member,yes_member,17004608431,Geoffrey Gemoto,yes,My Team,Geoffrey Gemoto,geoffrey.gemoto@amexgbt.com
GSD L1 DEU EMEA,CWT GSD L1 DEU EMEA,17000393670,My Team,Sandro Palisoc,sandro.palisoc@amexgbt.com,member,yes_member,17004608654,Sandro Palisoc,yes,My Team,Geoffrey Gemoto,geoffrey.gemoto@amexgbt.com
GSD L1 DEU EMEA,CWT GSD L1 DEU EMEA,17000393670,My Team,Perseus Tanada,perseus.tanada@amexgbt.com,member,yes_member,17004608662,Perseus Tanada,yes,My Team,Geoffrey Gemoto,geoffrey.gemoto@amexgbt.com
GSD L1 DEU EMEA,CWT GSD L1 DEU EMEA,17000393670,My Team,Aman Handuja,aman.handuja@amexgbt.com,agent_not_found,no,,,,,Geoffrey Gemoto,geoffrey.gemoto@amexgbt.com
GSD L1 DEU EMEA,CWT GSD L1 DEU EMEA,17000393670,My Team,Daniel Fernandez,daniel.fernandez@amexgbt.com,member,yes_member,17004608668,Daniel Fernandez,yes,My Team,Geoffrey Gemoto,geoffrey.gemoto@amexgbt.com
GSD L1 DEU EMEA,CWT GSD L1 DEU EMEA,17000393670,My Team,Limuel Gallego,limuel.gallego@amexgbt.com,member,yes_member,17004608691,Limuel Gallego,yes,My Team,Geoffrey Gemoto,geoffrey.gemoto@amexgbt.com
GSD L1 DEU EMEA,CWT GSD L1 DEU EMEA,17000393670,My Team,Ronaldo Quiambao,ronaldo.quiambao@amexgbt.com,member,yes_member,17004608657,Ronaldo Quiambao,yes,My Team,Geoffrey Gemoto,geoffrey.gemoto@amexgbt.com
GSD L1 DEU EMEA,CWT GSD L1 DEU EMEA,17000393670,My Team,Jeanne Risha Aldave,jeannerisha.aldave@amexgbt.com,member,yes_member,17004608674,Jeanne Risha Aldave,yes,My Team,Geoffrey Gemoto,geoffrey.gemoto@amexgbt.com
GSD L1 DEU EMEA,CWT GSD L1 DEU EMEA,17000393670,My Team,Mark Joseph Reguerra,markjoseph.reguerra@amexgbt.com,member,yes_member,17004684691,Mark Joseph Reguerra,yes,My Team,Geoffrey Gemoto,geoffrey.gemoto@amexgbt.com
GSD L1 DEU EMEA,CWT GSD L1 DEU EMEA,17000393670,My Team,Andrew James Lagrana,andrewjames.lagrana@amexgbt.com,member,yes_member,17004608646,Andrew James Lagrana,yes,My Team,Geoffrey Gemoto,geoffrey.gemoto@amexgbt.com
GSD L1 DEU EMEA,CWT GSD L1 DEU EMEA,17000393670,My Team,Ernielyn Villanueva,ernielyn.villanueva@amexgbt.com,member,yes_member,17004608420,Ernielyn Villanueva,yes,My Team,Geoffrey Gemoto,geoffrey.gemoto@amexgbt.com
GSD L1 DEU EMEA,CWT GSD L1 DEU EMEA,17000393670,My Team,Jomarie Fabros,jomarie.fabros@amexgbt.com,member,yes_member,17004608689,Jomarie Fabros,yes,My Team,Geoffrey Gemoto,geoffrey.gemoto@amexgbt.com
GSD L1 DEU EMEA,CWT GSD L1 DEU EMEA,17000393670,My Team,Laarni Ricafort,laarni.ricafort@amexgbt.com,member,yes_member,17004608658,Laarni Ricafort,yes,My Team,Geoffrey Gemoto,geoffrey.gemoto@amexgbt.com
GSD L1 DEU EMEA,CWT GSD L1 DEU EMEA,17000393670,My Team,Renz Almer Tolosa,renzalmer.tolosa@amexgbt.com,member,yes_member,17004608212,Renz Almer Tolosa,yes,My Team,Geoffrey Gemoto,geoffrey.gemoto@amexgbt.com
GSD L1 ENG APAC,CWT GSD L1 ENG APAC,17000392758,My Team,Geoffrey Gemoto,geoffrey.gemoto@amexgbt.com,member,yes_member,17004608431,Geoffrey Gemoto,yes,My Team,Geoffrey Gemoto,geoffrey.gemoto@amexgbt.com
GSD L1 ENG APAC,CWT GSD L1 ENG APAC,17000392758,My Team,Ernielyn Villanueva,ernielyn.villanueva@amexgbt.com,member,yes_member,17004608420,Ernielyn Villanueva,yes,My Team,Geoffrey Gemoto,geoffrey.gemoto@amexgbt.com
GSD L1 ENG APAC,CWT GSD L1 ENG APAC,17000392758,My Team,Perseus Tanada,perseus.tanada@amexgbt.com,member,yes_member,17004608662,Perseus Tanada,yes,My Team,Geoffrey Gemoto,geoffrey.gemoto@amexgbt.com
GSD L1 ENG APAC,CWT GSD L1 ENG APAC,17000392758,My Team,EDMON SALONGA,edmon.salonga@amexgbt.com,member,yes_member,17004608669,EDMON SALONGA,yes,My Team,Geoffrey Gemoto,geoffrey.gemoto@amexgbt.com
GSD L1 ENG APAC,CWT GSD L1 ENG APAC,17000392758,My Team,Sandro Palisoc,sandro.palisoc@amexgbt.com,member,yes_member,17004608654,Sandro Palisoc,yes,My Team,Geoffrey Gemoto,geoffrey.gemoto@amexgbt.com
GSD L1 ENG APAC,CWT GSD L1 ENG APAC,17000392758,My Team,Jose Paolo Madrazo,josepaolo.madrazo@amexgbt.com,member,yes_member,17004608215,Jose Paolo Madrazo,yes,My Team,Geoffrey Gemoto,geoffrey.gemoto@amexgbt.com
GSD L1 ENG APAC,CWT GSD L1 ENG APAC,17000392758,My Team,Andrew James Lagrana,andrewjames.lagrana@amexgbt.com,member,yes_member,17004608646,Andrew James Lagrana,yes,My Team,Geoffrey Gemoto,geoffrey.gemoto@amexgbt.com
GSD L1 ENG APAC,CWT GSD L1 ENG APAC,17000392758,My Team,Bryan Beltran,bryan.beltran@amexgbt.com,member,yes_member,17004608679,Bryan Beltran,yes,My Team,Geoffrey Gemoto,geoffrey.gemoto@amexgbt.com
GSD L1 ENG APAC,CWT GSD L1 ENG APAC,17000392758,My Team,Jeanne Risha Aldave,jeannerisha.aldave@amexgbt.com,member,yes_member,17004608674,Jeanne Risha Aldave,yes,My Team,Geoffrey Gemoto,geoffrey.gemoto@amexgbt.com
GSD L1 ENG APAC,CWT GSD L1 ENG APAC,17000392758,My Team,Mark Joseph Reguerra,markjoseph.reguerra@amexgbt.com,member,yes_member,17004684691,Mark Joseph Reguerra,yes,My Team,Geoffrey Gemoto,geoffrey.gemoto@amexgbt.com
GSD L1 ENG APAC,CWT GSD L1 ENG APAC,17000392758,My Team,Jomarie Fabros,jomarie.fabros@amexgbt.com,member,yes_member,17004608689,Jomarie Fabros,yes,My Team,Geoffrey Gemoto,geoffrey.gemoto@amexgbt.com
GSD L1 ENG APAC,CWT GSD L1 ENG APAC,17000392758,My Team,Daniel Fernandez,daniel.fernandez@amexgbt.com,member,yes_member,17004608668,Daniel Fernandez,yes,My Team,Geoffrey Gemoto,geoffrey.gemoto@amexgbt.com
GSD L1 ENG APAC,CWT GSD L1 ENG APAC,17000392758,My Team,Laarni Ricafort,laarni.ricafort@amexgbt.com,member,yes_member,17004608658,Laarni Ricafort,yes,My Team,Geoffrey Gemoto,geoffrey.gemoto@amexgbt.com
GSD L1 ENG APAC,CWT GSD L1 ENG APAC,17000392758,My Team,Mark Anthony Tequin,markanthony.tequin@amexgbt.com,member,yes_member,17004608225,Mark Anthony Tequin,yes,My Team,Geoffrey Gemoto,geoffrey.gemoto@amexgbt.com
GSD L1 ENG APAC,CWT GSD L1 ENG APAC,17000392758,My Team,Jason De Jesus,jason.dejesus@amexgbt.com,member,yes_member,17004608776,Jason De Jesus,yes,My Team,Geoffrey Gemoto,geoffrey.gemoto@amexgbt.com
GSD L1 ENG APAC,CWT GSD L1 ENG APAC,17000392758,My Team,Ronaldo Quiambao,ronaldo.quiambao@amexgbt.com,member,yes_member,17004608657,Ronaldo Quiambao,yes,My Team,Geoffrey Gemoto,geoffrey.gemoto@amexgbt.com
GSD L1 ENG APAC,CWT GSD L1 ENG APAC,17000392758,My Team,Melanie Tapoc,melanie.tapoc@amexgbt.com,member,yes_member,17004608663,Melanie Tapoc,yes,My Team,Geoffrey Gemoto,geoffrey.gemoto@amexgbt.com
GSD L1 ENG APAC,CWT GSD L1 ENG APAC,17000392758,My Team,Aman Handuja,aman.handuja@amexgbt.com,agent_not_found,no,,,,,Geoffrey Gemoto,geoffrey.gemoto@amexgbt.com
GSD L1 ENG APAC,CWT GSD L1 ENG APAC,17000392758,My Team,Limuel Gallego,limuel.gallego@amexgbt.com,member,yes_member,17004608691,Limuel Gallego,yes,My Team,Geoffrey Gemoto,geoffrey.gemoto@amexgbt.com
GSD L1 ENG EMEA,CWT GSD L1 ENG EMEA,17000392845,My Team,Laarni Ricafort,laarni.ricafort@amexgbt.com,member,yes_member,17004608658,Laarni Ricafort,yes,My Team,Geoffrey Gemoto,geoffrey.gemoto@amexgbt.com
GSD L1 ENG EMEA,CWT GSD L1 ENG EMEA,17000392845,My Team,Andrew James Lagrana,andrewjames.lagrana@amexgbt.com,member,yes_member,17004608646,Andrew James Lagrana,yes,My Team,Geoffrey Gemoto,geoffrey.gemoto@amexgbt.com
GSD L1 ENG EMEA,CWT GSD L1 ENG EMEA,17000392845,My Team,Jomarie Fabros,jomarie.fabros@amexgbt.com,member,yes_member,17004608689,Jomarie Fabros,yes,My Team,Geoffrey Gemoto,geoffrey.gemoto@amexgbt.com
GSD L1 ENG EMEA,CWT GSD L1 ENG EMEA,17000392845,My Team,Geoffrey Gemoto,geoffrey.gemoto@amexgbt.com,member,yes_member,17004608431,Geoffrey Gemoto,yes,My Team,Geoffrey Gemoto,geoffrey.gemoto@amexgbt.com
GSD L1 ENG EMEA,CWT GSD L1 ENG EMEA,17000392845,My Team,Mark Anthony Tequin,markanthony.tequin@amexgbt.com,member,yes_member,17004608225,Mark Anthony Tequin,yes,My Team,Geoffrey Gemoto,geoffrey.gemoto@amexgbt.com
GSD L1 ENG EMEA,CWT GSD L1 ENG EMEA,17000392845,My Team,Ernielyn Villanueva,ernielyn.villanueva@amexgbt.com,member,yes_member,17004608420,Ernielyn Villanueva,yes,My Team,Geoffrey Gemoto,geoffrey.gemoto@amexgbt.com
GSD L1 ENG EMEA,CWT GSD L1 ENG EMEA,17000392845,My Team,Jason De Jesus,jason.dejesus@amexgbt.com,member,yes_member,17004608776,Jason De Jesus,yes,My Team,Geoffrey Gemoto,geoffrey.gemoto@amexgbt.com
GSD L1 ENG EMEA,CWT GSD L1 ENG EMEA,17000392845,My Team,Jeanne Risha Aldave,jeannerisha.aldave@amexgbt.com,member,yes_member,17004608674,Jeanne Risha Aldave,yes,My Team,Geoffrey Gemoto,geoffrey.gemoto@amexgbt.com
GSD L1 ENG EMEA,CWT GSD L1 ENG EMEA,17000392845,My Team,Perseus Tanada,perseus.tanada@amexgbt.com,member,yes_member,17004608662,Perseus Tanada,yes,My Team,Geoffrey Gemoto,geoffrey.gemoto@amexgbt.com
GSD L1 ENG EMEA,CWT GSD L1 ENG EMEA,17000392845,My Team,EDMON SALONGA,edmon.salonga@amexgbt.com,member,yes_member,17004608669,EDMON SALONGA,yes,My Team,Geoffrey Gemoto,geoffrey.gemoto@amexgbt.com
GSD L1 ENG EMEA,CWT GSD L1 ENG EMEA,17000392845,My Team,Sandro Palisoc,sandro.palisoc@amexgbt.com,member,yes_member,17004608654,Sandro Palisoc,yes,My Team,Geoffrey Gemoto,geoffrey.gemoto@amexgbt.com
GSD L1 ENG EMEA,CWT GSD L1 ENG EMEA,17000392845,My Team,Jose Paolo Madrazo,josepaolo.madrazo@amexgbt.com,member,yes_member,17004608215,Jose Paolo Madrazo,yes,My Team,Geoffrey Gemoto,geoffrey.gemoto@amexgbt.com
GSD L1 ENG EMEA,CWT GSD L1 ENG EMEA,17000392845,My Team,Mark Joseph Reguerra,markjoseph.reguerra@amexgbt.com,member,yes_member,17004684691,Mark Joseph Reguerra,yes,My Team,Geoffrey Gemoto,geoffrey.gemoto@amexgbt.com
GSD L1 ENG EMEA,CWT GSD L1 ENG EMEA,17000392845,My Team,Limuel Gallego,limuel.gallego@amexgbt.com,member,yes_member,17004608691,Limuel Gallego,yes,My Team,Geoffrey Gemoto,geoffrey.gemoto@amexgbt.com
GSD L1 ENG EMEA,CWT GSD L1 ENG EMEA,17000392845,My Team,Aman Handuja,aman.handuja@amexgbt.com,agent_not_found,no,,,,,Geoffrey Gemoto,geoffrey.gemoto@amexgbt.com
GSD L1 ENG EMEA,CWT GSD L1 ENG EMEA,17000392845,My Team,Melanie Tapoc,melanie.tapoc@amexgbt.com,member,yes_member,17004608663,Melanie Tapoc,yes,My Team,Geoffrey Gemoto,geoffrey.gemoto@amexgbt.com
GSD L1 ENG EMEA,CWT GSD L1 ENG EMEA,17000392845,My Team,Bryan Beltran,bryan.beltran@amexgbt.com,member,yes_member,17004608679,Bryan Beltran,yes,My Team,Geoffrey Gemoto,geoffrey.gemoto@amexgbt.com
GSD L1 ENG EMEA,CWT GSD L1 ENG EMEA,17000392845,My Team,Daniel Fernandez,daniel.fernandez@amexgbt.com,member,yes_member,17004608668,Daniel Fernandez,yes,My Team,Geoffrey Gemoto,geoffrey.gemoto@amexgbt.com
GSD L1 ENG EMEA,CWT GSD L1 ENG EMEA,17000392845,My Team,Ronaldo Quiambao,ronaldo.quiambao@amexgbt.com,member,yes_member,17004608657,Ronaldo Quiambao,yes,My Team,Geoffrey Gemoto,geoffrey.gemoto@amexgbt.com
GSD L1 ENG LATAM,CWT GSD L1 ENG LATAM,17000392846,My Team,Mark Anthony Tequin,markanthony.tequin@amexgbt.com,member,yes_member,17004608225,Mark Anthony Tequin,yes,My Team,Geoffrey Gemoto,geoffrey.gemoto@amexgbt.com
GSD L1 ENG LATAM,CWT GSD L1 ENG LATAM,17000392846,My Team,Geoffrey Gemoto,geoffrey.gemoto@amexgbt.com,member,yes_member,17004608431,Geoffrey Gemoto,yes,My Team,Geoffrey Gemoto,geoffrey.gemoto@amexgbt.com
GSD L1 ENG LATAM,CWT GSD L1 ENG LATAM,17000392846,My Team,Daniel Fernandez,daniel.fernandez@amexgbt.com,member,yes_member,17004608668,Daniel Fernandez,yes,My Team,Geoffrey Gemoto,geoffrey.gemoto@amexgbt.com
GSD L1 ENG LATAM,CWT GSD L1 ENG LATAM,17000392846,My Team,EDMON SALONGA,edmon.salonga@amexgbt.com,member,yes_member,17004608669,EDMON SALONGA,yes,My Team,Geoffrey Gemoto,geoffrey.gemoto@amexgbt.com
GSD L1 ENG LATAM,CWT GSD L1 ENG LATAM,17000392846,My Team,Jomarie Fabros,jomarie.fabros@amexgbt.com,member,yes_member,17004608689,Jomarie Fabros,yes,My Team,Geoffrey Gemoto,geoffrey.gemoto@amexgbt.com
GSD L1 ENG LATAM,CWT GSD L1 ENG LATAM,17000392846,My Team,Aman Handuja,aman.handuja@amexgbt.com,agent_not_found,no,,,,,Geoffrey Gemoto,geoffrey.gemoto@amexgbt.com
GSD L1 ENG LATAM,CWT GSD L1 ENG LATAM,17000392846,My Team,Melanie Tapoc,melanie.tapoc@amexgbt.com,member,yes_member,17004608663,Melanie Tapoc,yes,My Team,Geoffrey Gemoto,geoffrey.gemoto@amexgbt.com
GSD L1 ENG LATAM,CWT GSD L1 ENG LATAM,17000392846,My Team,Ronaldo Quiambao,ronaldo.quiambao@amexgbt.com,member,yes_member,17004608657,Ronaldo Quiambao,yes,My Team,Geoffrey Gemoto,geoffrey.gemoto@amexgbt.com
GSD L1 ENG LATAM,CWT GSD L1 ENG LATAM,17000392846,My Team,Jose Paolo Madrazo,josepaolo.madrazo@amexgbt.com,member,yes_member,17004608215,Jose Paolo Madrazo,yes,My Team,Geoffrey Gemoto,geoffrey.gemoto@amexgbt.com
GSD L1 ENG LATAM,CWT GSD L1 ENG LATAM,17000392846,My Team,Jeanne Risha Aldave,jeannerisha.aldave@amexgbt.com,member,yes_member,17004608674,Jeanne Risha Aldave,yes,My Team,Geoffrey Gemoto,geoffrey.gemoto@amexgbt.com
GSD L1 ENG LATAM,CWT GSD L1 ENG LATAM,17000392846,My Team,Limuel Gallego,limuel.gallego@amexgbt.com,member,yes_member,17004608691,Limuel Gallego,yes,My Team,Geoffrey Gemoto,geoffrey.gemoto@amexgbt.com
GSD L1 ENG LATAM,CWT GSD L1 ENG LATAM,17000392846,My Team,Laarni Ricafort,laarni.ricafort@amexgbt.com,member,yes_member,17004608658,Laarni Ricafort,yes,My Team,Geoffrey Gemoto,geoffrey.gemoto@amexgbt.com
GSD L1 ENG LATAM,CWT GSD L1 ENG LATAM,17000392846,My Team,Mark Joseph Reguerra,markjoseph.reguerra@amexgbt.com,member,yes_member,17004684691,Mark Joseph Reguerra,yes,My Team,Geoffrey Gemoto,geoffrey.gemoto@amexgbt.com
GSD L1 ENG LATAM,CWT GSD L1 ENG LATAM,17000392846,My Team,Andrew James Lagrana,andrewjames.lagrana@amexgbt.com,member,yes_member,17004608646,Andrew James Lagrana,yes,My Team,Geoffrey Gemoto,geoffrey.gemoto@amexgbt.com
GSD L1 ENG LATAM,CWT GSD L1 ENG LATAM,17000392846,My Team,Ernielyn Villanueva,ernielyn.villanueva@amexgbt.com,member,yes_member,17004608420,Ernielyn Villanueva,yes,My Team,Geoffrey Gemoto,geoffrey.gemoto@amexgbt.com
GSD L1 ENG LATAM,CWT GSD L1 ENG LATAM,17000392846,My Team,Perseus Tanada,perseus.tanada@amexgbt.com,member,yes_member,17004608662,Perseus Tanada,yes,My Team,Geoffrey Gemoto,geoffrey.gemoto@amexgbt.com
GSD L1 ENG LATAM,CWT GSD L1 ENG LATAM,17000392846,My Team,Jason De Jesus,jason.dejesus@amexgbt.com,member,yes_member,17004608776,Jason De Jesus,yes,My Team,Geoffrey Gemoto,geoffrey.gemoto@amexgbt.com
GSD L1 ENG LATAM,CWT GSD L1 ENG LATAM,17000392846,My Team,Sandro Palisoc,sandro.palisoc@amexgbt.com,member,yes_member,17004608654,Sandro Palisoc,yes,My Team,Geoffrey Gemoto,geoffrey.gemoto@amexgbt.com
GSD L1 ENG NORAM,CWT GSD L1 ENG NORAM,17000392847,My Team,Aman Handuja,aman.handuja@amexgbt.com,agent_not_found,no,,,,,Geoffrey Gemoto,geoffrey.gemoto@amexgbt.com
GSD L1 ENG NORAM,CWT GSD L1 ENG NORAM,17000392847,My Team,Jason De Jesus,jason.dejesus@amexgbt.com,member,yes_member,17004608776,Jason De Jesus,yes,My Team,Geoffrey Gemoto,geoffrey.gemoto@amexgbt.com
GSD L1 ENG NORAM,CWT GSD L1 ENG NORAM,17000392847,My Team,EDMON SALONGA,edmon.salonga@amexgbt.com,member,yes_member,17004608669,EDMON SALONGA,yes,My Team,Geoffrey Gemoto,geoffrey.gemoto@amexgbt.com
GSD L1 ENG NORAM,CWT GSD L1 ENG NORAM,17000392847,My Team,Limuel Gallego,limuel.gallego@amexgbt.com,member,yes_member,17004608691,Limuel Gallego,yes,My Team,Geoffrey Gemoto,geoffrey.gemoto@amexgbt.com
GSD L1 ENG NORAM,CWT GSD L1 ENG NORAM,17000392847,My Team,Perseus Tanada,perseus.tanada@amexgbt.com,member,yes_member,17004608662,Perseus Tanada,yes,My Team,Geoffrey Gemoto,geoffrey.gemoto@amexgbt.com
GSD L1 ENG NORAM,CWT GSD L1 ENG NORAM,17000392847,My Team,Melanie Tapoc,melanie.tapoc@amexgbt.com,member,yes_member,17004608663,Melanie Tapoc,yes,My Team,Geoffrey Gemoto,geoffrey.gemoto@amexgbt.com
GSD L1 ENG NORAM,CWT GSD L1 ENG NORAM,17000392847,My Team,Mark Anthony Tequin,markanthony.tequin@amexgbt.com,member,yes_member,17004608225,Mark Anthony Tequin,yes,My Team,Geoffrey Gemoto,geoffrey.gemoto@amexgbt.com
GSD L1 ENG NORAM,CWT GSD L1 ENG NORAM,17000392847,My Team,Geoffrey Gemoto,geoffrey.gemoto@amexgbt.com,member,yes_member,17004608431,Geoffrey Gemoto,yes,My Team,Geoffrey Gemoto,geoffrey.gemoto@amexgbt.com
GSD L1 ENG NORAM,CWT GSD L1 ENG NORAM,17000392847,My Team,Jeanne Risha Aldave,jeannerisha.aldave@amexgbt.com,member,yes_member,17004608674,Jeanne Risha Aldave,yes,My Team,Geoffrey Gemoto,geoffrey.gemoto@amexgbt.com
GSD L1 ENG NORAM,CWT GSD L1 ENG NORAM,17000392847,My Team,Ronaldo Quiambao,ronaldo.quiambao@amexgbt.com,member,yes_member,17004608657,Ronaldo Quiambao,yes,My Team,Geoffrey Gemoto,geoffrey.gemoto@amexgbt.com
GSD L1 ENG NORAM,CWT GSD L1 ENG NORAM,17000392847,My Team,Bryan Beltran,bryan.beltran@amexgbt.com,member,yes_member,17004608679,Bryan Beltran,yes,My Team,Geoffrey Gemoto,geoffrey.gemoto@amexgbt.com
GSD L1 ENG NORAM,CWT GSD L1 ENG NORAM,17000392847,My Team,Laarni Ricafort,laarni.ricafort@amexgbt.com,member,yes_member,17004608658,Laarni Ricafort,yes,My Team,Geoffrey Gemoto,geoffrey.gemoto@amexgbt.com
GSD L1 ENG NORAM,CWT GSD L1 ENG NORAM,17000392847,My Team,Ernielyn Villanueva,ernielyn.villanueva@amexgbt.com,member,yes_member,17004608420,Ernielyn Villanueva,yes,My Team,Geoffrey Gemoto,geoffrey.gemoto@amexgbt.com
GSD L1 ENG NORAM,CWT GSD L1 ENG NORAM,17000392847,My Team,Andrew James Lagrana,andrewjames.lagrana@amexgbt.com,member,yes_member,17004608646,Andrew James Lagrana,yes,My Team,Geoffrey Gemoto,geoffrey.gemoto@amexgbt.com
GSD L1 ENG NORAM,CWT GSD L1 ENG NORAM,17000392847,My Team,Jomarie Fabros,jomarie.fabros@amexgbt.com,member,yes_member,17004608689,Jomarie Fabros,yes,My Team,Geoffrey Gemoto,geoffrey.gemoto@amexgbt.com
GSD L1 ENG NORAM,CWT GSD L1 ENG NORAM,17000392847,My Team,Mark Joseph Reguerra,markjoseph.reguerra@amexgbt.com,member,yes_member,17004684691,Mark Joseph Reguerra,yes,My Team,Geoffrey Gemoto,geoffrey.gemoto@amexgbt.com
GSD L1 ENG NORAM,CWT GSD L1 ENG NORAM,17000392847,My Team,Daniel Fernandez,daniel.fernandez@amexgbt.com,member,yes_member,17004608668,Daniel Fernandez,yes,My Team,Geoffrey Gemoto,geoffrey.gemoto@amexgbt.com
GSD L1 ENG NORAM,CWT GSD L1 ENG NORAM,17000392847,My Team,Sandro Palisoc,sandro.palisoc@amexgbt.com,member,yes_member,17004608654,Sandro Palisoc,yes,My Team,Geoffrey Gemoto,geoffrey.gemoto@amexgbt.com
GSD L1 ENG NORAM,CWT GSD L1 ENG NORAM,17000392847,My Team,Jose Paolo Madrazo,josepaolo.madrazo@amexgbt.com,member,yes_member,17004608215,Jose Paolo Madrazo,yes,My Team,Geoffrey Gemoto,geoffrey.gemoto@amexgbt.com
GSD L1 ESP EMEA,CWT GSD L1 ESP EMEA,17000393671,My Team,Geoffrey Gemoto,geoffrey.gemoto@amexgbt.com,member,yes_member,17004608431,Geoffrey Gemoto,yes,My Team,Geoffrey Gemoto,geoffrey.gemoto@amexgbt.com
GSD L1 ESP EMEA,CWT GSD L1 ESP EMEA,17000393671,My Team,Laarni Ricafort,laarni.ricafort@amexgbt.com,member,yes_member,17004608658,Laarni Ricafort,yes,My Team,Geoffrey Gemoto,geoffrey.gemoto@amexgbt.com
GSD L1 ESP EMEA,CWT GSD L1 ESP EMEA,17000393671,My Team,Mark Anthony Tequin,markanthony.tequin@amexgbt.com,member,yes_member,17004608225,Mark Anthony Tequin,yes,My Team,Geoffrey Gemoto,geoffrey.gemoto@amexgbt.com
GSD L1 ESP EMEA,CWT GSD L1 ESP EMEA,17000393671,My Team,EDMON SALONGA,edmon.salonga@amexgbt.com,member,yes_member,17004608669,EDMON SALONGA,yes,My Team,Geoffrey Gemoto,geoffrey.gemoto@amexgbt.com
GSD L1 ESP EMEA,CWT GSD L1 ESP EMEA,17000393671,My Team,Mark Joseph Reguerra,markjoseph.reguerra@amexgbt.com,member,yes_member,17004684691,Mark Joseph Reguerra,yes,My Team,Geoffrey Gemoto,geoffrey.gemoto@amexgbt.com
GSD L1 ESP EMEA,CWT GSD L1 ESP EMEA,17000393671,My Team,Ernielyn Villanueva,ernielyn.villanueva@amexgbt.com,member,yes_member,17004608420,Ernielyn Villanueva,yes,My Team,Geoffrey Gemoto,geoffrey.gemoto@amexgbt.com
GSD L1 ESP EMEA,CWT GSD L1 ESP EMEA,17000393671,My Team,Jose Paolo Madrazo,josepaolo.madrazo@amexgbt.com,member,yes_member,17004608215,Jose Paolo Madrazo,yes,My Team,Geoffrey Gemoto,geoffrey.gemoto@amexgbt.com
GSD L1 ESP EMEA,CWT GSD L1 ESP EMEA,17000393671,My Team,Jason De Jesus,jason.dejesus@amexgbt.com,member,yes_member,17004608776,Jason De Jesus,yes,My Team,Geoffrey Gemoto,geoffrey.gemoto@amexgbt.com
GSD L1 ESP EMEA,CWT GSD L1 ESP EMEA,17000393671,My Team,Sandro Palisoc,sandro.palisoc@amexgbt.com,member,yes_member,17004608654,Sandro Palisoc,yes,My Team,Geoffrey Gemoto,geoffrey.gemoto@amexgbt.com
GSD L1 ESP EMEA,CWT GSD L1 ESP EMEA,17000393671,My Team,Perseus Tanada,perseus.tanada@amexgbt.com,member,yes_member,17004608662,Perseus Tanada,yes,My Team,Geoffrey Gemoto,geoffrey.gemoto@amexgbt.com
GSD L1 ESP EMEA,CWT GSD L1 ESP EMEA,17000393671,My Team,Bryan Beltran,bryan.beltran@amexgbt.com,member,yes_member,17004608679,Bryan Beltran,yes,My Team,Geoffrey Gemoto,geoffrey.gemoto@amexgbt.com
GSD L1 ESP EMEA,CWT GSD L1 ESP EMEA,17000393671,My Team,Andrew James Lagrana,andrewjames.lagrana@amexgbt.com,member,yes_member,17004608646,Andrew James Lagrana,yes,My Team,Geoffrey Gemoto,geoffrey.gemoto@amexgbt.com
GSD L1 ESP EMEA,CWT GSD L1 ESP EMEA,17000393671,My Team,Ronaldo Quiambao,ronaldo.quiambao@amexgbt.com,member,yes_member,17004608657,Ronaldo Quiambao,yes,My Team,Geoffrey Gemoto,geoffrey.gemoto@amexgbt.com
GSD L1 ESP EMEA,CWT GSD L1 ESP EMEA,17000393671,My Team,Melanie Tapoc,melanie.tapoc@amexgbt.com,member,yes_member,17004608663,Melanie Tapoc,yes,My Team,Geoffrey Gemoto,geoffrey.gemoto@amexgbt.com
GSD L1 ESP EMEA,CWT GSD L1 ESP EMEA,17000393671,My Team,Jeanne Risha Aldave,jeannerisha.aldave@amexgbt.com,member,yes_member,17004608674,Jeanne Risha Aldave,yes,My Team,Geoffrey Gemoto,geoffrey.gemoto@amexgbt.com
GSD L1 ESP EMEA,CWT GSD L1 ESP EMEA,17000393671,My Team,Limuel Gallego,limuel.gallego@amexgbt.com,member,yes_member,17004608691,Limuel Gallego,yes,My Team,Geoffrey Gemoto,geoffrey.gemoto@amexgbt.com
GSD L1 ESP EMEA,CWT GSD L1 ESP EMEA,17000393671,My Team,Aman Handuja,aman.handuja@amexgbt.com,agent_not_found,no,,,,,Geoffrey Gemoto,geoffrey.gemoto@amexgbt.com
GSD L1 ESP EMEA,CWT GSD L1 ESP EMEA,17000393671,My Team,Renz Almer Tolosa,renzalmer.tolosa@amexgbt.com,member,yes_member,17004608212,Renz Almer Tolosa,yes,My Team,Geoffrey Gemoto,geoffrey.gemoto@amexgbt.com
GSD L1 ESP EMEA,CWT GSD L1 ESP EMEA,17000393671,My Team,Jomarie Fabros,jomarie.fabros@amexgbt.com,member,yes_member,17004608689,Jomarie Fabros,yes,My Team,Geoffrey Gemoto,geoffrey.gemoto@amexgbt.com
GSD L1 ESP EMEA,CWT GSD L1 ESP EMEA,17000393671,My Team,Daniel Fernandez,daniel.fernandez@amexgbt.com,member,yes_member,17004608668,Daniel Fernandez,yes,My Team,Geoffrey Gemoto,geoffrey.gemoto@amexgbt.com
GSD L1 FRA EMEA,CWT GSD L1 FRA EMEA,17000393637,My Team,Alexter John Tupaz,alexterjohn.tupaz@amexgbt.com,member,yes_member,17004608550,Alexter John Tupaz,yes,My Team,Geoffrey Gemoto,geoffrey.gemoto@amexgbt.com
GSD L1 FRA EMEA,CWT GSD L1 FRA EMEA,17000393637,My Team,Ernielyn Villanueva,ernielyn.villanueva@amexgbt.com,member,yes_member,17004608420,Ernielyn Villanueva,yes,My Team,Geoffrey Gemoto,geoffrey.gemoto@amexgbt.com
GSD L1 FRA EMEA,CWT GSD L1 FRA EMEA,17000393637,My Team,Melanie Tapoc,melanie.tapoc@amexgbt.com,member,yes_member,17004608663,Melanie Tapoc,yes,My Team,Geoffrey Gemoto,geoffrey.gemoto@amexgbt.com
GSD L1 FRA EMEA,CWT GSD L1 FRA EMEA,17000393637,My Team,Jeanne Risha Aldave,jeannerisha.aldave@amexgbt.com,member,yes_member,17004608674,Jeanne Risha Aldave,yes,My Team,Geoffrey Gemoto,geoffrey.gemoto@amexgbt.com
GSD L1 FRA EMEA,CWT GSD L1 FRA EMEA,17000393637,My Team,Laarni Ricafort,laarni.ricafort@amexgbt.com,member,yes_member,17004608658,Laarni Ricafort,yes,My Team,Geoffrey Gemoto,geoffrey.gemoto@amexgbt.com
GSD L1 FRA EMEA,CWT GSD L1 FRA EMEA,17000393637,My Team,Daniel Fernandez,daniel.fernandez@amexgbt.com,member,yes_member,17004608668,Daniel Fernandez,yes,My Team,Geoffrey Gemoto,geoffrey.gemoto@amexgbt.com
GSD L1 FRA EMEA,CWT GSD L1 FRA EMEA,17000393637,My Team,Renz Almer Tolosa,renzalmer.tolosa@amexgbt.com,member,yes_member,17004608212,Renz Almer Tolosa,yes,My Team,Geoffrey Gemoto,geoffrey.gemoto@amexgbt.com
GSD L1 FRA EMEA,CWT GSD L1 FRA EMEA,17000393637,My Team,Perseus Tanada,perseus.tanada@amexgbt.com,member,yes_member,17004608662,Perseus Tanada,yes,My Team,Geoffrey Gemoto,geoffrey.gemoto@amexgbt.com
GSD L1 FRA EMEA,CWT GSD L1 FRA EMEA,17000393637,My Team,Sandro Palisoc,sandro.palisoc@amexgbt.com,member,yes_member,17004608654,Sandro Palisoc,yes,My Team,Geoffrey Gemoto,geoffrey.gemoto@amexgbt.com
GSD L1 FRA EMEA,CWT GSD L1 FRA EMEA,17000393637,My Team,Jose Paolo Madrazo,josepaolo.madrazo@amexgbt.com,member,yes_member,17004608215,Jose Paolo Madrazo,yes,My Team,Geoffrey Gemoto,geoffrey.gemoto@amexgbt.com
GSD L1 FRA EMEA,CWT GSD L1 FRA EMEA,17000393637,My Team,Jason De Jesus,jason.dejesus@amexgbt.com,member,yes_member,17004608776,Jason De Jesus,yes,My Team,Geoffrey Gemoto,geoffrey.gemoto@amexgbt.com
GSD L1 FRA EMEA,CWT GSD L1 FRA EMEA,17000393637,My Team,EDMON SALONGA,edmon.salonga@amexgbt.com,member,yes_member,17004608669,EDMON SALONGA,yes,My Team,Geoffrey Gemoto,geoffrey.gemoto@amexgbt.com
GSD L1 FRA EMEA,CWT GSD L1 FRA EMEA,17000393637,My Team,Jomarie Fabros,jomarie.fabros@amexgbt.com,member,yes_member,17004608689,Jomarie Fabros,yes,My Team,Geoffrey Gemoto,geoffrey.gemoto@amexgbt.com
GSD L1 FRA EMEA,CWT GSD L1 FRA EMEA,17000393637,My Team,Ronaldo Quiambao,ronaldo.quiambao@amexgbt.com,member,yes_member,17004608657,Ronaldo Quiambao,yes,My Team,Geoffrey Gemoto,geoffrey.gemoto@amexgbt.com
GSD L1 FRA EMEA,CWT GSD L1 FRA EMEA,17000393637,My Team,Bryan Beltran,bryan.beltran@amexgbt.com,member,yes_member,17004608679,Bryan Beltran,yes,My Team,Geoffrey Gemoto,geoffrey.gemoto@amexgbt.com
GSD L1 FRA EMEA,CWT GSD L1 FRA EMEA,17000393637,My Team,Mark Anthony Tequin,markanthony.tequin@amexgbt.com,member,yes_member,17004608225,Mark Anthony Tequin,yes,My Team,Geoffrey Gemoto,geoffrey.gemoto@amexgbt.com
GSD L1 FRA EMEA,CWT GSD L1 FRA EMEA,17000393637,My Team,Geoffrey Gemoto,geoffrey.gemoto@amexgbt.com,member,yes_member,17004608431,Geoffrey Gemoto,yes,My Team,Geoffrey Gemoto,geoffrey.gemoto@amexgbt.com
GSD L1 FRA EMEA,CWT GSD L1 FRA EMEA,17000393637,My Team,Aman Handuja,aman.handuja@amexgbt.com,agent_not_found,no,,,,,Geoffrey Gemoto,geoffrey.gemoto@amexgbt.com
GSD L1 FRA EMEA,CWT GSD L1 FRA EMEA,17000393637,My Team,Limuel Gallego,limuel.gallego@amexgbt.com,member,yes_member,17004608691,Limuel Gallego,yes,My Team,Geoffrey Gemoto,geoffrey.gemoto@amexgbt.com
GSD L1 FRA EMEA,CWT GSD L1 FRA EMEA,17000393637,My Team,Andrew James Lagrana,andrewjames.lagrana@amexgbt.com,member,yes_member,17004608646,Andrew James Lagrana,yes,My Team,Geoffrey Gemoto,geoffrey.gemoto@amexgbt.com
GSD L1 FRA EMEA,CWT GSD L1 FRA EMEA,17000393637,My Team,Mark Joseph Reguerra,markjoseph.reguerra@amexgbt.com,member,yes_member,17004684691,Mark Joseph Reguerra,yes,My Team,Geoffrey Gemoto,geoffrey.gemoto@amexgbt.com
GSD L1 ITA EMEA,CWT GSD L1 ITA EMEA,17000393638,My Team,Alexter John Tupaz,alexterjohn.tupaz@amexgbt.com,member,yes_member,17004608550,Alexter John Tupaz,yes,My Team,Geoffrey Gemoto,geoffrey.gemoto@amexgbt.com
GSD L1 ITA EMEA,CWT GSD L1 ITA EMEA,17000393638,My Team,Sandro Palisoc,sandro.palisoc@amexgbt.com,member,yes_member,17004608654,Sandro Palisoc,yes,My Team,Geoffrey Gemoto,geoffrey.gemoto@amexgbt.com
GSD L1 ITA EMEA,CWT GSD L1 ITA EMEA,17000393638,My Team,Perseus Tanada,perseus.tanada@amexgbt.com,member,yes_member,17004608662,Perseus Tanada,yes,My Team,Geoffrey Gemoto,geoffrey.gemoto@amexgbt.com
GSD L1 ITA EMEA,CWT GSD L1 ITA EMEA,17000393638,My Team,Limuel Gallego,limuel.gallego@amexgbt.com,member,yes_member,17004608691,Limuel Gallego,yes,My Team,Geoffrey Gemoto,geoffrey.gemoto@amexgbt.com
GSD L1 ITA EMEA,CWT GSD L1 ITA EMEA,17000393638,My Team,Mark Joseph Reguerra,markjoseph.reguerra@amexgbt.com,member,yes_member,17004684691,Mark Joseph Reguerra,yes,My Team,Geoffrey Gemoto,geoffrey.gemoto@amexgbt.com
GSD L1 ITA EMEA,CWT GSD L1 ITA EMEA,17000393638,My Team,Laarni Ricafort,laarni.ricafort@amexgbt.com,member,yes_member,17004608658,Laarni Ricafort,yes,My Team,Geoffrey Gemoto,geoffrey.gemoto@amexgbt.com
GSD L1 ITA EMEA,CWT GSD L1 ITA EMEA,17000393638,My Team,Geoffrey Gemoto,geoffrey.gemoto@amexgbt.com,member,yes_member,17004608431,Geoffrey Gemoto,yes,My Team,Geoffrey Gemoto,geoffrey.gemoto@amexgbt.com
GSD L1 ITA EMEA,CWT GSD L1 ITA EMEA,17000393638,My Team,Ronaldo Quiambao,ronaldo.quiambao@amexgbt.com,member,yes_member,17004608657,Ronaldo Quiambao,yes,My Team,Geoffrey Gemoto,geoffrey.gemoto@amexgbt.com
GSD L1 ITA EMEA,CWT GSD L1 ITA EMEA,17000393638,My Team,Aman Handuja,aman.handuja@amexgbt.com,agent_not_found,no,,,,,Geoffrey Gemoto,geoffrey.gemoto@amexgbt.com
GSD L1 ITA EMEA,CWT GSD L1 ITA EMEA,17000393638,My Team,Melanie Tapoc,melanie.tapoc@amexgbt.com,member,yes_member,17004608663,Melanie Tapoc,yes,My Team,Geoffrey Gemoto,geoffrey.gemoto@amexgbt.com
GSD L1 ITA EMEA,CWT GSD L1 ITA EMEA,17000393638,My Team,Bryan Beltran,bryan.beltran@amexgbt.com,member,yes_member,17004608679,Bryan Beltran,yes,My Team,Geoffrey Gemoto,geoffrey.gemoto@amexgbt.com
GSD L1 ITA EMEA,CWT GSD L1 ITA EMEA,17000393638,My Team,Daniel Fernandez,daniel.fernandez@amexgbt.com,member,yes_member,17004608668,Daniel Fernandez,yes,My Team,Geoffrey Gemoto,geoffrey.gemoto@amexgbt.com
GSD L1 ITA EMEA,CWT GSD L1 ITA EMEA,17000393638,My Team,Ernielyn Villanueva,ernielyn.villanueva@amexgbt.com,member,yes_member,17004608420,Ernielyn Villanueva,yes,My Team,Geoffrey Gemoto,geoffrey.gemoto@amexgbt.com
GSD L1 ITA EMEA,CWT GSD L1 ITA EMEA,17000393638,My Team,Renz Almer Tolosa,renzalmer.tolosa@amexgbt.com,member,yes_member,17004608212,Renz Almer Tolosa,yes,My Team,Geoffrey Gemoto,geoffrey.gemoto@amexgbt.com
GSD L1 ITA EMEA,CWT GSD L1 ITA EMEA,17000393638,My Team,Jose Paolo Madrazo,josepaolo.madrazo@amexgbt.com,member,yes_member,17004608215,Jose Paolo Madrazo,yes,My Team,Geoffrey Gemoto,geoffrey.gemoto@amexgbt.com
GSD L1 ITA EMEA,CWT GSD L1 ITA EMEA,17000393638,My Team,Jason De Jesus,jason.dejesus@amexgbt.com,member,yes_member,17004608776,Jason De Jesus,yes,My Team,Geoffrey Gemoto,geoffrey.gemoto@amexgbt.com
GSD L1 ITA EMEA,CWT GSD L1 ITA EMEA,17000393638,My Team,Andrew James Lagrana,andrewjames.lagrana@amexgbt.com,member,yes_member,17004608646,Andrew James Lagrana,yes,My Team,Geoffrey Gemoto,geoffrey.gemoto@amexgbt.com
GSD L1 ITA EMEA,CWT GSD L1 ITA EMEA,17000393638,My Team,Jomarie Fabros,jomarie.fabros@amexgbt.com,member,yes_member,17004608689,Jomarie Fabros,yes,My Team,Geoffrey Gemoto,geoffrey.gemoto@amexgbt.com
GSD L1 ITA EMEA,CWT GSD L1 ITA EMEA,17000393638,My Team,EDMON SALONGA,edmon.salonga@amexgbt.com,member,yes_member,17004608669,EDMON SALONGA,yes,My Team,Geoffrey Gemoto,geoffrey.gemoto@amexgbt.com
GSD L1 ITA EMEA,CWT GSD L1 ITA EMEA,17000393638,My Team,Mark Anthony Tequin,markanthony.tequin@amexgbt.com,member,yes_member,17004608225,Mark Anthony Tequin,yes,My Team,Geoffrey Gemoto,geoffrey.gemoto@amexgbt.com
GSD L1 ITA EMEA,CWT GSD L1 ITA EMEA,17000393638,My Team,Jeanne Risha Aldave,jeannerisha.aldave@amexgbt.com,member,yes_member,17004608674,Jeanne Risha Aldave,yes,My Team,Geoffrey Gemoto,geoffrey.gemoto@amexgbt.com
GSD L2 EMEA,CWT GSD L2 EMEA,17000393639,My Team,Piotr Rembielinski,piotr.rembielinski@amexgbt.com,member,yes_member,17004601159,Piotr Rembielinski,yes,My Team,Piotr Rembielinski,piotr.rembielinski@amexgbt.com
GSD MI Child Incidents,CWT GSD MI Child Incidents,17000393640,My Team,Bryan Beltran,bryan.beltran@amexgbt.com,member,yes_member,17004608679,Bryan Beltran,yes,My Team,Geoffrey Gemoto,geoffrey.gemoto@amexgbt.com
GSD MI Child Incidents,CWT GSD MI Child Incidents,17000393640,My Team,Aman Handuja,aman.handuja@amexgbt.com,agent_not_found,no,,,,,Geoffrey Gemoto,geoffrey.gemoto@amexgbt.com
GSD MI Child Incidents,CWT GSD MI Child Incidents,17000393640,My Team,Ronaldo Quiambao,ronaldo.quiambao@amexgbt.com,member,yes_member,17004608657,Ronaldo Quiambao,yes,My Team,Geoffrey Gemoto,geoffrey.gemoto@amexgbt.com
GSD MI Child Incidents,CWT GSD MI Child Incidents,17000393640,My Team,Jose Paolo Madrazo,josepaolo.madrazo@amexgbt.com,member,yes_member,17004608215,Jose Paolo Madrazo,yes,My Team,Geoffrey Gemoto,geoffrey.gemoto@amexgbt.com
GSD MI Child Incidents,CWT GSD MI Child Incidents,17000393640,My Team,Daniel Fernandez,daniel.fernandez@amexgbt.com,member,yes_member,17004608668,Daniel Fernandez,yes,My Team,Geoffrey Gemoto,geoffrey.gemoto@amexgbt.com
GSD MI Child Incidents,CWT GSD MI Child Incidents,17000393640,My Team,Mark Joseph Reguerra,markjoseph.reguerra@amexgbt.com,member,yes_member,17004684691,Mark Joseph Reguerra,yes,My Team,Geoffrey Gemoto,geoffrey.gemoto@amexgbt.com
GSD MI Child Incidents,CWT GSD MI Child Incidents,17000393640,My Team,Jomarie Fabros,jomarie.fabros@amexgbt.com,member,yes_member,17004608689,Jomarie Fabros,yes,My Team,Geoffrey Gemoto,geoffrey.gemoto@amexgbt.com
GSD MI Child Incidents,CWT GSD MI Child Incidents,17000393640,My Team,EDMON SALONGA,edmon.salonga@amexgbt.com,member,yes_member,17004608669,EDMON SALONGA,yes,My Team,Geoffrey Gemoto,geoffrey.gemoto@amexgbt.com
GSD MI Child Incidents,CWT GSD MI Child Incidents,17000393640,My Team,Andrew James Lagrana,andrewjames.lagrana@amexgbt.com,member,yes_member,17004608646,Andrew James Lagrana,yes,My Team,Geoffrey Gemoto,geoffrey.gemoto@amexgbt.com
GSD MI Child Incidents,CWT GSD MI Child Incidents,17000393640,My Team,Jeanne Risha Aldave,jeannerisha.aldave@amexgbt.com,member,yes_member,17004608674,Jeanne Risha Aldave,yes,My Team,Geoffrey Gemoto,geoffrey.gemoto@amexgbt.com
GSD MI Child Incidents,CWT GSD MI Child Incidents,17000393640,My Team,Mark Anthony Tequin,markanthony.tequin@amexgbt.com,member,yes_member,17004608225,Mark Anthony Tequin,yes,My Team,Geoffrey Gemoto,geoffrey.gemoto@amexgbt.com
GSD MI Child Incidents,CWT GSD MI Child Incidents,17000393640,My Team,Perseus Tanada,perseus.tanada@amexgbt.com,member,yes_member,17004608662,Perseus Tanada,yes,My Team,Geoffrey Gemoto,geoffrey.gemoto@amexgbt.com
GSD MI Child Incidents,CWT GSD MI Child Incidents,17000393640,My Team,Melanie Tapoc,melanie.tapoc@amexgbt.com,member,yes_member,17004608663,Melanie Tapoc,yes,My Team,Geoffrey Gemoto,geoffrey.gemoto@amexgbt.com
GSD MI Child Incidents,CWT GSD MI Child Incidents,17000393640,My Team,Ernielyn Villanueva,ernielyn.villanueva@amexgbt.com,member,yes_member,17004608420,Ernielyn Villanueva,yes,My Team,Geoffrey Gemoto,geoffrey.gemoto@amexgbt.com
GSD MI Child Incidents,CWT GSD MI Child Incidents,17000393640,My Team,Jason De Jesus,jason.dejesus@amexgbt.com,member,yes_member,17004608776,Jason De Jesus,yes,My Team,Geoffrey Gemoto,geoffrey.gemoto@amexgbt.com
GSD MI Child Incidents,CWT GSD MI Child Incidents,17000393640,My Team,Limuel Gallego,limuel.gallego@amexgbt.com,member,yes_member,17004608691,Limuel Gallego,yes,My Team,Geoffrey Gemoto,geoffrey.gemoto@amexgbt.com
GSD MI Child Incidents,CWT GSD MI Child Incidents,17000393640,My Team,Sandro Palisoc,sandro.palisoc@amexgbt.com,member,yes_member,17004608654,Sandro Palisoc,yes,My Team,Geoffrey Gemoto,geoffrey.gemoto@amexgbt.com
HCSProductTeam,CWT HCSProductTeam,17000393641,My Team,Lynda Simpkins,lyn.simpkins@amexgbt.com,member,yes_member,17004605586,Lynda Simpkins,yes,My Team,Jillian Cox,jill.cox@amexgbt.com
HCSProductTeam,CWT HCSProductTeam,17000393641,My Team,Jacqui Mccarthy,jacqui.mccarthy@amexgbt.com,member,yes_member,17004605806,Jacqui Mccarthy,yes,My Team,Jillian Cox,jill.cox@amexgbt.com
HCSProductTeam,CWT HCSProductTeam,17000393641,My Team,Mandeep Sanotra,mandeep.sanotra@amexgbt.com,member,yes_member,17004605552,Mandeep Sanotra,yes,My Team,Jillian Cox,jill.cox@amexgbt.com
HCSProductTeam,CWT HCSProductTeam,17000393641,My Team,Simon Clarke,simon.clarke@amexgbt.com,member,yes_member,17004605894,Simon Clarke,yes,My Team,Jillian Cox,jill.cox@amexgbt.com
Hotel Content Services (HCS),CWT Hotel Content Services (HCS),17000393642,My Team,Rachel Balingit,rachel.balingit@amexgbt.com,member,yes_member,17004608430,Rachel Balingit,yes,My Team,Mel Asuncion,mel.asuncion@amexgbt.com
Hotel Content Services (HCS),CWT Hotel Content Services (HCS),17000393642,My Team,Jefren Aguilar,jefren.aguilar@amexgbt.com,member,yes_member,17004608562,Jefren Aguilar,yes,My Team,Mel Asuncion,mel.asuncion@amexgbt.com
Hotel Content Services (HCS),CWT Hotel Content Services (HCS),17000393642,My Team,Marlito Jimenez,marlito.jimenez@amexgbt.com,member,yes_member,17004608554,Marlito Jimenez,yes,My Team,Mel Asuncion,mel.asuncion@amexgbt.com
Hotel Content Services (HCS),CWT Hotel Content Services (HCS),17000393642,My Team,Federico de Leon III,federico.deleoniii@amexgbt.com,member,yes_member,17004608525,Federico de Leon III,yes,My Team,Mel Asuncion,mel.asuncion@amexgbt.com
Hotel Content Services (HCS),CWT Hotel Content Services (HCS),17000393642,My Team,Joe Mari Arcleta,joemari.arcleta@amexgbt.com,member,yes_member,17004608570,Joe Mari Arcleta,yes,My Team,Mel Asuncion,mel.asuncion@amexgbt.com
Hotel Content Services (HCS),CWT Hotel Content Services (HCS),17000393642,My Team,Neil Earvin Talavera,neilearvin.talavera@amexgbt.com,member,yes_member,17004608520,Neil Earvin Talavera,yes,My Team,Mel Asuncion,mel.asuncion@amexgbt.com
Hotel Content Services (HCS),CWT Hotel Content Services (HCS),17000393642,My Team,Mary Jane Dimaano,maryjane.dimaano@amexgbt.com,member,yes_member,17004608407,Mary Jane Dimaano,yes,My Team,Mel Asuncion,mel.asuncion@amexgbt.com
Hotel Content Services (HCS),CWT Hotel Content Services (HCS),17000393642,My Team,Pauline Nicole Cruz,paulinenicole.cruz@amexgbt.com,member,yes_member,17004608498,Pauline Nicole Cruz,yes,My Team,Mel Asuncion,mel.asuncion@amexgbt.com
Hotel Content Services (HCS),CWT Hotel Content Services (HCS),17000393642,My Team,Marvin Francis Lopez,marvinfrancis.lopez@amexgbt.com,not_in_group,no,17004608221,Marvin Francis Lopez Francis Lopez,yes,My Team | HR,Mel Asuncion,mel.asuncion@amexgbt.com
Hotel Core Platform,CWT Hotel Core Platform,17000393643,My Team,Nichol Levin Abiog,nichollevin.abiog@amexgbt.com,member,yes_member,17004608373,Nichol Levin Abiog,yes,My Team,Jillian Cox,jill.cox@amexgbt.com
Hotel Core Platform,CWT Hotel Core Platform,17000393643,My Team,Jillian Cox,jill.cox@amexgbt.com,member,yes_member,17004606020,Jillian Cox,yes,My Team,Jillian Cox,jill.cox@amexgbt.com
Hotel Core Platform,CWT Hotel Core Platform,17000393643,My Team,Gerardo Mendoza,gerardo.mendoza2@amexgbt.com,member,yes_member,17004608451,Gerardo Mendoza,yes,My Team,Jillian Cox,jill.cox@amexgbt.com
Hotel Core Platform,CWT Hotel Core Platform,17000393643,My Team,Robert Lancaster,robert.lancaster@amexgbt.com,member,yes_member,17004603546,Robert Lancaster,yes,My Team,Jillian Cox,jill.cox@amexgbt.com
Hotel Intel Admin,CWT Hotel Intel Admin,17000393144,My Team,Colin Herasingh,colin.herasingh@amexgbt.com,member,yes_member,17004605788,Colin Herasingh,yes,My Team,Dina Fridman,dina.fridman@amexgbt.com
Hotel Intel Admin,CWT Hotel Intel Admin,17000393144,My Team,Pola Trąbińska,pola.trabinska@amexgbt.com,member,yes_member,17004601404,Pola Trąbińska,yes,My Team,Dina Fridman,dina.fridman@amexgbt.com
Hotel Intel Admin,CWT Hotel Intel Admin,17000393144,My Team,Yuliia Arsentieva,yuliia.arsentieva@amexgbt.com,member,yes_member,17004601367,Yuliia Arsentieva,yes,My Team,Dina Fridman,dina.fridman@amexgbt.com
Hotel Intel Admin,CWT Hotel Intel Admin,17000393144,My Team,Moya Hume,moya.hume@amexgbt.com,member,yes_member,17004605885,Moya Hume,yes,My Team,Dina Fridman,dina.fridman@amexgbt.com
Hotel Intel Admin,CWT Hotel Intel Admin,17000393144,My Team,Karolina Rykala,karolina.rykala@amexgbt.com,member,yes_member,17004601203,Karolina Rykala,yes,My Team,Dina Fridman,dina.fridman@amexgbt.com
Hotel Intel Admin,CWT Hotel Intel Admin,17000393144,My Team,Edyta Lis,edyta.lis@amexgbt.com,member,yes_member,17004601373,Edyta Lis,yes,My Team,Dina Fridman,dina.fridman@amexgbt.com
Hotel Intel IT,CWT Hotel Intel IT,17000393145,My Team,Andrew Notisce,andrew.notisce@amexgbt.com,agent_not_found,no,,,,,Gerardo Mendoza,gerardo.mendoza2@amexgbt.com
Hotel Intel IT,CWT Hotel Intel IT,17000393145,My Team,Gerardo Mendoza,gerardo.mendoza2@amexgbt.com,member,yes_member,17004608451,Gerardo Mendoza,yes,My Team,Gerardo Mendoza,gerardo.mendoza2@amexgbt.com
Hotel Price Optimization (HPO),CWT Hotel Price Optimization (HPO),17000393644,My Team,Francesco Asto,francesco.asto@amexgbt.com,member,yes_member,17004609000,Francesco Asto,yes,My Team,Frederic Pascassio-Comte,frederic.pascassio-comte@amexgbt.com
Hotel Price Optimization (HPO),CWT Hotel Price Optimization (HPO),17000393644,My Team,Sharjil Ansari,sharjil.ansari@amexgbt.com,member,yes_member,17004605821,Sharjil Ansari,yes,My Team,Frederic Pascassio-Comte,frederic.pascassio-comte@amexgbt.com
Hotel Price Optimization (HPO),CWT Hotel Price Optimization (HPO),17000393644,My Team,Saili Ramchandra Naik,snaik3@mycwt.com,agent_not_found,no,,,,,Frederic Pascassio-Comte,frederic.pascassio-comte@amexgbt.com
Hotel Price Optimization (HPO),CWT Hotel Price Optimization (HPO),17000393644,My Team,Frederic Pascassio-Comte,frederic.pascassio-comte@amexgbt.com,member,yes_member,17004608996,Frederic Pascassio-Comte,yes,My Team,Frederic Pascassio-Comte,frederic.pascassio-comte@amexgbt.com
Hotel Price Optimization (HPO),CWT Hotel Price Optimization (HPO),17000393644,My Team,Gerardo Mendoza,gerardo.mendoza2@amexgbt.com,member,yes_member,17004608451,Gerardo Mendoza,yes,My Team,Frederic Pascassio-Comte,frederic.pascassio-comte@amexgbt.com
HotelHub Support,CWT HotelHub Support,17000393645,My Team,Amit Maity,amaity@mycwt.com,agent_not_found,no,,,,,Jillian Cox,jill.cox@amexgbt.com
HotelHub Support,CWT HotelHub Support,17000393645,My Team,Jillian Cox,jill.cox@amexgbt.com,member,yes_member,17004606020,Jillian Cox,yes,My Team,Jillian Cox,jill.cox@amexgbt.com
HotelHub Support,CWT HotelHub Support,17000393645,My Team,Rahna Elizabeth,relizabeth@mycwt.com,agent_not_found,no,,,,,Jillian Cox,jill.cox@amexgbt.com
HotelHub Support,CWT HotelHub Support,17000393645,My Team,Omkar Khot,okhot@mycwt.com,agent_not_found,no,,,,,Jillian Cox,jill.cox@amexgbt.com
HotelHub Support,CWT HotelHub Support,17000393645,My Team,Sandeep Anand,sanand@mycwt.com,agent_not_found,no,,,,,Jillian Cox,jill.cox@amexgbt.com
HotelHub Support,CWT HotelHub Support,17000393645,My Team,Jacob Rymbai,jrymbai@mycwt.com,agent_not_found,no,,,,,Jillian Cox,jill.cox@amexgbt.com
HotelHub Support,CWT HotelHub Support,17000393645,My Team,Irfan Ali,iali@mycwt.com,agent_not_found,no,,,,,Jillian Cox,jill.cox@amexgbt.com
HotelHub Support,CWT HotelHub Support,17000393645,My Team,Steve Berry,sberry2@mycwt.com,agent_not_found,no,,,,,Jillian Cox,jill.cox@amexgbt.com
HotelHub Support,CWT HotelHub Support,17000393645,My Team,Vivek Kumar,vkumar9@mycwt.com,agent_not_found,no,,,,,Jillian Cox,jill.cox@amexgbt.com
HotelHub Support,CWT HotelHub Support,17000393645,My Team,Gerardo Mendoza,gerardo.mendoza2@amexgbt.com,member,yes_member,17004608451,Gerardo Mendoza,yes,My Team,Jillian Cox,jill.cox@amexgbt.com
HotelHub Support,CWT HotelHub Support,17000393645,My Team,Mohammed Sahil,msahil@mycwt.com,agent_not_found,no,,,,,Jillian Cox,jill.cox@amexgbt.com
HotelHub Support,CWT HotelHub Support,17000393645,My Team,Robert Lancaster,robert.lancaster@amexgbt.com,member,yes_member,17004603546,Robert Lancaster,yes,My Team,Jillian Cox,jill.cox@amexgbt.com
HotelHub Support,CWT HotelHub Support,17000393645,My Team,Anson Pailo,apailo@mycwt.com,agent_not_found,no,,,,,Jillian Cox,jill.cox@amexgbt.com
HotelHub Support,CWT HotelHub Support,17000393645,My Team,Prayoosh Kartha,pkartha@mycwt.com,agent_not_found,no,,,,,Jillian Cox,jill.cox@amexgbt.com
HotelHub Support,CWT HotelHub Support,17000393645,My Team,Valliappan Ramaiah,vramaiah@mycwt.com,agent_not_found,no,,,,,Jillian Cox,jill.cox@amexgbt.com
HotelHub Support,CWT HotelHub Support,17000393645,My Team,Saurav Saha,ssaha@mycwt.com,agent_not_found,no,,,,,Jillian Cox,jill.cox@amexgbt.com
HotelHub Support,CWT HotelHub Support,17000393645,My Team,Saili Ramchandra Naik,snaik3@mycwt.com,agent_not_found,no,,,,,Jillian Cox,jill.cox@amexgbt.com
HR Data Management,CWT HR Data Management,17000393146,My Team,Roseth Reyes,roseth.reyes@amexgbt.com,member,yes_member,17004608444,Roseth Reyes,yes,My Team,Fred Gonsalves,fred.gonsalves@amexgbt.com
HR Data Management,CWT HR Data Management,17000393146,My Team,Mel Asuncion,mel.asuncion@amexgbt.com,member,yes_member,17004634825,Mel Asuncion,yes,My Team,Fred Gonsalves,fred.gonsalves@amexgbt.com
HR Data Management,CWT HR Data Management,17000393146,My Team,Neil Earvin Talavera,neilearvin.talavera@amexgbt.com,member,yes_member,17004608520,Neil Earvin Talavera,yes,My Team,Fred Gonsalves,fred.gonsalves@amexgbt.com
HR DevOps,CWT HR DevOps,17000393646,My Team,Neil Earvin Talavera,neilearvin.talavera@amexgbt.com,member,yes_member,17004608520,Neil Earvin Talavera,yes,My Team,Mel Asuncion,mel.asuncion@amexgbt.com
HR DevOps,CWT HR DevOps,17000393646,My Team,Joseph Sulit,joseph.sulit@amexgbt.com,member,yes_member,17004608547,Joseph Sulit,yes,My Team | HR,Mel Asuncion,mel.asuncion@amexgbt.com
HR DevOps,CWT HR DevOps,17000393646,My Team,Mel Asuncion,mel.asuncion@amexgbt.com,member,yes_member,17004634825,Mel Asuncion,yes,My Team,Mel Asuncion,mel.asuncion@amexgbt.com
HR DevOps,CWT HR DevOps,17000393646,My Team,Sherry Rose Hidalgo,sherryrose.hidalgo@amexgbt.com,member,yes_member,17004608417,Sherry Rose Hidalgo,yes,My Team | HR,Mel Asuncion,mel.asuncion@amexgbt.com
HR DevOps,CWT HR DevOps,17000393646,My Team,Marnelli Marasigan,marnelli.marasigan@amexgbt.com,member,yes_member,17004608508,Marnelli Marasigan,yes,My Team,Mel Asuncion,mel.asuncion@amexgbt.com
HR DevOps,CWT HR DevOps,17000393646,My Team,Cherie Anacta,cherie.anacta@amexgbt.com,member,yes_member,17004608398,Cherie Anacta,yes,My Team | HR,Mel Asuncion,mel.asuncion@amexgbt.com
HR DevOps,CWT HR DevOps,17000393646,My Team,Lou Angela Tabor,louangela.tabor@amexgbt.com,member,yes_member,17004608548,Lou Angela Tabor,yes,My Team | HR,Mel Asuncion,mel.asuncion@amexgbt.com
HR DevOps,CWT HR DevOps,17000393646,My Team,Norween Banayo,norween.banayo@amexgbt.com,member,yes_member,17004608395,Norween Banayo,yes,My Team | HR,Mel Asuncion,mel.asuncion@amexgbt.com
HR DevOps,CWT HR DevOps,17000393646,My Team,Roseth Reyes,roseth.reyes@amexgbt.com,member,yes_member,17004608444,Roseth Reyes,yes,My Team,Mel Asuncion,mel.asuncion@amexgbt.com
HR Interface,CWT HR Interface,17000393647,My Team,Roseth Reyes,roseth.reyes@amexgbt.com,member,yes_member,17004608444,Roseth Reyes,yes,My Team,Mel Asuncion,mel.asuncion@amexgbt.com
HR Interface,CWT HR Interface,17000393647,My Team,Marnelli Marasigan,marnelli.marasigan@amexgbt.com,member,yes_member,17004608508,Marnelli Marasigan,yes,My Team,Mel Asuncion,mel.asuncion@amexgbt.com
HR Interface,CWT HR Interface,17000393647,My Team,Cristelle Rose Sampang,cristellerose.sampang@amexgbt.com,member,yes_member,17004608515,Cristelle Rose Sampang,yes,My Team,Mel Asuncion,mel.asuncion@amexgbt.com
HR Interface,CWT HR Interface,17000393647,My Team,Mel Asuncion,mel.asuncion@amexgbt.com,member,yes_member,17004634825,Mel Asuncion,yes,My Team,Mel Asuncion,mel.asuncion@amexgbt.com
HR Interface Approvers,CWT HR Interface Approvers,17000393147,My Team,Marnelli Marasigan,marnelli.marasigan@amexgbt.com,member,yes_member,17004608508,Marnelli Marasigan,yes,My Team,Mel Asuncion,mel.asuncion@amexgbt.com
HR Interface Approvers,CWT HR Interface Approvers,17000393147,My Team,Mel Asuncion,mel.asuncion@amexgbt.com,member,yes_member,17004634825,Mel Asuncion,yes,My Team,Mel Asuncion,mel.asuncion@amexgbt.com
HR Interface Approvers,CWT HR Interface Approvers,17000393147,My Team,Phillip Greenhagen,phillip.greenhagen@amexgbt.com,member,yes_member,17004603428,Phillip Greenhagen,yes,My Team,Mel Asuncion,mel.asuncion@amexgbt.com
HR Systems & Support,CWT HR Systems & Support,17000393648,My Team,Cherie Anacta,cherie.anacta@amexgbt.com,member,yes_member,17004608398,Cherie Anacta,yes,My Team | HR,Marjorie Espina,marjorie.espina@amexgbt.com
HR Systems & Support,CWT HR Systems & Support,17000393648,My Team,Youmi Tabor,youmi.tabor@amexgbt.com,member,yes_member,17004608518,Youmi Tabor,yes,My Team | HR,Marjorie Espina,marjorie.espina@amexgbt.com
HR Systems & Support,CWT HR Systems & Support,17000393648,My Team,Marjorie Espina,marjorie.espina@amexgbt.com,member,yes_member,17004608482,Marjorie Espina,yes,My Team | HR,Marjorie Espina,marjorie.espina@amexgbt.com
HR Systems & Support,CWT HR Systems & Support,17000393648,My Team,Ezralyn Ramo,ezralyn.ramo@amexgbt.com,member,yes_member,17004608512,Ezralyn Ramo,yes,My Team | HR,Marjorie Espina,marjorie.espina@amexgbt.com
HR Systems & Support,CWT HR Systems & Support,17000393648,My Team,Roseth Reyes,roseth.reyes@amexgbt.com,member,yes_member,17004608444,Roseth Reyes,yes,My Team,Marjorie Espina,marjorie.espina@amexgbt.com
HSP Support,CWT HSP Support,17000393649,My Team,Alicia Gutierrez Romero,alicia.gutierrezromero@amexgbt.com,member,yes_member,17004602049,Alicia Gutierrez Romero,yes,My Team,Simon Clarke,simon.clarke@amexgbt.com
HSP Support,CWT HSP Support,17000393649,My Team,Valerie Roux,valerie.roux@amexgbt.com,member,yes_member,17004607479,Valerie Roux,yes,My Team,Simon Clarke,simon.clarke@amexgbt.com
HSP Support,CWT HSP Support,17000393649,My Team,Benjamin Thomas,benjamin.thomas@amexgbt.com,member,yes_member,17004608963,Benjamin Thomas,yes,My Team,Simon Clarke,simon.clarke@amexgbt.com
HSP Support,CWT HSP Support,17000393649,My Team,Sharjil Ansari,sharjil.ansari@amexgbt.com,member,yes_member,17004605821,Sharjil Ansari,yes,My Team,Simon Clarke,simon.clarke@amexgbt.com
HSP Support,CWT HSP Support,17000393649,My Team,Frederic Pascassio-Comte,frederic.pascassio-comte@amexgbt.com,member,yes_member,17004608996,Frederic Pascassio-Comte,yes,My Team,Simon Clarke,simon.clarke@amexgbt.com
HSP Support,CWT HSP Support,17000393649,My Team,Nichol Levin Abiog,nichollevin.abiog@amexgbt.com,member,yes_member,17004608373,Nichol Levin Abiog,yes,My Team,Simon Clarke,simon.clarke@amexgbt.com
HSP Support,CWT HSP Support,17000393649,My Team,Lynda Simpkins,lyn.simpkins@amexgbt.com,member,yes_member,17004605586,Lynda Simpkins,yes,My Team,Simon Clarke,simon.clarke@amexgbt.com
HSP Support,CWT HSP Support,17000393649,My Team,Craig Fink,craig.fink@amexgbt.com,member,yes_member,17004605904,Craig Fink,yes,My Team,Simon Clarke,simon.clarke@amexgbt.com
HSP Support,CWT HSP Support,17000393649,My Team,Zuzanna Kierońska,zuzanna.kieronska@amexgbt.com,member,yes_member,17004601219,Zuzanna Kierońska,yes,My Team,Simon Clarke,simon.clarke@amexgbt.com
HSP Support,CWT HSP Support,17000393649,My Team,Marcelo Zanni,marcelo.zanni@amexgbt.com,member,yes_member,17004605539,Marcelo Zanni,yes,My Team,Simon Clarke,simon.clarke@amexgbt.com
HSP Support,CWT HSP Support,17000393649,My Team,Lucienne Degiorgio,lucienne.degiorgio@amexgbt.com,member,yes_member,17004605749,Lucienne Degiorgio,yes,My Team,Simon Clarke,simon.clarke@amexgbt.com
HSP Support,CWT HSP Support,17000393649,My Team,Simon Clarke,simon.clarke@amexgbt.com,member,yes_member,17004605894,Simon Clarke,yes,My Team,Simon Clarke,simon.clarke@amexgbt.com
HSP Support,CWT HSP Support,17000393649,My Team,Gemma Comerford,gemma.comerford@amexgbt.com,member,yes_member,17004605917,Gemma Comerford,yes,My Team,Simon Clarke,simon.clarke@amexgbt.com
HW_SW_AssetMGMT,CWT HW_SW_AssetMGMT,17000393480,My Team,Syed Rehanul Haque,syedrehanul.haque@amexgbt.com,member,yes_member,17002894972,Syed Rehanul Haque,yes,My Team,Hannah Henderson,hannah.henderson@amexgbt.com
HW_SW_AssetMGMT,CWT HW_SW_AssetMGMT,17000393480,My Team,Needa Fathima,needa.fathima@amexgbt.com,member,yes_member,17001534060,Needa Fathima,yes,My Team,Hannah Henderson,hannah.henderson@amexgbt.com
HW_SW_AssetMGMT,CWT HW_SW_AssetMGMT,17000393480,My Team,Anastasia Blundell,anastasia.blundell@amexgbt.com,member,yes_member,17001602400,Anastasia Blundell,yes,My Team,Hannah Henderson,hannah.henderson@amexgbt.com
HW_SW_AssetMGMT,CWT HW_SW_AssetMGMT,17000393480,My Team,Nilendra Singhal,nilendra.singhal@amexgbt.com,member,yes_member,17004638895,Nilendra Singhal,yes,My Team,Hannah Henderson,hannah.henderson@amexgbt.com
HW_SW_AssetMGMT,CWT HW_SW_AssetMGMT,17000393480,My Team,Akanchha Prapti,akanchha.prapti@amexgbt.com,member,yes_member,17004270311,Akanchha Prapti,yes,My Team,Hannah Henderson,hannah.henderson@amexgbt.com
HW_SW_AssetMGMT,CWT HW_SW_AssetMGMT,17000393480,My Team,Banoth Shailaja,banoth.shailaja@amexgbt.com,member,yes_member,17004432722,Banoth Shailaja,yes,My Team,Hannah Henderson,hannah.henderson@amexgbt.com
HW_SW_AssetMGMT,CWT HW_SW_AssetMGMT,17000393480,My Team,Mahtab Alam,mahtab.alam@amexgbt.com,member,yes_member,17004120747,Mahtab Alam,yes,My Team,Hannah Henderson,hannah.henderson@amexgbt.com
HW_SW_AssetMGMT,CWT HW_SW_AssetMGMT,17000393480,My Team,Lorenzo Aguayo,lorenzo.aguayo@amexgbt.com,member,yes_member,17003921983,Lorenzo Aguayo,yes,My Team,Hannah Henderson,hannah.henderson@amexgbt.com
HW_SW_AssetMGMT,CWT HW_SW_AssetMGMT,17000393480,My Team,Rohini Thombre,rohini.thombre@amexgbt.com,member,yes_member,17003871508,Rohini Thombre,yes,My Team,Hannah Henderson,hannah.henderson@amexgbt.com
HW_SW_AssetMGMT,CWT HW_SW_AssetMGMT,17000393480,My Team,Hari Kumar Akula,harikumar.akula@amexgbt.com,member,yes_member,17004473368,Hari Kumar Akula,yes,My Team,Hannah Henderson,hannah.henderson@amexgbt.com
HW_SW_AssetMGMT,CWT HW_SW_AssetMGMT,17000393480,My Team,Snehalatha B,snehalatha.b@amexgbt.com,member,yes_member,17004651858,Snehalatha B,yes,My Team,Hannah Henderson,hannah.henderson@amexgbt.com
HW_SW_AssetMGMT,CWT HW_SW_AssetMGMT,17000393480,My Team,Chris Peterson,chris.peterson@amexgbt.com,member,yes_member,17001481015,Chris Peterson,yes,My Team,Hannah Henderson,hannah.henderson@amexgbt.com
HW_SW_AssetMGMT,CWT HW_SW_AssetMGMT,17000393480,My Team,Suman Naik,suman.naik@amexgbt.com,member,yes_member,17004170707,Suman Naik,yes,My Team,Hannah Henderson,hannah.henderson@amexgbt.com
HW_SW_AssetMGMT,CWT HW_SW_AssetMGMT,17000393480,My Team,Ivan Jimenez,ivan.jimenez1@amexgbt.com,member,yes_member,17001481084,Ivan Jimenez,yes,My Team,Hannah Henderson,hannah.henderson@amexgbt.com
HW_SW_AssetMGMT,CWT HW_SW_AssetMGMT,17000393480,My Team,Korrapati Haji Ghouse,korrapati.hajighouse@amexgbt.com,not_in_group,no,17004991058,Korrapati hajighouse,yes,My Team,Hannah Henderson,hannah.henderson@amexgbt.com
HW_SW_AssetMGMT,CWT HW_SW_AssetMGMT,17000393480,My Team,Sanjukta Dhar,sanjukta.dhar@amexgbt.com,member,yes_member,17004955474,Sanjukta Dhar,yes,My Team,Hannah Henderson,hannah.henderson@amexgbt.com
HW_SW_AssetMGMT,CWT HW_SW_AssetMGMT,17000393480,My Team,Arpit Dixit,arpit.dixit@amexgbt.com,member,yes_member,17004853902,Arpit Dixit,yes,My Team,Hannah Henderson,hannah.henderson@amexgbt.com
HW_SW_AssetMGMT,CWT HW_SW_AssetMGMT,17000393480,My Team,Vishwa BS,vishwa.bs@amexgbt.com,member,yes_member,17004374355,Vishwa BS,yes,My Team,Hannah Henderson,hannah.henderson@amexgbt.com
HW_SW_AssetMGMT,CWT HW_SW_AssetMGMT,17000393480,My Team,Issa Alombah,issa.alombah@amexgbt.com,member,yes_member,17001525835,Issa Alombah,yes,My Team,Hannah Henderson,hannah.henderson@amexgbt.com
HW_SW_AssetMGMT,CWT HW_SW_AssetMGMT,17000393480,My Team,Ankam Siva Krishna,ankam.sivakrishna@amexgbt.com,member,yes_member,17004119104,Ankam Siva Krishna,yes,My Team,Hannah Henderson,hannah.henderson@amexgbt.com
HW_SW_AssetMGMT,CWT HW_SW_AssetMGMT,17000393480,My Team,Garlus Missier S,garlus.missiers@amexgbt.com,member,yes_member,17003214239,Garlus Missier S,yes,My Team,Hannah Henderson,hannah.henderson@amexgbt.com
HW_SW_AssetMGMT,CWT HW_SW_AssetMGMT,17000393480,My Team,Suraj Shetty,suraj.shetty@amexgbt.com,member,yes_member,17004159070,Suraj Shetty,yes,My Team,Hannah Henderson,hannah.henderson@amexgbt.com
HW_SW_AssetMGMT,CWT HW_SW_AssetMGMT,17000393480,My Team,Snehal Rajput,snehal.rajput@amexgbt.com,member,yes_member,17004946688,Snehal Rajput,yes,My Team,Hannah Henderson,hannah.henderson@amexgbt.com
HW_SW_AssetMGMT,CWT HW_SW_AssetMGMT,17000393480,My Team,Mohammed Thanish,mohammed.thanish@amexgbt.com,member,yes_member,17002123817,Mohammed Thanish,yes,My Team,Hannah Henderson,hannah.henderson@amexgbt.com
Idle Incident Management,CWT Idle Incident Management,17000393149,My Team,Snehalatha B,snehalatha.b@amexgbt.com,member,yes_member,17004651858,Snehalatha B,yes,My Team,Bose Bakare,bose.bakare@amexgbt.com
Idle Incident Management,CWT Idle Incident Management,17000393149,My Team,Ivan Jimenez,ivan.jimenez1@amexgbt.com,member,yes_member,17001481084,Ivan Jimenez,yes,My Team,Bose Bakare,bose.bakare@amexgbt.com
Idle Incident Management,CWT Idle Incident Management,17000393149,My Team,Mohammed Thanish,mohammed.thanish@amexgbt.com,member,yes_member,17002123817,Mohammed Thanish,yes,My Team,Bose Bakare,bose.bakare@amexgbt.com
Idle Incident Management,CWT Idle Incident Management,17000393149,My Team,Bose Bakare,bose.bakare@amexgbt.com,member,yes_member,17004605548,Bose Bakare,yes,My Team,Bose Bakare,bose.bakare@amexgbt.com
Idle Incident Management,CWT Idle Incident Management,17000393149,My Team,Nilendra Singhal,nilendra.singhal@amexgbt.com,member,yes_member,17004638895,Nilendra Singhal,yes,My Team,Bose Bakare,bose.bakare@amexgbt.com
Idle Incident Management,CWT Idle Incident Management,17000393149,My Team,Suraj Shetty,suraj.shetty@amexgbt.com,member,yes_member,17004159070,Suraj Shetty,yes,My Team,Bose Bakare,bose.bakare@amexgbt.com
Idle Incident Management,CWT Idle Incident Management,17000393149,My Team,Sanjukta Dhar,sanjukta.dhar@amexgbt.com,member,yes_member,17004955474,Sanjukta Dhar,yes,My Team,Bose Bakare,bose.bakare@amexgbt.com
Idle Incident Management,CWT Idle Incident Management,17000393149,My Team,Ankam Siva Krishna,ankam.sivakrishna@amexgbt.com,member,yes_member,17004119104,Ankam Siva Krishna,yes,My Team,Bose Bakare,bose.bakare@amexgbt.com
Idle Incident Management,CWT Idle Incident Management,17000393149,My Team,Snehal Rajput,snehal.rajput@amexgbt.com,member,yes_member,17004946688,Snehal Rajput,yes,My Team,Bose Bakare,bose.bakare@amexgbt.com
Idle Incident Management,CWT Idle Incident Management,17000393149,My Team,Rohini Thombre,rohini.thombre@amexgbt.com,member,yes_member,17003871508,Rohini Thombre,yes,My Team,Bose Bakare,bose.bakare@amexgbt.com
Idle Incident Management,CWT Idle Incident Management,17000393149,My Team,Vishwa BS,vishwa.bs@amexgbt.com,member,yes_member,17004374355,Vishwa BS,yes,My Team,Bose Bakare,bose.bakare@amexgbt.com
Idle Incident Management,CWT Idle Incident Management,17000393149,My Team,Mahtab Alam,mahtab.alam@amexgbt.com,member,yes_member,17004120747,Mahtab Alam,yes,My Team,Bose Bakare,bose.bakare@amexgbt.com
Idle Incident Management,CWT Idle Incident Management,17000393149,My Team,Needa Fathima,needa.fathima@amexgbt.com,member,yes_member,17001534060,Needa Fathima,yes,My Team,Bose Bakare,bose.bakare@amexgbt.com
Idle Incident Management,CWT Idle Incident Management,17000393149,My Team,Hari Kumar Akula,harikumar.akula@amexgbt.com,member,yes_member,17004473368,Hari Kumar Akula,yes,My Team,Bose Bakare,bose.bakare@amexgbt.com
Idle Incident Management,CWT Idle Incident Management,17000393149,My Team,Akanchha Prapti,akanchha.prapti@amexgbt.com,member,yes_member,17004270311,Akanchha Prapti,yes,My Team,Bose Bakare,bose.bakare@amexgbt.com
Idle Incident Management,CWT Idle Incident Management,17000393149,My Team,Banoth Shailaja,banoth.shailaja@amexgbt.com,member,yes_member,17004432722,Banoth Shailaja,yes,My Team,Bose Bakare,bose.bakare@amexgbt.com
Idle Incident Management,CWT Idle Incident Management,17000393149,My Team,Issa Alombah,issa.alombah@amexgbt.com,member,yes_member,17001525835,Issa Alombah,yes,My Team,Bose Bakare,bose.bakare@amexgbt.com
Idle Incident Management,CWT Idle Incident Management,17000393149,My Team,Anastasia Blundell,anastasia.blundell@amexgbt.com,member,yes_member,17001602400,Anastasia Blundell,yes,My Team,Bose Bakare,bose.bakare@amexgbt.com
Idle Incident Management,CWT Idle Incident Management,17000393149,My Team,Korrapati Haji Ghouse,korrapati.hajighouse@amexgbt.com,not_in_group,no,17004991058,Korrapati hajighouse,yes,My Team,Bose Bakare,bose.bakare@amexgbt.com
Idle Incident Management,CWT Idle Incident Management,17000393149,My Team,Chris Peterson,chris.peterson@amexgbt.com,member,yes_member,17001481015,Chris Peterson,yes,My Team,Bose Bakare,bose.bakare@amexgbt.com
Idle Incident Management,CWT Idle Incident Management,17000393149,My Team,Garlus Missier S,garlus.missiers@amexgbt.com,member,yes_member,17003214239,Garlus Missier S,yes,My Team,Bose Bakare,bose.bakare@amexgbt.com
Idle Incident Management,CWT Idle Incident Management,17000393149,My Team,Suman Naik,suman.naik@amexgbt.com,member,yes_member,17004170707,Suman Naik,yes,My Team,Bose Bakare,bose.bakare@amexgbt.com
Idle Incident Management,CWT Idle Incident Management,17000393149,My Team,Arpit Dixit,arpit.dixit@amexgbt.com,member,yes_member,17004853902,Arpit Dixit,yes,My Team,Bose Bakare,bose.bakare@amexgbt.com
Idle Incident Management,CWT Idle Incident Management,17000393149,My Team,Lorenzo Aguayo,lorenzo.aguayo@amexgbt.com,member,yes_member,17003921983,Lorenzo Aguayo,yes,My Team,Bose Bakare,bose.bakare@amexgbt.com
IE WINGS FINANCE,CWT IE WINGS FINANCE,17000393150,My Team,Constantinos Michaelides,constantinos.michaelides@amexgbt.com,member,yes_member,17004605726,Constantinos Michaelides,yes,My Team,Iain Fair,iain.fair@amexgbt.com
IMPDashboard,,,,Umesh Guduru,umesh.guduru@amexgbt.com,group_unmatched,no,17004605175,Umesh Guduru,yes,My Team,Anurag Chopra,anurag.chopra@amexgbt.com
Insights Approver Group,CWT Insights Approver Group,17000393154,My Team,Clare Burt,clare.burt@amexgbt.com,member,yes_member,17004605855,Clare Burt,yes,My Team,Clare Burt,clare.burt@amexgbt.com
Insights Approver Group,CWT Insights Approver Group,17000393154,My Team,Ji Yong Ang,jiyong.ang@amexgbt.com,member,yes_member,17004607083,Ji Yong Ang,yes,My Team,Clare Burt,clare.burt@amexgbt.com
Insights Dev,CWT Insights Dev,17000393650,My Team,Ji Yong Ang,jiyong.ang@amexgbt.com,member,yes_member,17004607083,Ji Yong Ang,yes,My Team,Jack Staehler,jack.staehler@amexgbt.com
Insights Dev,CWT Insights Dev,17000393650,My Team,Joshua Cura,joshua.cura@amexgbt.com,member,yes_member,17004608369,Joshua Cura,yes,My Team,Jack Staehler,jack.staehler@amexgbt.com
Insights Dev,CWT Insights Dev,17000393650,My Team,Jeffrey Canlas,jeffrey.canlas@amexgbt.com,member,yes_member,17004608326,Jeffrey Canlas,yes,My Team,Jack Staehler,jack.staehler@amexgbt.com
Insights Dev,CWT Insights Dev,17000393650,My Team,Clare Burt,clare.burt@amexgbt.com,member,yes_member,17004605855,Clare Burt,yes,My Team,Jack Staehler,jack.staehler@amexgbt.com
Insights Dev,CWT Insights Dev,17000393650,My Team,John Paulo Villafranca,johnpaulo.villafranca@amexgbt.com,member,yes_member,17004608306,John Paulo Villafranca,yes,My Team,Jack Staehler,jack.staehler@amexgbt.com
Internal Digital Product Management,,,,Eilon Carmi,eilon.carmi@amexgbt.com,group_unmatched,no,,,,,Eilon Carmi,eilon.carmi@amexgbt.com
Internal Kong approval,CWT Internal Kong approval,17000393155,My Team,Rajesh Gunda,rajesh.gunda@amexgbt.com,member,yes_member,17004602637,Rajesh Gunda,yes,My Team,Patrice Simon,patrice.simon@amexgbt.com
Internal Kong approval,CWT Internal Kong approval,17000393155,My Team,Rhubel Gulanes,rgulanes@mycwt.com,agent_not_found,no,,,,,Patrice Simon,patrice.simon@amexgbt.com
Internal Kong approval,CWT Internal Kong approval,17000393155,My Team,Robenie Fernandez,robenie.fernandez@amexgbt.com,member,yes_member,17004608400,Robenie Fernandez,yes,My Team,Patrice Simon,patrice.simon@amexgbt.com
Internal Kong approval,CWT Internal Kong approval,17000393155,My Team,Praveen Bejjam,pbejjam@mycwt.com,agent_not_found,no,,,,,Patrice Simon,patrice.simon@amexgbt.com
Internal Kong support,CWT Internal Kong support,17000393156,My Team,Robenie Fernandez,robenie.fernandez@amexgbt.com,member,yes_member,17004608400,Robenie Fernandez,yes,My Team,Patrice Simon,patrice.simon@amexgbt.com
Internal Kong support,CWT Internal Kong support,17000393156,My Team,Praveen Bejjam,pbejjam@mycwt.com,agent_not_found,no,,,,,Patrice Simon,patrice.simon@amexgbt.com
Internal Kong support,CWT Internal Kong support,17000393156,My Team,Srinivasa Kovvuri,srinivasa.kovvuri@amexgbt.com,member,yes_member,17004605299,Srinivasa Kovvuri,yes,My Team,Patrice Simon,patrice.simon@amexgbt.com
Internal Kong support,CWT Internal Kong support,17000393156,My Team,Rajesh Gunda,rajesh.gunda@amexgbt.com,member,yes_member,17004602637,Rajesh Gunda,yes,My Team,Patrice Simon,patrice.simon@amexgbt.com
Internal Kong support,CWT Internal Kong support,17000393156,My Team,Rhubel Gulanes,rgulanes@mycwt.com,agent_not_found,no,,,,,Patrice Simon,patrice.simon@amexgbt.com
Internal Project Solutions Group,CWT Internal Project Solutions Group,17000393651,My Team,Seweryn Mojzych,seweryn.mojzych@amexgbt.com,member,yes_member,17004606865,Seweryn Mojzych,yes,My Team,Izabela Hiller- Łupińska,IHiller@mycwt.com
Internal Project Solutions Group,CWT Internal Project Solutions Group,17000393651,My Team,Michal Trojan,michal.trojan@amexgbt.com,member,yes_member,17004601322,Michal Trojan,yes,My Team,Izabela Hiller- Łupińska,IHiller@mycwt.com
Internal Project Solutions Group,CWT Internal Project Solutions Group,17000393651,My Team,Joanna Kusmirek-Kowal,joanna.kusmirek-kowal@amexgbt.com,member,yes_member,17004601300,Joanna Kusmirek-Kowal,yes,My Team,Izabela Hiller- Łupińska,IHiller@mycwt.com
Internal Project Solutions Group,CWT Internal Project Solutions Group,17000393651,My Team,Aleksandra Pawelczak,aleksandra.pawelczak@amexgbt.com,member,yes_member,17004606864,Aleksandra Pawelczak,yes,My Team,Izabela Hiller- Łupińska,IHiller@mycwt.com
Internal Project Solutions Group,CWT Internal Project Solutions Group,17000393651,My Team,Anna Rajczyk,anna.rajczyk@amexgbt.com,member,yes_member,17004606771,Anna Rajczyk,yes,My Team,Izabela Hiller- Łupińska,IHiller@mycwt.com
Internal Project Solutions Group,CWT Internal Project Solutions Group,17000393651,My Team,Nathan Clare,nathan.clare@amexgbt.com,member,yes_member,17004605708,Nathan Clare,yes,My Team,Izabela Hiller- Łupińska,IHiller@mycwt.com
Internal Project Solutions Group,CWT Internal Project Solutions Group,17000393651,My Team,Piotr Zaremba,piotr.zaremba@amexgbt.com,member,yes_member,17004606868,Piotr Zaremba,yes,My Team,Izabela Hiller- Łupińska,IHiller@mycwt.com
Internal Project Solutions Group,CWT Internal Project Solutions Group,17000393651,My Team,Krishan Sharma,krishan.sharma@amexgbt.com,member,yes_member,17004604488,Krishan Sharma,yes,My Team,Izabela Hiller- Łupińska,IHiller@mycwt.com
Internal Project Solutions Group,CWT Internal Project Solutions Group,17000393651,My Team,Craig Dixon,craig.dixon@amexgbt.com,member,yes_member,17004605680,Craig Dixon,yes,My Team,Izabela Hiller- Łupińska,IHiller@mycwt.com
Internal Project Solutions Group,CWT Internal Project Solutions Group,17000393651,My Team,Mateusz Matysik,mateusz.matysik@amexgbt.com,member,yes_member,17004601252,Mateusz Matysik,yes,My Team,Izabela Hiller- Łupińska,IHiller@mycwt.com
Invoices Approver Group,CWT Invoices Approver Group,17000393157,My Team,Frank Ho,frank.ho@amexgbt.com,member,yes_member,17004607099,Frank Ho,yes,My Team,Marie-Louise Van Vlemen,marie-louise.vanvlemen@amexgbt.com
IQ Users Maintenance,CWT IQ Users Maintenance,17000393652,My Team,Shivani Sati,shivani.sati@amexgbt.com,member,yes_member,17004603751,Shivani Sati,yes,My Team,Juan Gomez,juan.gomez@amexgbt.com
IQ Users Maintenance,CWT IQ Users Maintenance,17000393652,My Team,Angie Sánchez Medina,angie.sanchezmedina@amexgbt.com,member,yes_member,17004606474,Angie Sánchez Medina,yes,My Team,Juan Gomez,juan.gomez@amexgbt.com
IQ Users Maintenance,CWT IQ Users Maintenance,17000393652,My Team,Angela Hernandez,angela.hernandez@amexgbt.com,member,yes_member,17004606561,Angela Hernandez,yes,My Team,Juan Gomez,juan.gomez@amexgbt.com
IQ Users Maintenance,CWT IQ Users Maintenance,17000393652,My Team,Seema Dass,seema.dass@amexgbt.com,member,yes_member,17004604246,Seema Dass,yes,My Team,Juan Gomez,juan.gomez@amexgbt.com
IQ Users Maintenance,CWT IQ Users Maintenance,17000393652,My Team,Deepa Savara,deepa.savara@amexgbt.com,member,yes_member,17004604473,Deepa Savara,yes,My Team,Juan Gomez,juan.gomez@amexgbt.com
IQ Users Maintenance,CWT IQ Users Maintenance,17000393652,My Team,Ashish Negi,ashish.negi1@amexgbt.com,member,yes_member,17004604658,Ashish Negi,yes,My Team,Juan Gomez,juan.gomez@amexgbt.com
IQ Users Maintenance,CWT IQ Users Maintenance,17000393652,My Team,Cenise Roland,cenise.roland@amexgbt.com,member,yes_member,17004602393,Cenise Roland,yes,My Team,Juan Gomez,juan.gomez@amexgbt.com
IQ Users Maintenance,CWT IQ Users Maintenance,17000393652,My Team,Juan Gomez,juan.gomez@amexgbt.com,member,yes_member,17004606357,Juan Gomez,yes,My Team,Juan Gomez,juan.gomez@amexgbt.com
IQ Users Maintenance,CWT IQ Users Maintenance,17000393652,My Team,Jitendra Jaiman,jitendra.jaiman@amexgbt.com,member,yes_member,17004605016,Jitendra Jaiman,yes,My Team,Juan Gomez,juan.gomez@amexgbt.com
IQ Users Maintenance,CWT IQ Users Maintenance,17000393652,My Team,Ankur Das,ankur.das@amexgbt.com,member,yes_member,17004604442,Ankur Das,yes,My Team,Juan Gomez,juan.gomez@amexgbt.com
IT Data & Process Automation Approvers,,,,James Whitlow,james.whitlow@amexgbt.com,group_unmatched,no,17004603456,James Whitlow,yes,My Team,James Whitlow,james.whitlow@amexgbt.com
IT Data & Process Automation Approvers,,,,Jagannath Thotli,jagannath.thotli@amexgbt.com,group_unmatched,no,17004602672,Jagannath Thotli,yes,My Team,James Whitlow,james.whitlow@amexgbt.com
IT DATA CENTER,CWT IT DATA CENTER,17000393653,My Team,Fedele Cardinali,fcardinali@mycwt.com,agent_not_found,no,,,,,Vittorio Margherita,vittorio.margherita@amexgbt.com
IT FINANCE DEV,CWT IT FINANCE DEV,17000393654,My Team,Luca Battisti,luca.battisti@amexgbt.com,member,yes_member,17004608129,Luca Battisti,yes,My Team,Luca Battisti,luca.battisti@amexgbt.com
IT FINANCE DEV,CWT IT FINANCE DEV,17000393654,My Team,Paolo Buratti,pburatti@mycwt.com,agent_not_found,no,,,,,Luca Battisti,luca.battisti@amexgbt.com
IT FINANCE DEV,CWT IT FINANCE DEV,17000393654,My Team,Jay Arellano,jay.arellano@amexgbt.com,member,yes_member,17004608565,Jay Arellano,yes,My Team,Luca Battisti,luca.battisti@amexgbt.com
IT OPS PERFORMANCE TESTING,CWT IT OPS PERFORMANCE TESTING,17000393481,My Team,Prashant Bhutani,prashant.bhutani@amexgbt.com,member,yes_member,17004603687,Prashant Bhutani,yes,My Team,Amanuel Berhane,amanuel.berhane@amexgbt.com
IT OPS PERFORMANCE TESTING,CWT IT OPS PERFORMANCE TESTING,17000393481,My Team,Amanuel Berhane,amanuel.berhane@amexgbt.com,member,yes_member,17004603260,Amanuel Berhane,yes,My Team,Amanuel Berhane,amanuel.berhane@amexgbt.com
Italy Change Management,CWT Italy Change Management,17000393159,My Team,Tania Tosi,tania.tosi@amexgbt.com,member,yes_member,17004607733,Tania Tosi,yes,My Team,Vittorio Margherita,vittorio.margherita@amexgbt.com
Italy Change Management,CWT Italy Change Management,17000393159,My Team,Antonio Condello,antonio.condello@amexgbt.com,member,yes_member,17004608095,Antonio Condello,yes,My Team,Vittorio Margherita,vittorio.margherita@amexgbt.com
Italy Change Management,CWT Italy Change Management,17000393159,My Team,Gianluca Magliozzi,gianluca.magliozzi@amexgbt.com,member,yes_member,17004607923,Gianluca Magliozzi,yes,My Team,Vittorio Margherita,vittorio.margherita@amexgbt.com
Italy Change Management,CWT Italy Change Management,17000393159,My Team,Vittorio Margherita,vittorio.margherita@amexgbt.com,member,yes_member,17004607901,Vittorio Margherita,yes,My Team,Vittorio Margherita,vittorio.margherita@amexgbt.com
Italy Network,CWT Italy Network,17000393160,My Team,Fedele Cardinali,fcardinali@mycwt.com,agent_not_found,no,,,,,Vittorio Margherita,vittorio.margherita@amexgbt.com
Italy Network,CWT Italy Network,17000393160,My Team,Vittorio Margherita,vittorio.margherita@amexgbt.com,member,yes_member,17004607901,Vittorio Margherita,yes,My Team,Vittorio Margherita,vittorio.margherita@amexgbt.com
Italy Wings GP,CWT Italy Wings GP,17000393655,My Team,Alex Pepe,alex.pepe@amexgbt.com,member,yes_member,17004607840,Alex Pepe,yes,My Team,Alex Pepe,alex.pepe@amexgbt.com
Jive Approver Group,,,,Eline Geschiere,eline.geschiere@amexgbt.com,group_unmatched,no,17004606005,Eline Geschiere,yes,My Team,Lisa Lam,Lisa.Lam@amexgbt.com
KM TEAM,CWT KM TEAM,17000393089,My Team,Richard Villamin,richard.villamin@amexgbt.com,member,yes_member,17004608552,Richard Villamin,yes,My Team,Laura Dale,laura.dale@amexgbt.com
Korbyt Support,CWT Korbyt Support,17000393657,My Team,Ulyana Sydorkevych,ulyana.sydorkevych@amexgbt.com,member,yes_member,17004601321,Ulyana Sydorkevych,yes,My Team,Steven Henderson,steve.henderson@amexgbt.com
Korbyt Support,CWT Korbyt Support,17000393657,My Team,Luis Nogueira,luis.nogueira@amexgbt.com,member,yes_member,17004602484,Luis Nogueira,yes,My Team,Steven Henderson,steve.henderson@amexgbt.com
Korbyt Support,CWT Korbyt Support,17000393657,My Team,Rafal Sroka,rafal.sroka@amexgbt.com,member,yes_member,17004601194,Rafal Sroka,yes,My Team,Steven Henderson,steve.henderson@amexgbt.com
Korbyt Support,CWT Korbyt Support,17000393657,My Team,Barbara Bąk,barbara.bak@amexgbt.com,member,yes_member,17004606694,Barbara Bąk,yes,My Team,Steven Henderson,steve.henderson@amexgbt.com
Korbyt Support,CWT Korbyt Support,17000393657,My Team,Alejandro Carrasco,alejandro.carrasco@amexgbt.com,member,yes_member,17004606369,Alejandro Carrasco,yes,My Team,Steven Henderson,steve.henderson@amexgbt.com
Korbyt Support,CWT Korbyt Support,17000393657,My Team,Juan Jose Candel Nacarino,juanjo.candel@amexgbt.com,member,yes_member,17004601777,Juan Jose Candel Nacarino,yes,My Team,Steven Henderson,steve.henderson@amexgbt.com
Korbyt Support,CWT Korbyt Support,17000393657,My Team,Erwan Maze,erwan.maze@amexgbt.com,member,yes_member,17004607618,Erwan Maze,yes,My Team,Steven Henderson,steve.henderson@amexgbt.com
Korbyt Support,CWT Korbyt Support,17000393657,My Team,Marcin Fortuna,marcin.fortuna@amexgbt.com,member,yes_member,17004601166,Marcin Fortuna,yes,My Team,Steven Henderson,steve.henderson@amexgbt.com
Korbyt Support,CWT Korbyt Support,17000393657,My Team,Radiana Saeva,radiana.saeva@amexgbt.com,member,yes_member,17004606826,Radiana Saeva,yes,My Team,Steven Henderson,steve.henderson@amexgbt.com
Lackland IT,CWT Lackland IT,17000393092,My Team,Srinivasa Kovvuri,srinivasa.kovvuri@amexgbt.com,member,yes_member,17004605299,Srinivasa Kovvuri,yes,My Team,Daniel Walsh,daniel.walsh@amexgbt.com
Lackland IT,CWT Lackland IT,17000393092,My Team,Danica Eimer,danica.eimer@amexgbt.com,member,yes_member,17004603831,Danica Eimer,yes,My Team,Daniel Walsh,daniel.walsh@amexgbt.com
Lackland IT,CWT Lackland IT,17000393092,My Team,Rajesh Gunda,rajesh.gunda@amexgbt.com,member,yes_member,17004602637,Rajesh Gunda,yes,My Team,Daniel Walsh,daniel.walsh@amexgbt.com
Lackland IT,CWT Lackland IT,17000393092,My Team,Joseph Carter,joseph.carter@amexgbt.com,member,yes_member,17004604197,Joseph Carter,yes,My Team,Daniel Walsh,daniel.walsh@amexgbt.com
Lackland IT,CWT Lackland IT,17000393092,My Team,Praveen Bejjam,pbejjam@mycwt.com,agent_not_found,no,,,,,Daniel Walsh,daniel.walsh@amexgbt.com
Lakehouse DevOps,CWT Lakehouse DevOps,17000393483,My Team,Archelle Pagapulan,archelle.pagapulan@amexgbt.com,member,yes_member,17004608511,Archelle Pagapulan,yes,My Team,Christopher Lingbaoan,christopher.lingbaoan@amexgbt.com
Lakehouse DevOps,CWT Lakehouse DevOps,17000393483,My Team,Christopher Lingbaoan,christopher.lingbaoan@amexgbt.com,member,yes_member,17004608432,Christopher Lingbaoan,yes,My Team,Christopher Lingbaoan,christopher.lingbaoan@amexgbt.com
Lakehouse DevOps,CWT Lakehouse DevOps,17000393483,My Team,Jeffrey Cayanan,jeffrey.cayanan@amexgbt.com,member,yes_member,17004608496,Jeffrey Cayanan,yes,My Team,Christopher Lingbaoan,christopher.lingbaoan@amexgbt.com
LATAM Approvals Group,CWT LATAM Approvals Group,17000393094,My Team,Luiz Bittencourt,luiz.bittencourt@amexgbt.com,member,yes_member,17004602459,Luiz Bittencourt,yes,My Team,Luiz Bittencourt,luiz.bittencourt@amexgbt.com
LATAM Dev Team,CWT LATAM Dev Team,17000393484,My Team,Felipe Marques Dantas,felipe.marquesdantas@amexgbt.com,member,yes_member,17004602396,Felipe Marques Dantas,yes,My Team,Luiz Bittencourt,luiz.bittencourt@amexgbt.com
LATAM Dev Team,CWT LATAM Dev Team,17000393484,My Team,Luiz Bittencourt,luiz.bittencourt@amexgbt.com,member,yes_member,17004602459,Luiz Bittencourt,yes,My Team,Luiz Bittencourt,luiz.bittencourt@amexgbt.com
LATAM Dev Team,CWT LATAM Dev Team,17000393484,My Team,Kelly Christiansen,kelly.christiansen@amexgbt.com,member,yes_member,17004603245,Kelly Christiansen,yes,My Team,Luiz Bittencourt,luiz.bittencourt@amexgbt.com
LATAM Dev Team,CWT LATAM Dev Team,17000393484,My Team,Bea Julia Cefre-Flores,beajulia.cefre-flores@amexgbt.com,member,yes_member,17004608577,Bea Julia Cefre-Flores,yes,My Team,Luiz Bittencourt,luiz.bittencourt@amexgbt.com
LATAM Dev Team,CWT LATAM Dev Team,17000393484,My Team,Maria Rothganger,mrothganger@mycwt.com,agent_not_found,no,,,,,Luiz Bittencourt,luiz.bittencourt@amexgbt.com
LATAM PRODUCTS,CWT LATAM PRODUCTS,17000393628,My Team,Esmeralda Perez,esmeralda.perez@amexgbt.com,member,yes_member,17004605430,Esmeralda Perez,yes,My Team,Joseph Laslow,joseph.h.laslow@amexgbt.com
LATAM PRODUCTS,CWT LATAM PRODUCTS,17000393628,My Team,Aislinn Millan,aislinn.millan@amexgbt.com,member,yes_member,17004605444,Aislinn Millan,yes,My Team,Joseph Laslow,joseph.h.laslow@amexgbt.com
LATAM Robotics Support,CWT LATAM Robotics Support,17000393629,My Team,Diego Sierra,diego.sierra@amexgbt.com,member,yes_member,17004606438,Diego Sierra,yes,My Team,Leandro Sarmento,leandro.sarmento@amexgbt.com
LATAM Robotics Support,CWT LATAM Robotics Support,17000393629,My Team,Leandro Sarmento,leandro.sarmento@amexgbt.com,member,yes_member,17004602240,Leandro Sarmento,yes,My Team,Leandro Sarmento,leandro.sarmento@amexgbt.com
LATAM Robotics Support,CWT LATAM Robotics Support,17000393629,My Team,Diego Bernardinelli,diego.bernardinelli@amexgbt.com,member,yes_member,17004602324,Diego Bernardinelli,yes,My Team,Leandro Sarmento,leandro.sarmento@amexgbt.com
LATAM SUPPORT,CWT LATAM SUPPORT,17000393630,My Team,Esmeralda Perez,esmeralda.perez@amexgbt.com,member,yes_member,17004605430,Esmeralda Perez,yes,My Team,Joseph Laslow,joseph.h.laslow@amexgbt.com
LATAM SUPPORT,CWT LATAM SUPPORT,17000393630,My Team,Aislinn Millan,aislinn.millan@amexgbt.com,member,yes_member,17004605444,Aislinn Millan,yes,My Team,Joseph Laslow,joseph.h.laslow@amexgbt.com
Lenis Approver Group,CWT Lenis Approver Group,17000393096,My Team,Leandro Sarmento,leandro.sarmento@amexgbt.com,member,yes_member,17004602240,Leandro Sarmento,yes,My Team,Leandro Sarmento,leandro.sarmento@amexgbt.com
Lenis Product Support,CWT Lenis Product Support,17000393631,My Team,Diego Bernardinelli,diego.bernardinelli@amexgbt.com,member,yes_member,17004602324,Diego Bernardinelli,yes,My Team,Leandro Sarmento,leandro.sarmento@amexgbt.com
Lenis Product Support,CWT Lenis Product Support,17000393631,My Team,Diego Sierra,diego.sierra@amexgbt.com,member,yes_member,17004606438,Diego Sierra,yes,My Team,Leandro Sarmento,leandro.sarmento@amexgbt.com
Lenis Product Support,CWT Lenis Product Support,17000393631,My Team,Leandro Sarmento,leandro.sarmento@amexgbt.com,member,yes_member,17004602240,Leandro Sarmento,yes,My Team,Leandro Sarmento,leandro.sarmento@amexgbt.com
Line Definition Data Standards,CWT Line Definition Data Standards,17000393632,My Team,Dagmara Milek,dagmara.milek@amexgbt.com,member,yes_member,17004601288,Dagmara Milek,yes,My Team,Bartlomiej Grygiel,bartlomiej.grygiel@amexgbt.com
Line Definition Data Standards,CWT Line Definition Data Standards,17000393632,My Team,Kamil Malinowski,kamil.malinowski@amexgbt.com,member,yes_member,17004601167,Kamil Malinowski,yes,My Team,Bartlomiej Grygiel,bartlomiej.grygiel@amexgbt.com
Line Definition Data Standards,CWT Line Definition Data Standards,17000393632,My Team,Barbara Grzybowska,bgrzybowska@mycwt.com,agent_not_found,no,,,,,Bartlomiej Grygiel,bartlomiej.grygiel@amexgbt.com
Line Definition Data Standards,CWT Line Definition Data Standards,17000393632,My Team,Bartlomiej Grygiel,bartlomiej.grygiel@amexgbt.com,member,yes_member,17004601263,Bartlomiej Grygiel,yes,My Team,Bartlomiej Grygiel,bartlomiej.grygiel@amexgbt.com
Line Definition Data Standards,CWT Line Definition Data Standards,17000393632,My Team,Anna Uberman-Kogut,anna.uberman-kogut@amexgbt.com,member,yes_member,17004606834,Anna Uberman-Kogut,yes,My Team,Bartlomiej Grygiel,bartlomiej.grygiel@amexgbt.com
Line Definition Data Standards,CWT Line Definition Data Standards,17000393632,My Team,Kinga Lis,kinga.lis@amexgbt.com,member,yes_member,17004606704,Kinga Lis,yes,My Team,Bartlomiej Grygiel,bartlomiej.grygiel@amexgbt.com
M&E,CWT M&E,17000393097,My Team,Andrea Sequeira,andrea.sequeira@amexgbt.com,member,yes_member,17004607021,Andrea Sequeira,yes,My Team,Melanie Low,melanie.low@amexgbt.com
M&E,CWT M&E,17000393097,My Team,Paula Perras,paula.perras@amexgbt.com,member,yes_member,17004605225,Paula Perras,yes,My Team,Melanie Low,melanie.low@amexgbt.com
M&E,CWT M&E,17000393097,My Team,Ngozi Ngoka,ngozi.ngoka@amexgbt.com,member,yes_member,17004602810,Ngozi Ngoka,yes,My Team,Melanie Low,melanie.low@amexgbt.com
M&E,CWT M&E,17000393097,My Team,Sara Vigil,sara.vigil@amexgbt.com,agent_not_found,no,,,,,Melanie Low,melanie.low@amexgbt.com
M&G Automated Solutions,CWT M&G Automated Solutions,17000393633,My Team,Scott Simpson,ssimpson@cwtsato.com,agent_not_found,no,,,,,Heather Gonseth,hgonseth@cwtsato.com
M&G Automated Solutions,CWT M&G Automated Solutions,17000393633,My Team,Michael Rivas,mrivas@cwtsato.com,agent_not_found,no,,,,,Heather Gonseth,hgonseth@cwtsato.com
M&G DQS NORAM,CWT M&G DQS NORAM,17000393634,My Team,Cindy Minnick,cminnick@cwtsato.com,agent_not_found,no,,,,,Heather Gonseth,hgonseth@cwtsato.com
M&G DQS NORAM,CWT M&G DQS NORAM,17000393634,My Team,Corey Owens,cowens@cwtsato.com,agent_not_found,no,,,,,Heather Gonseth,hgonseth@cwtsato.com
M&G E2 Voucher Approver Group,,,,Michael Rivas,mrivas@cwtsato.com,group_unmatched,no,,,,,Michael Rivas,MRivas@cwtsato.com
M&G Finance,CWT M&G Finance,17000393098,My Team,Doug Marsolek,dmarsolek@cwtsato.com,agent_not_found,no,,,,,Julie Engler,JEngler@cwtsato.com
M&G Finance,CWT M&G Finance,17000393098,My Team,Zenitha Farrier,zfarrier@cwtsato.com,agent_not_found,no,,,,,Julie Engler,JEngler@cwtsato.com
M&G Finance,CWT M&G Finance,17000393098,My Team,Julie Engler,jengler@cwtsato.com,agent_not_found,no,,,,,Julie Engler,JEngler@cwtsato.com
M&G Help Desk,CWT M&G Help Desk,17000393099,My Team,Joaquin Cardenas,jcardenas@cwtsato.com,agent_not_found,no,,,,,Robin Bjorgo,RBjorgo@cwtsato.com
M&G Help Desk,CWT M&G Help Desk,17000393099,My Team,Ronda Mcclain,rmcclain@cwtsato.com,agent_not_found,no,,,,,Robin Bjorgo,RBjorgo@cwtsato.com
M&G Help Desk,CWT M&G Help Desk,17000393099,My Team,Robin Bjorgo,rbjorgo@cwtsato.com,agent_not_found,no,,,,,Robin Bjorgo,RBjorgo@cwtsato.com
M&G Help Desk,CWT M&G Help Desk,17000393099,My Team,Camille Mccafferty,cmccafferty@cwtsato.com,agent_not_found,no,,,,,Robin Bjorgo,RBjorgo@cwtsato.com
M&G TS Support Helpdesk,CWT M&G TS Support Helpdesk,17000393635,My Team,Cindy Minnick,cminnick@cwtsato.com,agent_not_found,no,,,,,Heather Gonseth,hgonseth@cwtsato.com
M&G TS Support Helpdesk,CWT M&G TS Support Helpdesk,17000393635,My Team,Corey Owens,cowens@cwtsato.com,agent_not_found,no,,,,,Heather Gonseth,hgonseth@cwtsato.com
Manila GOC Service Request,CWT Manila GOC Service Request,17000393485,My Team,Daniel Fernandez,daniel.fernandez@amexgbt.com,member,yes_member,17004608668,Daniel Fernandez,yes,My Team,Geoffrey Gemoto,geoffrey.gemoto@amexgbt.com
Manila GOC Service Request,CWT Manila GOC Service Request,17000393485,My Team,EDMON SALONGA,edmon.salonga@amexgbt.com,member,yes_member,17004608669,EDMON SALONGA,yes,My Team,Geoffrey Gemoto,geoffrey.gemoto@amexgbt.com
Manila GOC Service Request,CWT Manila GOC Service Request,17000393485,My Team,Jose Paolo Madrazo,josepaolo.madrazo@amexgbt.com,member,yes_member,17004608215,Jose Paolo Madrazo,yes,My Team,Geoffrey Gemoto,geoffrey.gemoto@amexgbt.com
Manila GOC Service Request,CWT Manila GOC Service Request,17000393485,My Team,Melanie Tapoc,melanie.tapoc@amexgbt.com,member,yes_member,17004608663,Melanie Tapoc,yes,My Team,Geoffrey Gemoto,geoffrey.gemoto@amexgbt.com
Manila GOC Service Request,CWT Manila GOC Service Request,17000393485,My Team,Ronaldo Quiambao,ronaldo.quiambao@amexgbt.com,member,yes_member,17004608657,Ronaldo Quiambao,yes,My Team,Geoffrey Gemoto,geoffrey.gemoto@amexgbt.com
Manila GOC Service Request,CWT Manila GOC Service Request,17000393485,My Team,Aman Handuja,aman.handuja@amexgbt.com,agent_not_found,no,,,,,Geoffrey Gemoto,geoffrey.gemoto@amexgbt.com
Manila GOC Service Request,CWT Manila GOC Service Request,17000393485,My Team,Jeanne Risha Aldave,jeannerisha.aldave@amexgbt.com,member,yes_member,17004608674,Jeanne Risha Aldave,yes,My Team,Geoffrey Gemoto,geoffrey.gemoto@amexgbt.com
Manila GOC Service Request,CWT Manila GOC Service Request,17000393485,My Team,Mark Anthony Tequin,markanthony.tequin@amexgbt.com,member,yes_member,17004608225,Mark Anthony Tequin,yes,My Team,Geoffrey Gemoto,geoffrey.gemoto@amexgbt.com
Manila GOC Service Request,CWT Manila GOC Service Request,17000393485,My Team,Jomarie Fabros,jomarie.fabros@amexgbt.com,member,yes_member,17004608689,Jomarie Fabros,yes,My Team,Geoffrey Gemoto,geoffrey.gemoto@amexgbt.com
Manila GOC Service Request,CWT Manila GOC Service Request,17000393485,My Team,Jason De Jesus,jason.dejesus@amexgbt.com,member,yes_member,17004608776,Jason De Jesus,yes,My Team,Geoffrey Gemoto,geoffrey.gemoto@amexgbt.com
Manila GOC Service Request,CWT Manila GOC Service Request,17000393485,My Team,Sandro Palisoc,sandro.palisoc@amexgbt.com,member,yes_member,17004608654,Sandro Palisoc,yes,My Team,Geoffrey Gemoto,geoffrey.gemoto@amexgbt.com
Manila GOC Service Request,CWT Manila GOC Service Request,17000393485,My Team,Renz Almer Tolosa,renzalmer.tolosa@amexgbt.com,member,yes_member,17004608212,Renz Almer Tolosa,yes,My Team,Geoffrey Gemoto,geoffrey.gemoto@amexgbt.com
Manila GOC Service Request,CWT Manila GOC Service Request,17000393485,My Team,Mark Joseph Reguerra,markjoseph.reguerra@amexgbt.com,member,yes_member,17004684691,Mark Joseph Reguerra,yes,My Team,Geoffrey Gemoto,geoffrey.gemoto@amexgbt.com
Manila GOC Service Request,CWT Manila GOC Service Request,17000393485,My Team,Alexter John Tupaz,alexterjohn.tupaz@amexgbt.com,member,yes_member,17004608550,Alexter John Tupaz,yes,My Team,Geoffrey Gemoto,geoffrey.gemoto@amexgbt.com
Manila GOC Service Request,CWT Manila GOC Service Request,17000393485,My Team,Erna Samonte,erna.samonte@amexgbt.com,member,yes_member,17004608463,Erna Samonte,yes,My Team,Geoffrey Gemoto,geoffrey.gemoto@amexgbt.com
Manila GOC Service Request,CWT Manila GOC Service Request,17000393485,My Team,Laarni Ricafort,laarni.ricafort@amexgbt.com,member,yes_member,17004608658,Laarni Ricafort,yes,My Team,Geoffrey Gemoto,geoffrey.gemoto@amexgbt.com
Manila GOC Service Request,CWT Manila GOC Service Request,17000393485,My Team,Ernielyn Villanueva,ernielyn.villanueva@amexgbt.com,member,yes_member,17004608420,Ernielyn Villanueva,yes,My Team,Geoffrey Gemoto,geoffrey.gemoto@amexgbt.com
Manila GOC Service Request,CWT Manila GOC Service Request,17000393485,My Team,Bryan Beltran,bryan.beltran@amexgbt.com,member,yes_member,17004608679,Bryan Beltran,yes,My Team,Geoffrey Gemoto,geoffrey.gemoto@amexgbt.com
Manila GOC Service Request,CWT Manila GOC Service Request,17000393485,My Team,Andrew James Lagrana,andrewjames.lagrana@amexgbt.com,member,yes_member,17004608646,Andrew James Lagrana,yes,My Team,Geoffrey Gemoto,geoffrey.gemoto@amexgbt.com
Manila GOC Service Request,CWT Manila GOC Service Request,17000393485,My Team,Perseus Tanada,perseus.tanada@amexgbt.com,member,yes_member,17004608662,Perseus Tanada,yes,My Team,Geoffrey Gemoto,geoffrey.gemoto@amexgbt.com
Manila GOC Service Request,CWT Manila GOC Service Request,17000393485,My Team,Limuel Gallego,limuel.gallego@amexgbt.com,member,yes_member,17004608691,Limuel Gallego,yes,My Team,Geoffrey Gemoto,geoffrey.gemoto@amexgbt.com
Manila GSD Level 2,CWT Manila GSD Level 2,17000393102,My Team,Alekhine Talaña,alekhine.talana@amexgbt.com,member,yes_member,17004608292,Alekhine Talaña,yes,My Team,Alekhine Talaña,alekhine.talana@amexgbt.com
Manila GSD Level 2,CWT Manila GSD Level 2,17000393102,My Team,Armel Josef Gutierrez,armeljosef.gutierrez@amexgbt.com,member,yes_member,17004608239,Armel Josef Gutierrez,yes,My Team,Alekhine Talaña,alekhine.talana@amexgbt.com
Manila GSD Level 2,CWT Manila GSD Level 2,17000393102,My Team,EDMON SALONGA,edmon.salonga@amexgbt.com,member,yes_member,17004608669,EDMON SALONGA,yes,My Team,Alekhine Talaña,alekhine.talana@amexgbt.com
Manila GSD Level 2,CWT Manila GSD Level 2,17000393102,My Team,Daniel Fernandez,daniel.fernandez@amexgbt.com,member,yes_member,17004608668,Daniel Fernandez,yes,My Team,Alekhine Talaña,alekhine.talana@amexgbt.com
Manila GSD Level 2,CWT Manila GSD Level 2,17000393102,My Team,Mark Joseph Reguerra,markjoseph.reguerra@amexgbt.com,member,yes_member,17004684691,Mark Joseph Reguerra,yes,My Team,Alekhine Talaña,alekhine.talana@amexgbt.com
Manila GSD Level 2,CWT Manila GSD Level 2,17000393102,My Team,Dennis Crisostomo,dennis.crisostomo@amexgbt.com,member,yes_member,17004608360,Dennis Crisostomo,yes,My Team,Alekhine Talaña,alekhine.talana@amexgbt.com
Matrix Approvers,CWT Matrix Approvers,17000393103,My Team,Lee Jay Sikat,leejay.sikat@amexgbt.com,member,yes_member,17004608405,Lee Jay Sikat,yes,My Team,Fred Gonsalves,fred.gonsalves@amexgbt.com
Matrix Approvers,CWT Matrix Approvers,17000393103,My Team,Rui May Solero,ruimay.solero@amexgbt.com,member,yes_member,17004608546,Rui May Solero,yes,My Team,Fred Gonsalves,fred.gonsalves@amexgbt.com
Matrix Approvers,CWT Matrix Approvers,17000393103,My Team,Steven VerMulm,cynthiaambrosia.vermulm@amexgbt.com,member,yes_member,17004603240,Steven VerMulm,yes,My Team,Fred Gonsalves,fred.gonsalves@amexgbt.com
Matrix Approvers,CWT Matrix Approvers,17000393103,My Team,Fred Gonsalves,fred.gonsalves@amexgbt.com,member,yes_member,17004634814,Fred Gonsalves,yes,My Team,Fred Gonsalves,fred.gonsalves@amexgbt.com
Matrix Approvers,CWT Matrix Approvers,17000393103,My Team,Phillip Greenhagen,phillip.greenhagen@amexgbt.com,member,yes_member,17004603428,Phillip Greenhagen,yes,My Team,Fred Gonsalves,fred.gonsalves@amexgbt.com
Matrix Approvers,CWT Matrix Approvers,17000393103,My Team,Cheryl Haagensen,cheryl.haagensen@amexgbt.com,member,yes_member,17004603256,Cheryl Haagensen,yes,My Team,Fred Gonsalves,fred.gonsalves@amexgbt.com
Matrix Approvers,CWT Matrix Approvers,17000393103,My Team,Marc Da Rita,marc.darita@amexgbt.com,member,yes_member,17004605050,Marc Da Rita,yes,My Team,Fred Gonsalves,fred.gonsalves@amexgbt.com
Matrix Customer Service,CWT Matrix Customer Service,17000393486,My Team,Rui May Solero,ruimay.solero@amexgbt.com,member,yes_member,17004608546,Rui May Solero,yes,My Team,Fred Gonsalves,fred.gonsalves@amexgbt.com
Matrix Customer Service,CWT Matrix Customer Service,17000393486,My Team,Steven VerMulm,cynthiaambrosia.vermulm@amexgbt.com,member,yes_member,17004603240,Steven VerMulm,yes,My Team,Fred Gonsalves,fred.gonsalves@amexgbt.com
Matrix Customer Service,CWT Matrix Customer Service,17000393486,My Team,Angelica May Yutuc,angelicamay.yutuc@amexgbt.com,member,yes_member,17004608553,Angelica May Yutuc,yes,My Team,Fred Gonsalves,fred.gonsalves@amexgbt.com
Matrix Customer Service,CWT Matrix Customer Service,17000393486,My Team,Cheryl Haagensen,cheryl.haagensen@amexgbt.com,member,yes_member,17004603256,Cheryl Haagensen,yes,My Team,Fred Gonsalves,fred.gonsalves@amexgbt.com
Matrix D&G Approvers,CWT Matrix D&G Approvers,17000393104,My Team,Marc Da Rita,marc.darita@amexgbt.com,member,yes_member,17004605050,Marc Da Rita,yes,My Team,Fred Gonsalves,fred.gonsalves@amexgbt.com
Matrix D&G Approvers,CWT Matrix D&G Approvers,17000393104,My Team,Trina Simonson,trina.simonson@amexgbt.com,member,yes_member,17004603138,Trina Simonson,yes,My Team,Fred Gonsalves,fred.gonsalves@amexgbt.com
Matrix D&G Approvers,CWT Matrix D&G Approvers,17000393104,My Team,Phillip Greenhagen,phillip.greenhagen@amexgbt.com,member,yes_member,17004603428,Phillip Greenhagen,yes,My Team,Fred Gonsalves,fred.gonsalves@amexgbt.com
Matrix D&G Approvers,CWT Matrix D&G Approvers,17000393104,My Team,Cheryl Haagensen,cheryl.haagensen@amexgbt.com,member,yes_member,17004603256,Cheryl Haagensen,yes,My Team,Fred Gonsalves,fred.gonsalves@amexgbt.com
Matrix Dev Approvers,CWT Matrix Dev Approvers,17000393105,My Team,Lee Jay Sikat,leejay.sikat@amexgbt.com,member,yes_member,17004608405,Lee Jay Sikat,yes,My Team,Fred Gonsalves,fred.gonsalves@amexgbt.com
Matrix Dev Approvers,CWT Matrix Dev Approvers,17000393105,My Team,Rose Ann Logronio,roseann.logronio@amexgbt.com,member,yes_member,17004608506,Rose Ann Logronio,yes,My Team,Fred Gonsalves,fred.gonsalves@amexgbt.com
Matrix Dev Approvers,CWT Matrix Dev Approvers,17000393105,My Team,Fred Gonsalves,fred.gonsalves@amexgbt.com,member,yes_member,17004634814,Fred Gonsalves,yes,My Team,Fred Gonsalves,fred.gonsalves@amexgbt.com
Matrix Dev Approvers,CWT Matrix Dev Approvers,17000393105,My Team,Mary Shirani George,maryshirani.george@amexgbt.com,member,yes_member,17004603485,Mary Shirani George,yes,My Team,Fred Gonsalves,fred.gonsalves@amexgbt.com
Matrix Dev Approvers,CWT Matrix Dev Approvers,17000393105,My Team,Daniel Wu,daniel.wu@amexgbt.com,member,yes_member,17004634693,Daniel Wu,yes,My Team,Fred Gonsalves,fred.gonsalves@amexgbt.com
Matrix Development,CWT Matrix Development,17000393636,My Team,Fred Gonsalves,fred.gonsalves@amexgbt.com,member,yes_member,17004634814,Fred Gonsalves,yes,My Team,Fred Gonsalves,fred.gonsalves@amexgbt.com
Matrix Development,CWT Matrix Development,17000393636,My Team,Mary Shirani George,maryshirani.george@amexgbt.com,member,yes_member,17004603485,Mary Shirani George,yes,My Team,Fred Gonsalves,fred.gonsalves@amexgbt.com
Matrix Development,CWT Matrix Development,17000393636,My Team,Rose Ann Logronio,roseann.logronio@amexgbt.com,member,yes_member,17004608506,Rose Ann Logronio,yes,My Team,Fred Gonsalves,fred.gonsalves@amexgbt.com
Matrix Development,CWT Matrix Development,17000393636,My Team,Marc Da Rita,marc.darita@amexgbt.com,member,yes_member,17004605050,Marc Da Rita,yes,My Team,Fred Gonsalves,fred.gonsalves@amexgbt.com
Matrix Development,CWT Matrix Development,17000393636,My Team,Lee Jay Sikat,leejay.sikat@amexgbt.com,member,yes_member,17004608405,Lee Jay Sikat,yes,My Team,Fred Gonsalves,fred.gonsalves@amexgbt.com
Matrix Development,CWT Matrix Development,17000393636,My Team,Daniel Wu,daniel.wu@amexgbt.com,member,yes_member,17004634693,Daniel Wu,yes,My Team,Fred Gonsalves,fred.gonsalves@amexgbt.com
Matrix Edit Team,CWT Matrix Edit Team,17000393256,My Team,Angie Sánchez Medina,angie.sanchezmedina@amexgbt.com,member,yes_member,17004606474,Angie Sánchez Medina,yes,My Team,Cenise Roland,cenise.roland@amexgbt.com
Matrix Edit Team,CWT Matrix Edit Team,17000393256,My Team,Juan Gomez,juan.gomez@amexgbt.com,member,yes_member,17004606357,Juan Gomez,yes,My Team,Cenise Roland,cenise.roland@amexgbt.com
Matrix Edit Team,CWT Matrix Edit Team,17000393256,My Team,Ankur Das,ankur.das@amexgbt.com,member,yes_member,17004604442,Ankur Das,yes,My Team,Cenise Roland,cenise.roland@amexgbt.com
Matrix Edit Team,CWT Matrix Edit Team,17000393256,My Team,Jitendra Jaiman,jitendra.jaiman@amexgbt.com,member,yes_member,17004605016,Jitendra Jaiman,yes,My Team,Cenise Roland,cenise.roland@amexgbt.com
Matrix Edit Team,CWT Matrix Edit Team,17000393256,My Team,Cenise Roland,cenise.roland@amexgbt.com,member,yes_member,17004602393,Cenise Roland,yes,My Team,Cenise Roland,cenise.roland@amexgbt.com
MATRIX SECURITY,CWT MATRIX SECURITY,17000393257,My Team,Rui May Solero,ruimay.solero@amexgbt.com,member,yes_member,17004608546,Rui May Solero,yes,My Team,Fred Gonsalves,fred.gonsalves@amexgbt.com
MATRIX SECURITY,CWT MATRIX SECURITY,17000393257,My Team,Cheryl Haagensen,cheryl.haagensen@amexgbt.com,member,yes_member,17004603256,Cheryl Haagensen,yes,My Team,Fred Gonsalves,fred.gonsalves@amexgbt.com
MATRIX SECURITY,CWT MATRIX SECURITY,17000393257,My Team,Steven VerMulm,cynthiaambrosia.vermulm@amexgbt.com,member,yes_member,17004603240,Steven VerMulm,yes,My Team,Fred Gonsalves,fred.gonsalves@amexgbt.com
Matrix Support,CWT Matrix Support,17000393230,My Team,Steven VerMulm,cynthiaambrosia.vermulm@amexgbt.com,member,yes_member,17004603240,Steven VerMulm,yes,My Team,Fred Gonsalves,fred.gonsalves@amexgbt.com
Matrix Support,CWT Matrix Support,17000393230,My Team,Cheryl Haagensen,cheryl.haagensen@amexgbt.com,member,yes_member,17004603256,Cheryl Haagensen,yes,My Team,Fred Gonsalves,fred.gonsalves@amexgbt.com
Matrix Support,CWT Matrix Support,17000393230,My Team,Rui May Solero,ruimay.solero@amexgbt.com,member,yes_member,17004608546,Rui May Solero,yes,My Team,Fred Gonsalves,fred.gonsalves@amexgbt.com
Matrix Support,CWT Matrix Support,17000393230,My Team,Angelica May Yutuc,angelicamay.yutuc@amexgbt.com,member,yes_member,17004608553,Angelica May Yutuc,yes,My Team,Fred Gonsalves,fred.gonsalves@amexgbt.com
MDF Support,CWT MDF Support,17000393231,My Team,Daniel Walsh,daniel.walsh@amexgbt.com,member,yes_member,17004603019,Daniel Walsh,yes,My Team,Daniel Walsh,daniel.walsh@amexgbt.com
MDF Support,CWT MDF Support,17000393231,My Team,Danica Eimer,danica.eimer@amexgbt.com,member,yes_member,17004603831,Danica Eimer,yes,My Team,Daniel Walsh,daniel.walsh@amexgbt.com
MDF Support L3,CWT MDF Support L3,17000393258,My Team,Praveen Bejjam,pbejjam@mycwt.com,agent_not_found,no,,,,,Srinivasa Kovvuri,srinivasa.kovvuri@amexgbt.com
MDF Support L3,CWT MDF Support L3,17000393258,My Team,Srinivasa Kovvuri,srinivasa.kovvuri@amexgbt.com,member,yes_member,17004605299,Srinivasa Kovvuri,yes,My Team,Srinivasa Kovvuri,srinivasa.kovvuri@amexgbt.com
MDF Support L3,CWT MDF Support L3,17000393258,My Team,Rajesh Gunda,rajesh.gunda@amexgbt.com,member,yes_member,17004602637,Rajesh Gunda,yes,My Team,Srinivasa Kovvuri,srinivasa.kovvuri@amexgbt.com
ME SUPPORT SERVICES NORAM,CWT ME SUPPORT SERVICES NORAM,17000393259,My Team,Lisa Bova,lisa.bova@amexgbt.com,member,yes_member,17004603013,Lisa Bova,yes,My Team,Hayley Greaves,hayley.greaves@amexgbt.com
ME SUPPORT SERVICES NORAM,CWT ME SUPPORT SERVICES NORAM,17000393259,My Team,Paula Perras,paula.perras@amexgbt.com,member,yes_member,17004605225,Paula Perras,yes,My Team,Hayley Greaves,hayley.greaves@amexgbt.com
MER Approver Group,CWT MER Approver Group,17000393106,My Team,Stacie Halladay,stacie.halladay@amexgbt.com,member,yes_member,17004602897,Stacie Halladay,yes,My Team,Sandeep Kalayankar,sandeep.kalayankar@amexgbt.com
MER Approver Group,CWT MER Approver Group,17000393106,My Team,Sandeep Kalayankar,sandeep.kalayankar@amexgbt.com,member,yes_member,17004604201,Sandeep Kalayankar,yes,My Team,Sandeep Kalayankar,sandeep.kalayankar@amexgbt.com
MG Reporting,CWT MG Reporting,17000393260,My Team,Anna Wallace,awallace@cwtsato.com,agent_not_found,no,,,,,Mary Sutton,mary.sutton@amexgbt.com
MG Reporting,CWT MG Reporting,17000393260,My Team,Linh Le,lle@cwtsato.com,agent_not_found,no,,,,,Mary Sutton,mary.sutton@amexgbt.com
MG Reporting,CWT MG Reporting,17000393260,My Team,Joann Galang,jgalang@cwtsato.com,agent_not_found,no,,,,,Mary Sutton,mary.sutton@amexgbt.com
MG Reporting,CWT MG Reporting,17000393260,My Team,Susanne Sevowicz,ssevowicz@cwtsato.com,agent_not_found,no,,,,,Mary Sutton,mary.sutton@amexgbt.com
MG Reporting,CWT MG Reporting,17000393260,My Team,Nancy Willis,nawillis@cwtsato.com,agent_not_found,no,,,,,Mary Sutton,mary.sutton@amexgbt.com
Mission Insight Approver Group,CWT Mission Insight Approver Group,17000393108,My Team,Rolando Tiangco Jr.,rolando.tiangcojr@amexgbt.com,member,yes_member,17004608531,Rolando Tiangco Jr.,yes,My Team,Philip Taft,phil.taft@amexgbt.com
Mission Insight Approver Group,CWT Mission Insight Approver Group,17000393108,My Team,Philip Taft,phil.taft@amexgbt.com,member,yes_member,17004605888,Philip Taft,yes,My Team,Philip Taft,phil.taft@amexgbt.com
Mission Insight Approver Group,CWT Mission Insight Approver Group,17000393108,My Team,John Carlo C. Inobaya,johncarloc.inobaya@amexgbt.com,member,yes_member,17004608585,John Carlo C. Inobaya,yes,My Team,Philip Taft,phil.taft@amexgbt.com
Mission Insight Approver Group,CWT Mission Insight Approver Group,17000393108,My Team,Regino Ilano,regino.ilano@amexgbt.com,member,yes_member,17004608308,Regino Ilano,yes,My Team,Philip Taft,phil.taft@amexgbt.com
Mission Insight Approver Group,CWT Mission Insight Approver Group,17000393108,My Team,Craig Haughan,craig.haughan@amexgbt.com,member,yes_member,17004605570,Craig Haughan,yes,My Team,Philip Taft,phil.taft@amexgbt.com
Mission Insight Approver Group,CWT Mission Insight Approver Group,17000393108,My Team,Noel Buela,noel.buela@amexgbt.com,member,yes_member,17004608526,Noel Buela,yes,My Team,Philip Taft,phil.taft@amexgbt.com
Mission Insight Approver Group,CWT Mission Insight Approver Group,17000393108,My Team,Gareth Lloyd,gareth.lloyd@amexgbt.com,member,yes_member,17004605753,Gareth Lloyd,yes,My Team,Philip Taft,phil.taft@amexgbt.com
Mission Insight Support,CWT Mission Insight Support,17000393109,My Team,Gareth Lloyd,gareth.lloyd@amexgbt.com,member,yes_member,17004605753,Gareth Lloyd,yes,My Team,Patrice Simon,patrice.simon@amexgbt.com
Mission Insight Support,CWT Mission Insight Support,17000393109,My Team,James Schnell,james.schnell@amexgbt.com,member,yes_member,17004603806,James Schnell,yes,My Team,Patrice Simon,patrice.simon@amexgbt.com
MongoDB Comm DBA,CWT MongoDB Comm DBA,17000393261,My Team,Nitishkumar Jaiswar,nitishkumar.jaiswar@amexgbt.com,member,yes_member,17004853903,Nitishkumar Jaiswar,yes,My Team,Stephen Norrod,stephen.norrod@amexgbt.com
MongoDB Comm DBA,CWT MongoDB Comm DBA,17000393261,My Team,Sumayya M N,sumayya.mn@amexgbt.com,member,yes_member,17004926116,Sumayya M N,yes,My Team,Stephen Norrod,stephen.norrod@amexgbt.com
MongoDB Comm DBA,CWT MongoDB Comm DBA,17000393261,My Team,Jan Emmanuel Tan,janemmanuel.tan@amexgbt.com,agent_not_found,no,,,,,Stephen Norrod,stephen.norrod@amexgbt.com
MongoDB Comm DBA,CWT MongoDB Comm DBA,17000393261,My Team,Jasmine Faye Canton,jasminefaye.canton@amexgbt.com,agent_not_found,no,,,,,Stephen Norrod,stephen.norrod@amexgbt.com
MongoDB Comm DBA,CWT MongoDB Comm DBA,17000393261,My Team,Jason Hernandez,jason.hernandez@amexgbt.com,agent_not_found,no,,,,,Stephen Norrod,stephen.norrod@amexgbt.com
MongoDB Comm DBA,CWT MongoDB Comm DBA,17000393261,My Team,Reinerio Raymundo,rraymundo@mycwt.com,agent_not_found,no,,,,,Stephen Norrod,stephen.norrod@amexgbt.com
MongoDB Comm DBA,CWT MongoDB Comm DBA,17000393261,My Team,Marshall Cason,frank.cason@amexgbt.com,member,yes_member,17004603633,Marshall Cason,yes,My Team,Stephen Norrod,stephen.norrod@amexgbt.com
MongoDB Comm DBA,CWT MongoDB Comm DBA,17000393261,My Team,Chittamuru Kumar,chittamuru.kumar@amexgbt.com,member,yes_member,17003071540,Chittamuru Kumar,yes,My Team,Stephen Norrod,stephen.norrod@amexgbt.com
MongoDB Comm DBA,CWT MongoDB Comm DBA,17000393261,My Team,JAGARLAMUDI MANEESH CHOWDARI,jagarlamudi.maneeshchowdari@amexgbt.com,member,yes_member,17004948506,JAGARLAMUDI MANEESH CHOWDARI,yes,My Team,Stephen Norrod,stephen.norrod@amexgbt.com
MongoDB Comm DBA,CWT MongoDB Comm DBA,17000393261,My Team,Michael Bryan Flores,michaelbryan.flores@amexgbt.com,agent_not_found,no,,,,,Stephen Norrod,stephen.norrod@amexgbt.com
MongoDB Comm DBA,CWT MongoDB Comm DBA,17000393261,My Team,SANTHOSH KUMAR DANDA,santhoshkumar.danda@amexgbt.com,member,yes_member,17004888990,SANTHOSH KUMAR DANDA,yes,My Team,Stephen Norrod,stephen.norrod@amexgbt.com
MongoDB Comm DBA,CWT MongoDB Comm DBA,17000393261,My Team,SatheeshKumar P,satheeshkumar.p@amexgbt.com,member,yes_member,17004982962,SatheeshKumar P,yes,My Team,Stephen Norrod,stephen.norrod@amexgbt.com
MongoDB Comm DBA,CWT MongoDB Comm DBA,17000393261,My Team,Goutam Acharya,goutam.acharya@amexgbt.com,member,yes_member,17004064871,Goutam Acharya,yes,My Team,Stephen Norrod,stephen.norrod@amexgbt.com
MongoDB Comm DBA,CWT MongoDB Comm DBA,17000393261,My Team,Thanyasri Ganesan,thanyasri.ganesan@amexgbt.com,member,yes_member,17004926124,Thanyasri Ganesan,yes,My Team,Stephen Norrod,stephen.norrod@amexgbt.com
MongoDB Comm DBA,CWT MongoDB Comm DBA,17000393261,My Team,Vedaprakash J,vedaprakash.j@amexgbt.com,member,yes_member,17004311046,Vedaprakash J,yes,My Team,Stephen Norrod,stephen.norrod@amexgbt.com
MongoDB Comm DBA,CWT MongoDB Comm DBA,17000393261,My Team,Balamurugan Somu,balamurugan.somu2@amexgbt.com,member,yes_member,17004876942,Balamurugan Somu,yes,My Team,Stephen Norrod,stephen.norrod@amexgbt.com
MongoDB Comm DBA,CWT MongoDB Comm DBA,17000393261,My Team,Nakul Panse,nakul.panse@amexgbt.com,member,yes_member,17004863192,Nakul Panse,yes,My Team,Stephen Norrod,stephen.norrod@amexgbt.com
MongoDB Comm DBA,CWT MongoDB Comm DBA,17000393261,My Team,Anil Joseph,anil.joseph@amexgbt.com,member,yes_member,17002703638,Anil Joseph,yes,My Team,Stephen Norrod,stephen.norrod@amexgbt.com
MongoDB Comm DBA,CWT MongoDB Comm DBA,17000393261,My Team,Kantareddy Kumar,shravan.kantareddy@amexgbt.com,member,yes_member,17003201871,Shravan kantareddy,yes,My Team,Stephen Norrod,stephen.norrod@amexgbt.com
MongoDB M&G DBA,CWT MongoDB M&G DBA,17000393262,My Team,Glenn Henson,glenn.henson@amexgbt.com,member,yes_member,17004603798,Glenn Henson,yes,My Team,Stephen Norrod,stephen.norrod@amexgbt.com
MongoDB M&G DBA,CWT MongoDB M&G DBA,17000393262,My Team,Marshall Cason,frank.cason@amexgbt.com,member,yes_member,17004603633,Marshall Cason,yes,My Team,Stephen Norrod,stephen.norrod@amexgbt.com
MyCWT China L0 Support,CWT MyCWT China L0 Support,17000393263,My Team,Mika Huang,mhuang@mycwt.com,agent_not_found,no,,,,,Mika Huang,MHuang@mycwt.com
MyCWT China L0 Support,CWT MyCWT China L0 Support,17000393263,My Team,Nina Wang,nwang@mycwt.com,agent_not_found,no,,,,,Mika Huang,MHuang@mycwt.com
MyCWT China L1 Support,CWT MyCWT China L1 Support,17000392842,My Team,Wei Wang,wwang4@mycwt.com,agent_not_found,no,,,,,PingPing Lin,PLin@mycwt.com
MyCWT China L1 Support,CWT MyCWT China L1 Support,17000392842,My Team,Qian Zhao,qzhao@mycwt.com,agent_not_found,no,,,,,PingPing Lin,PLin@mycwt.com
MyCWT China L1 Support,CWT MyCWT China L1 Support,17000392842,My Team,Fang Zhao,fzhao@mycwt.com,agent_not_found,no,,,,,PingPing Lin,PLin@mycwt.com
MyCWT China L1 Support,CWT MyCWT China L1 Support,17000392842,My Team,Dake Zhang,dzhang2@mycwt.com,agent_not_found,no,,,,,PingPing Lin,PLin@mycwt.com
MyCWT China L1 Support,CWT MyCWT China L1 Support,17000392842,My Team,PingPing Lin,plin@mycwt.com,agent_not_found,no,,,,,PingPing Lin,PLin@mycwt.com
MyCWT China L2 DevOps,CWT MyCWT China L2 DevOps,17000393264,My Team,Tom Xin,tomxin@mycwt.com,agent_not_found,no,,,,,Ziting Lv,ZLv2@mycwt.com
MyCWT China L2 DevOps,CWT MyCWT China L2 DevOps,17000393264,My Team,Ziting Lv,zlv2@mycwt.com,agent_not_found,no,,,,,Ziting Lv,ZLv2@mycwt.com
MyCWT China L2-ClientSetup,CWT MyCWT China L2-ClientSetup,17000393110,My Team,Cherry Wang,chewang@mycwt.com,agent_not_found,no,,,,,Nina Wang,NWang@mycwt.com
MyCWT China L2-ClientSetup,CWT MyCWT China L2-ClientSetup,17000393110,My Team,Miao Wang,mwang@mycwt.com,agent_not_found,no,,,,,Nina Wang,NWang@mycwt.com
MyCWT China L2-ClientSetup,CWT MyCWT China L2-ClientSetup,17000393110,My Team,Mavis Liu,mavliu@mycwt.com,agent_not_found,no,,,,,Nina Wang,NWang@mycwt.com
MyCWT China L2-ClientSetup,CWT MyCWT China L2-ClientSetup,17000393110,My Team,Nina Wang,nwang@mycwt.com,agent_not_found,no,,,,,Nina Wang,NWang@mycwt.com
MyCWT China L2-ClientSetup,CWT MyCWT China L2-ClientSetup,17000393110,My Team,Junping Liu,junpiliu@mycwt.com,agent_not_found,no,,,,,Nina Wang,NWang@mycwt.com
MyCWT China L2-Infra,CWT MyCWT China L2-Infra,17000393111,My Team,Tom Xin,tomxin@mycwt.com,agent_not_found,no,,,,,Tom Xin,TomXin@mycwt.com
MyCWT China L2-Infra,CWT MyCWT China L2-Infra,17000393111,My Team,Feng Bai,fbai@mycwt.com,agent_not_found,no,,,,,Tom Xin,TomXin@mycwt.com
MyCWT China L2-Product-nonRoomIT,CWT MyCWT China L2-Product-nonRoomIT,17000393112,My Team,Robin Jiao,rjiao@mycwt.com,agent_not_found,no,,,,,Robin Jiao,RJiao@mycwt.com
MyCWT China L3 Development,CWT MyCWT China L3 Development,17000393265,My Team,Sherlock Wang,sherlockwang@mycwt.com,agent_not_found,no,,,,,Junfeng Guo,JGuo2@mycwt.com
MyCWT China L3 Development,CWT MyCWT China L3 Development,17000393265,My Team,Zhe Lv,zlv@mycwt.com,agent_not_found,no,,,,,Junfeng Guo,JGuo2@mycwt.com
MyCWT China L3 Development,CWT MyCWT China L3 Development,17000393265,My Team,Kang Lv,klv@mycwt.com,agent_not_found,no,,,,,Junfeng Guo,JGuo2@mycwt.com
MySQL Comm DBA,CWT MySQL Comm DBA,17000393266,My Team,SatheeshKumar P,satheeshkumar.p@amexgbt.com,member,yes_member,17004982962,SatheeshKumar P,yes,My Team,Stephen Norrod,stephen.norrod@amexgbt.com
MySQL Comm DBA,CWT MySQL Comm DBA,17000393266,My Team,Chittamuru Kumar,chittamuru.kumar@amexgbt.com,member,yes_member,17003071540,Chittamuru Kumar,yes,My Team,Stephen Norrod,stephen.norrod@amexgbt.com
MySQL Comm DBA,CWT MySQL Comm DBA,17000393266,My Team,Sumayya M N,sumayya.mn@amexgbt.com,member,yes_member,17004926116,Sumayya M N,yes,My Team,Stephen Norrod,stephen.norrod@amexgbt.com
MySQL Comm DBA,CWT MySQL Comm DBA,17000393266,My Team,Brian Joseph Balon,brianjoseph.balon@amexgbt.com,agent_not_found,no,,,,,Stephen Norrod,stephen.norrod@amexgbt.com
MySQL Comm DBA,CWT MySQL Comm DBA,17000393266,My Team,Goutam Acharya,goutam.acharya@amexgbt.com,member,yes_member,17004064871,Goutam Acharya,yes,My Team,Stephen Norrod,stephen.norrod@amexgbt.com
MySQL Comm DBA,CWT MySQL Comm DBA,17000393266,My Team,Kantareddy Kumar,shravan.kantareddy@amexgbt.com,member,yes_member,17003201871,Shravan kantareddy,yes,My Team,Stephen Norrod,stephen.norrod@amexgbt.com
MySQL Comm DBA,CWT MySQL Comm DBA,17000393266,My Team,Eric Beggs,eric.beggs@amexgbt.com,member,yes_member,17004603171,Eric Beggs,yes,My Team,Stephen Norrod,stephen.norrod@amexgbt.com
MySQL Comm DBA,CWT MySQL Comm DBA,17000393266,My Team,SANTHOSH KUMAR DANDA,santhoshkumar.danda@amexgbt.com,member,yes_member,17004888990,SANTHOSH KUMAR DANDA,yes,My Team,Stephen Norrod,stephen.norrod@amexgbt.com
MySQL Comm DBA,CWT MySQL Comm DBA,17000393266,My Team,Anil Joseph,anil.joseph@amexgbt.com,member,yes_member,17002703638,Anil Joseph,yes,My Team,Stephen Norrod,stephen.norrod@amexgbt.com
MySQL Comm DBA,CWT MySQL Comm DBA,17000393266,My Team,Thanyasri Ganesan,thanyasri.ganesan@amexgbt.com,member,yes_member,17004926124,Thanyasri Ganesan,yes,My Team,Stephen Norrod,stephen.norrod@amexgbt.com
MySQL Comm DBA,CWT MySQL Comm DBA,17000393266,My Team,JAGARLAMUDI MANEESH CHOWDARI,jagarlamudi.maneeshchowdari@amexgbt.com,member,yes_member,17004948506,JAGARLAMUDI MANEESH CHOWDARI,yes,My Team,Stephen Norrod,stephen.norrod@amexgbt.com
MySQL Comm DBA,CWT MySQL Comm DBA,17000393266,My Team,Nakul Panse,nakul.panse@amexgbt.com,member,yes_member,17004863192,Nakul Panse,yes,My Team,Stephen Norrod,stephen.norrod@amexgbt.com
MySQL Comm DBA,CWT MySQL Comm DBA,17000393266,My Team,Jason Hernandez,jason.hernandez@amexgbt.com,agent_not_found,no,,,,,Stephen Norrod,stephen.norrod@amexgbt.com
MySQL Comm DBA,CWT MySQL Comm DBA,17000393266,My Team,Marjorie Mejia,marjorie.mejia@amexgbt.com,agent_not_found,no,,,,,Stephen Norrod,stephen.norrod@amexgbt.com
MySQL Comm DBA,CWT MySQL Comm DBA,17000393266,My Team,Vedaprakash J,vedaprakash.j@amexgbt.com,member,yes_member,17004311046,Vedaprakash J,yes,My Team,Stephen Norrod,stephen.norrod@amexgbt.com
MySQL Comm DBA,CWT MySQL Comm DBA,17000393266,My Team,Nitishkumar Jaiswar,nitishkumar.jaiswar@amexgbt.com,member,yes_member,17004853903,Nitishkumar Jaiswar,yes,My Team,Stephen Norrod,stephen.norrod@amexgbt.com
MySQL Comm DBA,CWT MySQL Comm DBA,17000393266,My Team,Balamurugan Somu,balamurugan.somu2@amexgbt.com,member,yes_member,17004876942,Balamurugan Somu,yes,My Team,Stephen Norrod,stephen.norrod@amexgbt.com
MySQL Comm DBA,CWT MySQL Comm DBA,17000393266,My Team,Marshall Cason,frank.cason@amexgbt.com,member,yes_member,17004603633,Marshall Cason,yes,My Team,Stephen Norrod,stephen.norrod@amexgbt.com
MySQL M&G DBA,CWT MySQL M&G DBA,17000393267,My Team,Glenn Henson,glenn.henson@amexgbt.com,member,yes_member,17004603798,Glenn Henson,yes,My Team,Stephen Norrod,stephen.norrod@amexgbt.com
MySQL M&G DBA,CWT MySQL M&G DBA,17000393267,My Team,Eric Beggs,eric.beggs@amexgbt.com,member,yes_member,17004603171,Eric Beggs,yes,My Team,Stephen Norrod,stephen.norrod@amexgbt.com
MySQL M&G DBA,CWT MySQL M&G DBA,17000393267,My Team,Marshall Cason,frank.cason@amexgbt.com,member,yes_member,17004603633,Marshall Cason,yes,My Team,Stephen Norrod,stephen.norrod@amexgbt.com
NBS Sweden,,,,Cecilia Lindquist,cecilia.lindquist@amexgbt.com,group_unmatched,no,,,,,Jonna Kyllönen,jonna.kyllonen@amexgbt.com
NBS Sweden,,,,Carina Friman,carina.friman@amexgbt.com,group_unmatched,no,,,,,Jonna Kyllönen,jonna.kyllonen@amexgbt.com
NBS Sweden,,,,Malin Johansson,malin.johansson@amexgbt.com,group_unmatched,no,,,,,Jonna Kyllönen,jonna.kyllonen@amexgbt.com
NORAM NON-PROD,CWT NORAM NON-PROD,17000393118,My Team,April Mcguire,april.mcguire@amexgbt.com,member,yes_member,17004603387,April McGuire,yes,My Team,Daniel Walsh,daniel.walsh@amexgbt.com
NORAM NON-PROD,CWT NORAM NON-PROD,17000393118,My Team,Michelle Thurn,michelle.thurn@amexgbt.com,member,yes_member,17004603353,Michelle Thurn,yes,My Team,Daniel Walsh,daniel.walsh@amexgbt.com
NORAM NON-PROD,CWT NORAM NON-PROD,17000393118,My Team,Caroline Fresnais,caroline.fresnais@amexgbt.com,member,yes_member,17004607413,Caroline Fresnais,yes,My Team,Daniel Walsh,daniel.walsh@amexgbt.com
NORAM Power Hotel Market Contacts,CWT NORAM Power Hotel Market Contacts,17000393119,My Team,Michelle Boschetti,michelle.boschetti@amexgbt.com,member,yes_member,17004602535,Michelle Boschetti,yes,My Team,Lucienne Degiorgio,lucienne.degiorgio@amexgbt.com
NORAM Power Hotel Market Contacts,CWT NORAM Power Hotel Market Contacts,17000393119,My Team,Jorge Arrieta,jorge.arrieta@amexgbt.com,member,yes_member,17004606879,Jorge Arrieta,yes,My Team,Lucienne Degiorgio,lucienne.degiorgio@amexgbt.com
NORAM Products,CWT NORAM Products,17000393268,My Team,Kimberly Peterson,kimberly.peterson@amexgbt.com,member,yes_member,17004606804,Kimberly Peterson,yes,My Team,Bartlomiej Grygiel,bartlomiej.grygiel@amexgbt.com
NORAM Products,CWT NORAM Products,17000393268,My Team,Bartlomiej Grygiel,bartlomiej.grygiel@amexgbt.com,member,yes_member,17004601263,Bartlomiej Grygiel,yes,My Team,Bartlomiej Grygiel,bartlomiej.grygiel@amexgbt.com
Nordic Implementation,,,,Anna Söderling,anna.soederling@amexgbt.com,group_unmatched,no,,,,,Simon Owen,simon.owen@amexgbt.com
Nordic Implementation,,,,Sandra Magnusson,sandra.magnusson@amexgbt.com,group_unmatched,no,,,,,Simon Owen,simon.owen@amexgbt.com
Nordic Implementation,,,,Tea Valkonen,tea.valkonen@amexgbt.com,group_unmatched,no,,,,,Simon Owen,simon.owen@amexgbt.com
Nordic IT Procurement,CWT Nordic IT Procurement,17000393120,My Team,Marcus Björkgren,marcus.bjoerkgren@amexgbt.com,member,yes_member,17004608796,Marcus Björkgren,yes,My Team,Tania Tosi,tania.tosi@amexgbt.com
Nordic TS Business Support 1st Level,CWT Nordic TS Business Support 1st Level,17000393269,My Team,Lena Persson,lena.persson@amexgbt.com,member,yes_member,17004608977,Lena Persson,yes,My Team,Jamie Wybrow,jamie.wybrow@amexgbt.com
Nordic TS Business Support 1st Level,CWT Nordic TS Business Support 1st Level,17000393269,My Team,Katarina Exerman,katarina.exerman@amexgbt.com,member,yes_member,17004608822,Katarina Exerman,yes,My Team,Jamie Wybrow,jamie.wybrow@amexgbt.com
Nordic VoIP and Moxie Management,CWT Nordic VoIP and Moxie Management,17000393121,My Team,Jonna Kyllönen,jonna.kyllonen@amexgbt.com,member,yes_member,17004601095,Jonna Kyllönen,yes,My Team,Jonna Kyllönen,jonna.kyllonen@amexgbt.com
OBT Product Delivery,CWT OBT Product Delivery,17000393270,My Team,Rupesh Srivastava,rupesh.srivastava@amexgbt.com,member,yes_member,17004604771,Rupesh Srivastava,yes,My Team,Laurie Sereda,laurie.sereda@amexgbt.com
OBT Product Delivery,CWT OBT Product Delivery,17000393270,My Team,Laurie Sereda,laurie.sereda@amexgbt.com,member,yes_member,17004634687,Laurie Sereda,yes,My Team,Laurie Sereda,laurie.sereda@amexgbt.com
OBT Product Delivery,CWT OBT Product Delivery,17000393270,My Team,Karina Fresko,karina.fresko@amexgbt.com,member,yes_member,17004601250,Karina Fresko,yes,My Team,Laurie Sereda,laurie.sereda@amexgbt.com
OBT Product Delivery,CWT OBT Product Delivery,17000393270,My Team,Reynold Curampez,reynold.curampez@amexgbt.com,member,yes_member,17004656230,Reynold Curampez,yes,My Team,Laurie Sereda,laurie.sereda@amexgbt.com
Offers Assistant Development Team,CWT Offers Assistant Development Team,17000392843,My Team,Karren Roxas,karren.roxas@amexgbt.com,member,yes_member,17004608327,Karren Roxas,yes,My Team,David Reyes Iii,david.reyesiii@amexgbt.com
Offers Assistant Development Team,CWT Offers Assistant Development Team,17000392843,My Team,Michelle De Jesus,michelle.dejesus@amexgbt.com,member,yes_member,17004608371,Michelle De Jesus,yes,My Team,David Reyes Iii,david.reyesiii@amexgbt.com
Offers Assistant Development Team,CWT Offers Assistant Development Team,17000392843,My Team,David Reyes Iii,david.reyesiii@amexgbt.com,member,yes_member,17004608403,David Reyes Iii,yes,My Team,David Reyes Iii,david.reyesiii@amexgbt.com
ON DEMAND INVOICES,CWT ON DEMAND INVOICES,17000393271,My Team,Mark Gabos,mark.gabos@amexgbt.com,member,yes_member,17004603811,Mark Gabos,yes,My Team,Florante Navaja,florante.navaja@amexgbt.com
ON DEMAND INVOICES,CWT ON DEMAND INVOICES,17000393271,My Team,Joseph Carter,joseph.carter@amexgbt.com,member,yes_member,17004604197,Joseph Carter,yes,My Team,Florante Navaja,florante.navaja@amexgbt.com
ON DEMAND INVOICES,CWT ON DEMAND INVOICES,17000393271,My Team,Jacqueline Tan,jacqueline.tan@amexgbt.com,member,yes_member,17004608476,Jacqueline Tan,yes,My Team,Florante Navaja,florante.navaja@amexgbt.com
ON DEMAND INVOICES,CWT ON DEMAND INVOICES,17000393271,My Team,Florante Navaja,florante.navaja@amexgbt.com,member,yes_member,17004608434,Florante Navaja,yes,My Team,Florante Navaja,florante.navaja@amexgbt.com
ON DEMAND INVOICES,CWT ON DEMAND INVOICES,17000393271,My Team,Joanna Clare,joanna.clare1@amexgbt.com,member,yes_member,17004605909,Joanna Clare,yes,My Team,Florante Navaja,florante.navaja@amexgbt.com
ON DEMAND INVOICES,CWT ON DEMAND INVOICES,17000393271,My Team,Praveen Bejjam,pbejjam@mycwt.com,agent_not_found,no,,,,,Florante Navaja,florante.navaja@amexgbt.com
ON DEMAND INVOICES Approval Group,CWT ON DEMAND INVOICES Approval Group,17000393122,My Team,Georges Pierre Cladogenis,georgespierre.cladogenis@amexgbt.com,member,yes_member,17004607608,Georges Pierre Cladogenis,yes,My Team,Georges Pierre Cladogenis,georgespierre.cladogenis@amexgbt.com
ON DEMAND INVOICES Approval Group,CWT ON DEMAND INVOICES Approval Group,17000393122,My Team,Mark Gabos,mark.gabos@amexgbt.com,member,yes_member,17004603811,Mark Gabos,yes,My Team,Georges Pierre Cladogenis,georgespierre.cladogenis@amexgbt.com
ON DEMAND INVOICES Approval Group,CWT ON DEMAND INVOICES Approval Group,17000393122,My Team,Florante Navaja,florante.navaja@amexgbt.com,member,yes_member,17004608434,Florante Navaja,yes,My Team,Georges Pierre Cladogenis,georgespierre.cladogenis@amexgbt.com
ONLINE AUDIT & ONLINE OPTIMIZATION,CWT ONLINE AUDIT & ONLINE OPTIMIZATION,17000393125,My Team,Dawn Kochis,dawn.kochis@amexgbt.com,member,yes_member,17004603458,Dawn Kochis,yes,My Team,Claire Butterworth,claire.butterworth@amexgbt.com
ONLINE AUDIT & ONLINE OPTIMIZATION,CWT ONLINE AUDIT & ONLINE OPTIMIZATION,17000393125,My Team,Rachelle Ann Suarez,rachelleann.suarez@amexgbt.com,member,yes_member,17004608877,Rachelle Ann Suarez,yes,My Team,Claire Butterworth,claire.butterworth@amexgbt.com
ONLINE AUDIT & ONLINE OPTIMIZATION,CWT ONLINE AUDIT & ONLINE OPTIMIZATION,17000393125,My Team,Tenzing Kalsang,tenzing.kalsang@amexgbt.com,member,yes_member,17004604774,Tenzing Kalsang,yes,My Team,Claire Butterworth,claire.butterworth@amexgbt.com
ONLINE AUDIT & ONLINE OPTIMIZATION,CWT ONLINE AUDIT & ONLINE OPTIMIZATION,17000393125,My Team,Katarzyna Boniecka-Kowalczyk,katarzyna.boniecka-kowalczyk@amexgbt.com,member,yes_member,17004606844,Katarzyna Boniecka-Kowalczyk,yes,My Team,Claire Butterworth,claire.butterworth@amexgbt.com
ONLINE AUDIT & ONLINE OPTIMIZATION,CWT ONLINE AUDIT & ONLINE OPTIMIZATION,17000393125,My Team,Adderly Bangkil,adderly.bangkil@amexgbt.com,member,yes_member,17004608211,Adderly Bangkil,yes,My Team,Claire Butterworth,claire.butterworth@amexgbt.com
ONLINE AUDIT & ONLINE OPTIMIZATION,CWT ONLINE AUDIT & ONLINE OPTIMIZATION,17000393125,My Team,Claire Butterworth,claire.butterworth@amexgbt.com,member,yes_member,17004605925,Claire Butterworth,yes,My Team,Claire Butterworth,claire.butterworth@amexgbt.com
ONLINE HOTELHUB APPROVER GROUP,CWT ONLINE HOTELHUB APPROVER GROUP,17000393126,My Team,Elena Shakhova,elena.shakhova@amexgbt.com,member,yes_member,17004605628,Elena Shakhova,yes,My Team,Jean De Durfort,jean.dedurfort@amexgbt.com
ONLINE HOTELHUB APPROVER GROUP,CWT ONLINE HOTELHUB APPROVER GROUP,17000393126,My Team,Gerardo Mendoza,gerardo.mendoza2@amexgbt.com,member,yes_member,17004608451,Gerardo Mendoza,yes,My Team,Jean De Durfort,jean.dedurfort@amexgbt.com
ONLINE HOTELHUB SUPPORT,CWT ONLINE HOTELHUB SUPPORT,17000393272,My Team,Lynda Simpkins,lyn.simpkins@amexgbt.com,member,yes_member,17004605586,Lynda Simpkins,yes,My Team,Lynda Simpkins,lyn.simpkins@amexgbt.com
ONLINE HOTELHUB SUPPORT,CWT ONLINE HOTELHUB SUPPORT,17000393272,My Team,Shweta Gupta,shweta.gupta2@amexgbt.com,member,yes_member,17004605634,Shweta Gupta,yes,My Team,Lynda Simpkins,lyn.simpkins@amexgbt.com
ONLINE HOTELHUB SUPPORT,CWT ONLINE HOTELHUB SUPPORT,17000393272,My Team,Karina Fresko,karina.fresko@amexgbt.com,member,yes_member,17004601250,Karina Fresko,yes,My Team,Lynda Simpkins,lyn.simpkins@amexgbt.com
ONLINE HOTELHUB SUPPORT,CWT ONLINE HOTELHUB SUPPORT,17000393272,My Team,Elena Shakhova,elena.shakhova@amexgbt.com,member,yes_member,17004605628,Elena Shakhova,yes,My Team,Lynda Simpkins,lyn.simpkins@amexgbt.com
ONLINE HOTELHUB SUPPORT,CWT ONLINE HOTELHUB SUPPORT,17000393272,My Team,Reynold Curampez,reynold.curampez@amexgbt.com,member,yes_member,17004656230,Reynold Curampez,yes,My Team,Lynda Simpkins,lyn.simpkins@amexgbt.com
ONLINE HOTELHUB SUPPORT,CWT ONLINE HOTELHUB SUPPORT,17000393272,My Team,Sharjil Ansari,sharjil.ansari@amexgbt.com,member,yes_member,17004605821,Sharjil Ansari,yes,My Team,Lynda Simpkins,lyn.simpkins@amexgbt.com
Oracle Comm DBA,CWT Oracle Comm DBA,17000393233,My Team,Marshall Cason,frank.cason@amexgbt.com,member,yes_member,17004603633,Marshall Cason,yes,My Team,Stephen Norrod,stephen.norrod@amexgbt.com
Oracle Comm DBA,CWT Oracle Comm DBA,17000393233,My Team,Anil Joseph,anil.joseph@amexgbt.com,member,yes_member,17002703638,Anil Joseph,yes,My Team,Stephen Norrod,stephen.norrod@amexgbt.com
Oracle Comm DBA,CWT Oracle Comm DBA,17000393233,My Team,JAGARLAMUDI MANEESH CHOWDARI,jagarlamudi.maneeshchowdari@amexgbt.com,member,yes_member,17004948506,JAGARLAMUDI MANEESH CHOWDARI,yes,My Team,Stephen Norrod,stephen.norrod@amexgbt.com
Oracle Comm DBA,CWT Oracle Comm DBA,17000393233,My Team,Eric Beggs,eric.beggs@amexgbt.com,member,yes_member,17004603171,Eric Beggs,yes,My Team,Stephen Norrod,stephen.norrod@amexgbt.com
Oracle Comm DBA,CWT Oracle Comm DBA,17000393233,My Team,Marjorie Mejia,marjorie.mejia@amexgbt.com,agent_not_found,no,,,,,Stephen Norrod,stephen.norrod@amexgbt.com
Oracle Comm DBA,CWT Oracle Comm DBA,17000393233,My Team,Kantareddy Kumar,shravan.kantareddy@amexgbt.com,member,yes_member,17003201871,Shravan kantareddy,yes,My Team,Stephen Norrod,stephen.norrod@amexgbt.com
Oracle Comm DBA,CWT Oracle Comm DBA,17000393233,My Team,Jason Hernandez,jason.hernandez@amexgbt.com,agent_not_found,no,,,,,Stephen Norrod,stephen.norrod@amexgbt.com
Oracle Comm DBA,CWT Oracle Comm DBA,17000393233,My Team,Chittamuru Kumar,chittamuru.kumar@amexgbt.com,member,yes_member,17003071540,Chittamuru Kumar,yes,My Team,Stephen Norrod,stephen.norrod@amexgbt.com
Oracle Comm DBA,CWT Oracle Comm DBA,17000393233,My Team,Sumayya M N,sumayya.mn@amexgbt.com,member,yes_member,17004926116,Sumayya M N,yes,My Team,Stephen Norrod,stephen.norrod@amexgbt.com
Oracle Comm DBA,CWT Oracle Comm DBA,17000393233,My Team,Vedaprakash J,vedaprakash.j@amexgbt.com,member,yes_member,17004311046,Vedaprakash J,yes,My Team,Stephen Norrod,stephen.norrod@amexgbt.com
Oracle Comm DBA,CWT Oracle Comm DBA,17000393233,My Team,Nakul Panse,nakul.panse@amexgbt.com,member,yes_member,17004863192,Nakul Panse,yes,My Team,Stephen Norrod,stephen.norrod@amexgbt.com
Oracle Comm DBA,CWT Oracle Comm DBA,17000393233,My Team,SatheeshKumar P,satheeshkumar.p@amexgbt.com,member,yes_member,17004982962,SatheeshKumar P,yes,My Team,Stephen Norrod,stephen.norrod@amexgbt.com
Oracle Comm DBA,CWT Oracle Comm DBA,17000393233,My Team,Thanyasri Ganesan,thanyasri.ganesan@amexgbt.com,member,yes_member,17004926124,Thanyasri Ganesan,yes,My Team,Stephen Norrod,stephen.norrod@amexgbt.com
Oracle Comm DBA,CWT Oracle Comm DBA,17000393233,My Team,Brian Joseph Balon,brianjoseph.balon@amexgbt.com,agent_not_found,no,,,,,Stephen Norrod,stephen.norrod@amexgbt.com
Oracle Comm DBA,CWT Oracle Comm DBA,17000393233,My Team,Goutam Acharya,goutam.acharya@amexgbt.com,member,yes_member,17004064871,Goutam Acharya,yes,My Team,Stephen Norrod,stephen.norrod@amexgbt.com
Oracle Comm DBA,CWT Oracle Comm DBA,17000393233,My Team,Balamurugan Somu,balamurugan.somu2@amexgbt.com,member,yes_member,17004876942,Balamurugan Somu,yes,My Team,Stephen Norrod,stephen.norrod@amexgbt.com
Oracle Comm DBA,CWT Oracle Comm DBA,17000393233,My Team,Nitishkumar Jaiswar,nitishkumar.jaiswar@amexgbt.com,member,yes_member,17004853903,Nitishkumar Jaiswar,yes,My Team,Stephen Norrod,stephen.norrod@amexgbt.com
Oracle Comm DBA,CWT Oracle Comm DBA,17000393233,My Team,SANTHOSH KUMAR DANDA,santhoshkumar.danda@amexgbt.com,member,yes_member,17004888990,SANTHOSH KUMAR DANDA,yes,My Team,Stephen Norrod,stephen.norrod@amexgbt.com
Oracle Email Mismatch,CWT Oracle Email Mismatch,17000393127,My Team,Hala Farid,hala.farid@amexgbt.com,member,yes_member,17004606577,Hala Farid,yes,My Team,Vandana Bhatia,bindu.bhatia@amexgbt.com
Oracle Email Mismatch,CWT Oracle Email Mismatch,17000393127,My Team,Arjita Grover,arjita.grover@amexgbt.com,member,yes_member,17004605891,Arjita Grover,yes,My Team,Vandana Bhatia,bindu.bhatia@amexgbt.com
Oracle Email Mismatch,CWT Oracle Email Mismatch,17000393127,My Team,Meghan Hoffman,meghan.hoffman@amexgbt.com,member,yes_member,17004604941,Meghan Hoffman,yes,My Team,Vandana Bhatia,bindu.bhatia@amexgbt.com
Oracle Email Mismatch,CWT Oracle Email Mismatch,17000393127,My Team,Anna Zygmunt,anna.zygmunt@amexgbt.com,member,yes_member,17004601157,Anna Zygmunt,yes,My Team,Vandana Bhatia,bindu.bhatia@amexgbt.com
Oracle Email Mismatch,CWT Oracle Email Mismatch,17000393127,My Team,Patricia Lawrence,patricia.lawrence@amexgbt.com,member,yes_member,17004603092,Patricia Lawrence,yes,My Team,Vandana Bhatia,bindu.bhatia@amexgbt.com
Oracle Email Mismatch,CWT Oracle Email Mismatch,17000393127,My Team,Melissa Coleman,melissa.coleman@amexgbt.com,member,yes_member,17004603604,Melissa Coleman,yes,My Team,Vandana Bhatia,bindu.bhatia@amexgbt.com
Oracle Email Mismatch,CWT Oracle Email Mismatch,17000393127,My Team,Ewa Szyszka,ewa.szyszka@amexgbt.com,member,yes_member,17004601233,Ewa Szyszka,yes,My Team,Vandana Bhatia,bindu.bhatia@amexgbt.com
Oracle Email Mismatch,CWT Oracle Email Mismatch,17000393127,My Team,Letitia White,letitia.white@amexgbt.com,member,yes_member,17004606154,Letitia White,yes,My Team,Vandana Bhatia,bindu.bhatia@amexgbt.com
Oracle Email Mismatch,CWT Oracle Email Mismatch,17000393127,My Team,Jutta Smith,jutta.smith@amexgbt.com,member,yes_member,17004603684,Jutta Smith,yes,My Team,Vandana Bhatia,bindu.bhatia@amexgbt.com
Oracle Email Mismatch,CWT Oracle Email Mismatch,17000393127,My Team,Prakash Rawat,prakash.rawat@amexgbt.com,member,yes_member,17004604827,Prakash Rawat,yes,My Team,Vandana Bhatia,bindu.bhatia@amexgbt.com
Oracle ERP Cloud Approval,,,,Phillip Greenhagen,phillip.greenhagen@amexgbt.com,group_unmatched,no,17004603428,Phillip Greenhagen,yes,My Team,Phillip Greenhagen,phillip.greenhagen@amexgbt.com
Oracle L2 Support,CWT Oracle L2 Support,17000393128,My Team,Patricia Lawrence,patricia.lawrence@amexgbt.com,member,yes_member,17004603092,Patricia Lawrence,yes,My Team,Tenzing Kalsang,tenzing.kalsang@amexgbt.com
Oracle L2 Support,CWT Oracle L2 Support,17000393128,My Team,Giuseppe Negherbon,giuseppe.negherbon@amexgbt.com,member,yes_member,17004607950,Giuseppe Negherbon,yes,My Team,Tenzing Kalsang,tenzing.kalsang@amexgbt.com
Oracle M&G DBA,CWT Oracle M&G DBA,17000393273,My Team,Glenn Henson,glenn.henson@amexgbt.com,member,yes_member,17004603798,Glenn Henson,yes,My Team,Stephen Norrod,stephen.norrod@amexgbt.com
Oracle M&G DBA,CWT Oracle M&G DBA,17000393273,My Team,Marshall Cason,frank.cason@amexgbt.com,member,yes_member,17004603633,Marshall Cason,yes,My Team,Stephen Norrod,stephen.norrod@amexgbt.com
Oracle M&G DBA,CWT Oracle M&G DBA,17000393273,My Team,Eric Beggs,eric.beggs@amexgbt.com,member,yes_member,17004603171,Eric Beggs,yes,My Team,Stephen Norrod,stephen.norrod@amexgbt.com
Oracle Pega Data Warehouse Approver Group,,,,Rommel Lapade,rommel.lapade@amexgbt.com,group_unmatched,no,17004608412,Rommel Lapade,yes,My Team,Steven Henderson,steve.henderson@amexgbt.com
Oracle Pega Data Warehouse Approver Group,,,,Amar Gaddam,agaddam@mycwt.com,group_unmatched,no,,,,,Steven Henderson,steve.henderson@amexgbt.com
Oracle Pega Data Warehouse Approver Group,,,,Dawid Buras,dawid.buras@amexgbt.com,group_unmatched,no,17004601191,Dawid Buras,yes,My Team,Steven Henderson,steve.henderson@amexgbt.com
OS Exception Approvers,CWT OS Exception Approvers,17000393129,My Team,Deepak M,deepak.m@amexgbt.com,member,yes_member,17002967134,Deepak M,yes,My Team,Brad Skeel,brad.skeel@amexgbt.com
OS Exception Approvers,CWT OS Exception Approvers,17000393129,My Team,Arul K,arul.k@amexgbt.com,member,yes_member,17004946692,Arul K,yes,My Team,Brad Skeel,brad.skeel@amexgbt.com
OS Exception Approvers,CWT OS Exception Approvers,17000393129,My Team,Radhakrishnan M,radhakrishnan.m@amexgbt.com,member,yes_member,17002196028,Radhakrishnan M,yes,My Team,Brad Skeel,brad.skeel@amexgbt.com
OS Exception Approvers,CWT OS Exception Approvers,17000393129,My Team,Lokesh Matheswaran,lokesh.matheswaran@amexgbt.com,member,yes_member,17004926117,Lokesh Matheswaran,yes,My Team,Brad Skeel,brad.skeel@amexgbt.com
OS Exception Approvers,CWT OS Exception Approvers,17000393129,My Team,Pradeep Mandlavari,pradeep.mandlavari@amexgbt.com,member,yes_member,17004897428,Pradeep Mandlavari,yes,My Team,Brad Skeel,brad.skeel@amexgbt.com
OS Exception Approvers,CWT OS Exception Approvers,17000393129,My Team,Datla Reddy,datla.reddy@amexgbt.com,member,yes_member,17004235911,Datla Reddy,yes,My Team,Brad Skeel,brad.skeel@amexgbt.com
OS Exception Approvers,CWT OS Exception Approvers,17000393129,My Team,Travis Randolph,travis.randolph@amexgbt.com,member,yes_member,17004603802,Travis Randolph,yes,My Team,Brad Skeel,brad.skeel@amexgbt.com
OS Exception Approvers,CWT OS Exception Approvers,17000393129,My Team,Pushya Rani,pushya.rani@amexgbt.com,member,yes_member,17004866987,Pushya Rani,yes,My Team,Brad Skeel,brad.skeel@amexgbt.com
OS Exception Approvers,CWT OS Exception Approvers,17000393129,My Team,Balaji Selvarathenam,balaji.selvarathenam@amexgbt.com,member,yes_member,17004835618,Balaji Selvarathenam,yes,My Team,Brad Skeel,brad.skeel@amexgbt.com
OS Exception Approvers,CWT OS Exception Approvers,17000393129,My Team,Aswajith K R,aswajith.kr@amexgbt.com,member,yes_member,17004926115,Aswajith K R,yes,My Team,Brad Skeel,brad.skeel@amexgbt.com
OS Exception Approvers,CWT OS Exception Approvers,17000393129,My Team,VAMSHI SAYANGARI,vamshi.sayangari@amexgbt.com,member,yes_member,17004037870,VAMSHI SAYANGARI,yes,My Team,Brad Skeel,brad.skeel@amexgbt.com
OS Exception Approvers,CWT OS Exception Approvers,17000393129,My Team,Macharla Naveen,macharla.naveen@amexgbt.com,member,yes_member,17004688338,Macharla Naveen,yes,My Team,Brad Skeel,brad.skeel@amexgbt.com
OS Exception Approvers,CWT OS Exception Approvers,17000393129,My Team,Panchireddy Surya Prakash,panchireddy.suryaprakash@amexgbt.com,member,yes_member,17004558193,Panchireddy Surya Prakash,yes,My Team,Brad Skeel,brad.skeel@amexgbt.com
OS Exception Approvers,CWT OS Exception Approvers,17000393129,My Team,Gowri Ganesh Kesavan,gowriganesh.kesavan@amexgbt.com,member,yes_member,17004290620,Gowri Ganesh Kesavan,yes,My Team,Brad Skeel,brad.skeel@amexgbt.com
OS Exception Approvers,CWT OS Exception Approvers,17000393129,My Team,VASEEM AKRAM SHAIK,vaseemakram.shaik@amexgbt.com,member,yes_member,17004902949,VASEEM AKRAM SHAIK,yes,My Team,Brad Skeel,brad.skeel@amexgbt.com
PARAMETRIZACION,CWT PARAMETRIZACION,17000393274,My Team,M. Cristina Alfonso Sanchez,mcristina.alfonsosanchez@amexgbt.com,member,yes_member,17004602111,M. Cristina Alfonso Sanchez,yes,My Team,Ana Blanco Carril,ana.blancocarril@amexgbt.com
PARAMETRIZACION,CWT PARAMETRIZACION,17000393274,My Team,Ana Blanco Carril,ana.blancocarril@amexgbt.com,member,yes_member,17004602079,Ana Blanco Carril,yes,My Team,Ana Blanco Carril,ana.blancocarril@amexgbt.com
PARAMETRIZACION,CWT PARAMETRIZACION,17000393274,My Team,Cristina Exposito Perez,cristina.expositoperez@amexgbt.com,member,yes_member,17004601639,Cristina Exposito Perez,yes,My Team,Ana Blanco Carril,ana.blancocarril@amexgbt.com
Personalization Development Team,CWT Personalization Development Team,17000393275,My Team,Dina Fridman,dina.fridman@amexgbt.com,member,yes_member,17004603977,Dina Fridman,yes,My Team,Jillian Cox,jill.cox@amexgbt.com
Personalization Development Team,CWT Personalization Development Team,17000393275,My Team,Ian Moran,ian.moran@amexgbt.com,member,yes_member,17004604297,Ian Moran,yes,My Team,Jillian Cox,jill.cox@amexgbt.com
Personalization Development Team,CWT Personalization Development Team,17000393275,My Team,Robert Lancaster,robert.lancaster@amexgbt.com,member,yes_member,17004603546,Robert Lancaster,yes,My Team,Jillian Cox,jill.cox@amexgbt.com
Personalization Development Team,CWT Personalization Development Team,17000393275,My Team,Samuel Flynn,samuel.flynn@amexgbt.com,member,yes_member,17004604711,Samuel Flynn,yes,My Team,Jillian Cox,jill.cox@amexgbt.com
Personalization Development Team,CWT Personalization Development Team,17000393275,My Team,Jillian Cox,jill.cox@amexgbt.com,member,yes_member,17004606020,Jillian Cox,yes,My Team,Jillian Cox,jill.cox@amexgbt.com
Personalization Development Team,CWT Personalization Development Team,17000393275,My Team,Gerardo Mendoza,gerardo.mendoza2@amexgbt.com,member,yes_member,17004608451,Gerardo Mendoza,yes,My Team,Jillian Cox,jill.cox@amexgbt.com
Personalization Development Team,CWT Personalization Development Team,17000393275,My Team,Muhammed Chowdhury,muhammed.chowdhury@amexgbt.com,member,yes_member,17004604002,Muhammed Chowdhury,yes,My Team,Jillian Cox,jill.cox@amexgbt.com
Personalization Development Team,CWT Personalization Development Team,17000393275,My Team,Sai Bhargav Gummadi,saibhargav.gummadi@amexgbt.com,member,yes_member,17004602667,Sai Bhargav Gummadi,yes,My Team,Jillian Cox,jill.cox@amexgbt.com
PHX DEVELOPMENT,CWT PHX DEVELOPMENT,17000393276,My Team,Sandeep Kalayankar,sandeep.kalayankar@amexgbt.com,member,yes_member,17004604201,Sandeep Kalayankar,yes,My Team,Ramesh Nallavolu,ramesh.nallavolu@amexgbt.com
PHX DEVELOPMENT,CWT PHX DEVELOPMENT,17000393276,My Team,Kevin Pascoe,kevin.pascoe@amexgbt.com,member,yes_member,17004602755,Kevin Pascoe,yes,My Team,Ramesh Nallavolu,ramesh.nallavolu@amexgbt.com
PHX DEVELOPMENT,CWT PHX DEVELOPMENT,17000393276,My Team,Ramesh Nallavolu,ramesh.nallavolu@amexgbt.com,member,yes_member,17004603374,Ramesh Nallavolu,yes,My Team,Ramesh Nallavolu,ramesh.nallavolu@amexgbt.com
PingFederate Oauth Approver Group,CWT PingFederate Oauth Approver Group,17000393135,My Team,Daniel Walsh,daniel.walsh@amexgbt.com,member,yes_member,17004603019,Daniel Walsh,yes,My Team,Daniel Walsh,daniel.walsh@amexgbt.com
Portfolio Administrator,CWT Portfolio Administrator,17000393204,My Team,Scott Ostlund,scott.ostlund@amexgbt.com,member,yes_member,17004603367,Scott Ostlund,yes,My Team,Scott Ostlund,scott.ostlund@amexgbt.com
Portfolio Administrator,CWT Portfolio Administrator,17000393204,My Team,Matthew Newton,matthew.newton@amexgbt.com,member,yes_member,17004605566,Matthew Newton,yes,My Team,Scott Ostlund,scott.ostlund@amexgbt.com
Portfolio Administrator,CWT Portfolio Administrator,17000393204,My Team,Pallavi Kenny,pallavi.kenny@amexgbt.com,member,yes_member,17004605595,Pallavi Kenny,yes,My Team,Scott Ostlund,scott.ostlund@amexgbt.com
Portfolio Administrator,CWT Portfolio Administrator,17000393204,My Team,Mohammad Sajid,mohammad.sajid@amexgbt.com,member,yes_member,17004605869,Mohammad Sajid,yes,My Team,Scott Ostlund,scott.ostlund@amexgbt.com
Power Architect Support,CWT Power Architect Support,17000393206,My Team,April Mcguire,april.mcguire@amexgbt.com,member,yes_member,17004603387,April McGuire,yes,My Team,Haroun Al-Rashid Amerel,harounal-rashid.amerel@amexgbt.com
Power Architect Support,CWT Power Architect Support,17000393206,My Team,Caroline Fresnais,caroline.fresnais@amexgbt.com,member,yes_member,17004607413,Caroline Fresnais,yes,My Team,Haroun Al-Rashid Amerel,harounal-rashid.amerel@amexgbt.com
Power Assist Approver Group,CWT Power Assist Approver Group,17000393207,My Team,Louise Catley,louise.catley@amexgbt.com,member,yes_member,17004605881,Louise Catley,yes,My Team,Sharon Rochester,sharon.rochester@amexgbt.com
Power Assist Approver Group,CWT Power Assist Approver Group,17000393207,My Team,Sharon Rochester,sharon.rochester@amexgbt.com,member,yes_member,17004605706,Sharon Rochester,yes,My Team,Sharon Rochester,sharon.rochester@amexgbt.com
Power Base L3 Support,CWT Power Base L3 Support,17000393277,My Team,Michelle Thurn,michelle.thurn@amexgbt.com,member,yes_member,17004603353,Michelle Thurn,yes,My Team,Michelle Thurn,michelle.thurn@amexgbt.com
Power Base L3 Support,CWT Power Base L3 Support,17000393277,My Team,Caroline Fresnais,caroline.fresnais@amexgbt.com,member,yes_member,17004607413,Caroline Fresnais,yes,My Team,Michelle Thurn,michelle.thurn@amexgbt.com
Power Base L3 Support,CWT Power Base L3 Support,17000393277,My Team,April Mcguire,april.mcguire@amexgbt.com,member,yes_member,17004603387,April McGuire,yes,My Team,Michelle Thurn,michelle.thurn@amexgbt.com
Power Express Development,CWT Power Express Development,17000393278,My Team,David Reyes Iii,david.reyesiii@amexgbt.com,member,yes_member,17004608403,David Reyes Iii,yes,My Team,Christine Supangan,christine.supangan@amexgbt.com
Power Express Development,CWT Power Express Development,17000393278,My Team,Jeffrey Reyes,jeffrey.reyes@amexgbt.com,member,yes_member,17004608406,Jeffrey Reyes,yes,My Team,Christine Supangan,christine.supangan@amexgbt.com
Power Express Development,CWT Power Express Development,17000393278,My Team,Johnver Ilagan,johnver.ilagan@amexgbt.com,member,yes_member,17004608401,Johnver Ilagan,yes,My Team,Christine Supangan,christine.supangan@amexgbt.com
Power Express Development,CWT Power Express Development,17000393278,My Team,Lukasz Sempowicz,lukasz.sempowicz@amexgbt.com,member,yes_member,17004601171,Lukasz Sempowicz,yes,My Team,Christine Supangan,christine.supangan@amexgbt.com
Power Express Development,CWT Power Express Development,17000393278,My Team,Karren Roxas,karren.roxas@amexgbt.com,member,yes_member,17004608327,Karren Roxas,yes,My Team,Christine Supangan,christine.supangan@amexgbt.com
Power Express Development,CWT Power Express Development,17000393278,My Team,Elesar Repolido,elesar.repolido@amexgbt.com,member,yes_member,17004608441,Elesar Repolido,yes,My Team,Christine Supangan,christine.supangan@amexgbt.com
Power Express Development,CWT Power Express Development,17000393278,My Team,Jes Keshly Cruz,jeskeshly.cruz@amexgbt.com,member,yes_member,17004608497,Jes Keshly Cruz,yes,My Team,Christine Supangan,christine.supangan@amexgbt.com
Power Express Development,CWT Power Express Development,17000393278,My Team,Roderick Alvarez,roderick.alvarez@amexgbt.com,member,yes_member,17004608443,Roderick Alvarez,yes,My Team,Christine Supangan,christine.supangan@amexgbt.com
Power Express Development,CWT Power Express Development,17000393278,My Team,Christine Supangan,christine.supangan@amexgbt.com,member,yes_member,17004608485,Christine Supangan,yes,My Team,Christine Supangan,christine.supangan@amexgbt.com
Power Express Development,CWT Power Express Development,17000393278,My Team,Jennicar Abdon,jennicar.abdon@amexgbt.com,member,yes_member,17004608559,Jennicar Abdon,yes,My Team,Christine Supangan,christine.supangan@amexgbt.com
Power Express Development,CWT Power Express Development,17000393278,My Team,Liel Ongkengco,liel.ongkengco@amexgbt.com,member,yes_member,17004608471,Liel Ongkengco,yes,My Team,Christine Supangan,christine.supangan@amexgbt.com
Power Express Development,CWT Power Express Development,17000393278,My Team,Erica Guzman,erica.guzman@amexgbt.com,member,yes_member,17004608458,Erica Guzman,yes,My Team,Christine Supangan,christine.supangan@amexgbt.com
Power Express Development,CWT Power Express Development,17000393278,My Team,Raynell Ruth Martinez,raynellruth.martinez@amexgbt.com,member,yes_member,17004608361,Raynell Ruth Martinez,yes,My Team,Christine Supangan,christine.supangan@amexgbt.com
Power Express Development,CWT Power Express Development,17000393278,My Team,Jerome Furog,jerome.furog@amexgbt.com,member,yes_member,17004608461,Jerome Furog,yes,My Team,Christine Supangan,christine.supangan@amexgbt.com
Power Express Development,CWT Power Express Development,17000393278,My Team,Michael Angelo Magat,michaelangelo.magat@amexgbt.com,member,yes_member,17004608372,Michael Angelo Magat,yes,My Team,Christine Supangan,christine.supangan@amexgbt.com
Power Express Development,CWT Power Express Development,17000393278,My Team,Michelle De Jesus,michelle.dejesus@amexgbt.com,member,yes_member,17004608371,Michelle De Jesus,yes,My Team,Christine Supangan,christine.supangan@amexgbt.com
Power Hotel Approver Group,CWT Power Hotel Approver Group,17000393208,My Team,Gerardo Mendoza,gerardo.mendoza2@amexgbt.com,member,yes_member,17004608451,Gerardo Mendoza,yes,My Team,Jillian Cox,jill.cox@amexgbt.com
Power LCC Approver Group,CWT Power LCC Approver Group,17000393209,My Team,Sharon Rochester,sharon.rochester@amexgbt.com,member,yes_member,17004605706,Sharon Rochester,yes,My Team,Leandro Sarmento,leandro.sarmento@amexgbt.com
POWER LIBRARY SUPPORT,CWT POWER LIBRARY SUPPORT,17000393279,My Team,April Mcguire,april.mcguire@amexgbt.com,member,yes_member,17004603387,April McGuire,yes,My Team,Haroun Al-Rashid Amerel,harounal-rashid.amerel@amexgbt.com
POWER LIBRARY SUPPORT,CWT POWER LIBRARY SUPPORT,17000393279,My Team,Caroline Fresnais,caroline.fresnais@amexgbt.com,member,yes_member,17004607413,Caroline Fresnais,yes,My Team,Haroun Al-Rashid Amerel,harounal-rashid.amerel@amexgbt.com
Power Resilience Approver Group,CWT Power Resilience Approver Group,17000393210,My Team,Saurabh Jain,saurabh.jain1@amexgbt.com,member,yes_member,17004605184,Saurabh Jain,yes,My Team,Saurabh Jain,saurabh.jain1@amexgbt.com
Power Resilience Approver Group,CWT Power Resilience Approver Group,17000393210,My Team,Isabelle Bousquet,isabelle.bousquet@amexgbt.com,member,yes_member,17004607688,Isabelle Bousquet,yes,My Team,Saurabh Jain,saurabh.jain1@amexgbt.com
Power Setup Dev,CWT Power Setup Dev,17000393280,My Team,Louis Albert Cruz,louisalbert.cruz@amexgbt.com,member,yes_member,17004608499,Louis Albert Cruz,yes,My Team,Haroun Al-Rashid Amerel,harounal-rashid.amerel@amexgbt.com
Power Turbo Approver Group,CWT Power Turbo Approver Group,17000393211,My Team,Jack Staehler,jack.staehler@amexgbt.com,member,yes_member,17004603814,Jack Staehler,yes,My Team,Leandro Sarmento,leandro.sarmento@amexgbt.com
Power Turbo Approver Group,CWT Power Turbo Approver Group,17000393211,My Team,Leandro Sarmento,leandro.sarmento@amexgbt.com,member,yes_member,17004602240,Leandro Sarmento,yes,My Team,Leandro Sarmento,leandro.sarmento@amexgbt.com
Power Turbo Development,CWT Power Turbo Development,17000393281,My Team,Christine Supangan,christine.supangan@amexgbt.com,member,yes_member,17004608485,Christine Supangan,yes,My Team,Roderick Alvarez,roderick.alvarez@amexgbt.com
Power Turbo Development,CWT Power Turbo Development,17000393281,My Team,Israel Cabigas,israel.cabigas@amexgbt.com,member,yes_member,17004927808,Israel Cabigas,yes,My Team,Roderick Alvarez,roderick.alvarez@amexgbt.com
Power Turbo Development,CWT Power Turbo Development,17000393281,My Team,Erica Guzman,erica.guzman@amexgbt.com,member,yes_member,17004608458,Erica Guzman,yes,My Team,Roderick Alvarez,roderick.alvarez@amexgbt.com
Power Turbo Development,CWT Power Turbo Development,17000393281,My Team,Melvin Joseph Agonias,melvinjoseph.agonias@amexgbt.com,member,yes_member,17004608561,Melvin Joseph Agonias,yes,My Team,Roderick Alvarez,roderick.alvarez@amexgbt.com
Power Turbo Development,CWT Power Turbo Development,17000393281,My Team,James Ballesteros,james.ballesteros@amexgbt.com,member,yes_member,17004608424,James Ballesteros,yes,My Team,Roderick Alvarez,roderick.alvarez@amexgbt.com
Power Turbo Development,CWT Power Turbo Development,17000393281,My Team,Hennezy Pulido,hennezy.pulido@amexgbt.com,member,yes_member,17004608329,Hennezy Pulido,yes,My Team,Roderick Alvarez,roderick.alvarez@amexgbt.com
Power Turbo Product Support,CWT Power Turbo Product Support,17000393282,My Team,Nadine Bayley,nadine.bayley@amexgbt.com,member,yes_member,17004634741,Nadine Bayley,yes,My Team,Leandro Sarmento,leandro.sarmento@amexgbt.com
Power Turbo Product Support,CWT Power Turbo Product Support,17000393282,My Team,Leandro Sarmento,leandro.sarmento@amexgbt.com,member,yes_member,17004602240,Leandro Sarmento,yes,My Team,Leandro Sarmento,leandro.sarmento@amexgbt.com
Power Turbo Product Support,CWT Power Turbo Product Support,17000393282,My Team,Samara Haddad,samara.haddad@amexgbt.com,member,yes_member,17004634836,Samara Haddad,yes,My Team,Leandro Sarmento,leandro.sarmento@amexgbt.com
Power Turbo Product Support,CWT Power Turbo Product Support,17000393282,My Team,Diana Herrera,diana.herrera@amexgbt.com,member,yes_member,17004605454,Diana Herrera,yes,My Team,Leandro Sarmento,leandro.sarmento@amexgbt.com
PRE VIEW DEV SUPPORT,CWT PRE VIEW DEV SUPPORT,17000393212,My Team,Brian Lane,brian.lane@amexgbt.com,member,yes_member,17004603009,Brian Lane,yes,My Team,Brian Lane,brian.lane@amexgbt.com
Pre-Trip Approval Manager Approval Group,CWT Pre-Trip Approval Manager Approval Group,17000393213,My Team,Robenie Fernandez,robenie.fernandez@amexgbt.com,member,yes_member,17004608400,Robenie Fernandez,yes,My Team,Patrice Simon,patrice.simon@amexgbt.com
Pre-Trip Approval Manager Approval Group,CWT Pre-Trip Approval Manager Approval Group,17000393213,My Team,Joshua Cura,joshua.cura@amexgbt.com,member,yes_member,17004608369,Joshua Cura,yes,My Team,Patrice Simon,patrice.simon@amexgbt.com
PREVIEW-ONCALL,CWT PREVIEW-ONCALL,17000393214,My Team,Brian Lane,brian.lane@amexgbt.com,member,yes_member,17004603009,Brian Lane,yes,My Team,Brian Lane,brian.lane@amexgbt.com
Price Optimization Support & Implementation,CWT Price Optimization Support & Implementation,17000393283,My Team,Marie Brouillard,marie.bansept@amexgbt.com,member,yes_member,17004607463,Marie Brouillard,yes,My Team,Joanna Clare,joanna.clare1@amexgbt.com
Price Optimization Support & Implementation,CWT Price Optimization Support & Implementation,17000393283,My Team,Angela Monedero Gonzalez,angela.monederogonzalez@amexgbt.com,member,yes_member,17004601805,Angela Monedero Gonzalez,yes,My Team,Joanna Clare,joanna.clare1@amexgbt.com
Price Optimization Support & Implementation,CWT Price Optimization Support & Implementation,17000393283,My Team,Nicola Gill-Roberts,nicola.gill-roberts@amexgbt.com,member,yes_member,17004605737,Nicola Gill-Roberts,yes,My Team,Joanna Clare,joanna.clare1@amexgbt.com
Price Optimization Support & Implementation,CWT Price Optimization Support & Implementation,17000393283,My Team,Fernando Mosquera Quinteiro,fernando.mosqueraquinteiro@amexgbt.com,member,yes_member,17004601848,Fernando Mosquera Quinteiro,yes,My Team,Joanna Clare,joanna.clare1@amexgbt.com
Price Optimization Support & Implementation,CWT Price Optimization Support & Implementation,17000393283,My Team,Joanna Clare,joanna.clare1@amexgbt.com,member,yes_member,17004605909,Joanna Clare,yes,My Team,Joanna Clare,joanna.clare1@amexgbt.com
Price Tracking Central TS team,CWT Price Tracking Central TS team,17000393285,My Team,Girja Pandey,girja.pandey@amexgbt.com,member,yes_member,17004602743,Girja Pandey,yes,My Team,Jennifer Holmes,jennifer.holmes@amexgbt.com
Price Tracking Central TS team,CWT Price Tracking Central TS team,17000393285,My Team,Nicola Merrick,nicola.merrick@amexgbt.com,not_in_group,no,17004603190,Nicola Merrick,yes,My Team,Jennifer Holmes,jennifer.holmes@amexgbt.com
Price Tracking Central TS team,CWT Price Tracking Central TS team,17000393285,My Team,Catherine Toste,catherine.toste@amexgbt.com,member,yes_member,17004634770,Catherine Toste,yes,My Team,Jennifer Holmes,jennifer.holmes@amexgbt.com
Price Tracking Central TS team,CWT Price Tracking Central TS team,17000393285,My Team,Laurie Wagner,laurie.wagner@amexgbt.com,not_in_group,no,17004603368,Laurie Wagner,yes,My Team,Jennifer Holmes,jennifer.holmes@amexgbt.com
Price Tracking Central TS team,CWT Price Tracking Central TS team,17000393285,My Team,Joanna Clare,joanna.clare1@amexgbt.com,member,yes_member,17004605909,Joanna Clare,yes,My Team,Jennifer Holmes,jennifer.holmes@amexgbt.com
Price Tracking Central TS team,CWT Price Tracking Central TS team,17000393285,My Team,Jennifer Holmes,jennifer.holmes@amexgbt.com,member,yes_member,17004603424,Jennifer Holmes,yes,My Team,Jennifer Holmes,jennifer.holmes@amexgbt.com
Price Tracking Central TS team,CWT Price Tracking Central TS team,17000393285,My Team,Susanne Björklund,susanne.bjoerklund@amexgbt.com,member,yes_member,17004608971,Susanne Björklund,yes,My Team,Jennifer Holmes,jennifer.holmes@amexgbt.com
PRICING UK/IE,CWT PRICING UK/IE,17000393286,My Team,Melanie Lee,melanie.lee@amexgbt.com,member,yes_member,17004605915,Melanie Lee,yes,My Team,Melanie Lee,melanie.lee@amexgbt.com
PROBLEM MGMT,CWT PROBLEM MGMT,17000393328,My Team,Syed Rehanul Haque,syedrehanul.haque@amexgbt.com,member,yes_member,17002894972,Syed Rehanul Haque,yes,My Team,Bose Bakare,bose.bakare@amexgbt.com
PROBLEM MGMT,CWT PROBLEM MGMT,17000393328,My Team,Ivan Jimenez,ivan.jimenez1@amexgbt.com,member,yes_member,17001481084,Ivan Jimenez,yes,My Team,Bose Bakare,bose.bakare@amexgbt.com
PROBLEM MGMT,CWT PROBLEM MGMT,17000393328,My Team,Chris Peterson,chris.peterson@amexgbt.com,member,yes_member,17001481015,Chris Peterson,yes,My Team,Bose Bakare,bose.bakare@amexgbt.com
PROBLEM MGMT,CWT PROBLEM MGMT,17000393328,My Team,Suman Naik,suman.naik@amexgbt.com,member,yes_member,17004170707,Suman Naik,yes,My Team,Bose Bakare,bose.bakare@amexgbt.com
PROBLEM MGMT,CWT PROBLEM MGMT,17000393328,My Team,Mohammed Thanish,mohammed.thanish@amexgbt.com,member,yes_member,17002123817,Mohammed Thanish,yes,My Team,Bose Bakare,bose.bakare@amexgbt.com
PROBLEM MGMT,CWT PROBLEM MGMT,17000393328,My Team,Ankam Siva Krishna,ankam.sivakrishna@amexgbt.com,member,yes_member,17004119104,Ankam Siva Krishna,yes,My Team,Bose Bakare,bose.bakare@amexgbt.com
PROBLEM MGMT,CWT PROBLEM MGMT,17000393328,My Team,Arpit Dixit,arpit.dixit@amexgbt.com,member,yes_member,17004853902,Arpit Dixit,yes,My Team,Bose Bakare,bose.bakare@amexgbt.com
PROBLEM MGMT,CWT PROBLEM MGMT,17000393328,My Team,Snehal Rajput,snehal.rajput@amexgbt.com,member,yes_member,17004946688,Snehal Rajput,yes,My Team,Bose Bakare,bose.bakare@amexgbt.com
PROBLEM MGMT,CWT PROBLEM MGMT,17000393328,My Team,Nilendra Singhal,nilendra.singhal@amexgbt.com,member,yes_member,17004638895,Nilendra Singhal,yes,My Team,Bose Bakare,bose.bakare@amexgbt.com
PROBLEM MGMT,CWT PROBLEM MGMT,17000393328,My Team,Laarni Valiente,laarni.valiente@amexgbt.com,member,yes_member,17004608419,Laarni Valiente,yes,My Team,Bose Bakare,bose.bakare@amexgbt.com
PROBLEM MGMT,CWT PROBLEM MGMT,17000393328,My Team,Erna Samonte,erna.samonte@amexgbt.com,member,yes_member,17004608463,Erna Samonte,yes,My Team,Bose Bakare,bose.bakare@amexgbt.com
PROBLEM MGMT,CWT PROBLEM MGMT,17000393328,My Team,Suraj Shetty,suraj.shetty@amexgbt.com,member,yes_member,17004159070,Suraj Shetty,yes,My Team,Bose Bakare,bose.bakare@amexgbt.com
PROBLEM MGMT,CWT PROBLEM MGMT,17000393328,My Team,Snehalatha B,snehalatha.b@amexgbt.com,member,yes_member,17004651858,Snehalatha B,yes,My Team,Bose Bakare,bose.bakare@amexgbt.com
PROBLEM MGMT,CWT PROBLEM MGMT,17000393328,My Team,Garlus Missier S,garlus.missiers@amexgbt.com,member,yes_member,17003214239,Garlus Missier S,yes,My Team,Bose Bakare,bose.bakare@amexgbt.com
PROBLEM MGMT,CWT PROBLEM MGMT,17000393328,My Team,Lorenzo Aguayo,lorenzo.aguayo@amexgbt.com,member,yes_member,17003921983,Lorenzo Aguayo,yes,My Team,Bose Bakare,bose.bakare@amexgbt.com
PROBLEM MGMT,CWT PROBLEM MGMT,17000393328,My Team,Akanchha Prapti,akanchha.prapti@amexgbt.com,member,yes_member,17004270311,Akanchha Prapti,yes,My Team,Bose Bakare,bose.bakare@amexgbt.com
PROBLEM MGMT,CWT PROBLEM MGMT,17000393328,My Team,Alexter John Tupaz,alexterjohn.tupaz@amexgbt.com,member,yes_member,17004608550,Alexter John Tupaz,yes,My Team,Bose Bakare,bose.bakare@amexgbt.com
PROBLEM MGMT,CWT PROBLEM MGMT,17000393328,My Team,Richard Villamin,richard.villamin@amexgbt.com,member,yes_member,17004608552,Richard Villamin,yes,My Team,Bose Bakare,bose.bakare@amexgbt.com
PROBLEM MGMT,CWT PROBLEM MGMT,17000393328,My Team,Banoth Shailaja,banoth.shailaja@amexgbt.com,member,yes_member,17004432722,Banoth Shailaja,yes,My Team,Bose Bakare,bose.bakare@amexgbt.com
PROBLEM MGMT,CWT PROBLEM MGMT,17000393328,My Team,Laarni Ricafort,laarni.ricafort@amexgbt.com,member,yes_member,17004608658,Laarni Ricafort,yes,My Team,Bose Bakare,bose.bakare@amexgbt.com
PROBLEM MGMT,CWT PROBLEM MGMT,17000393328,My Team,Renz Almer Tolosa,renzalmer.tolosa@amexgbt.com,member,yes_member,17004608212,Renz Almer Tolosa,yes,My Team,Bose Bakare,bose.bakare@amexgbt.com
PROBLEM MGMT,CWT PROBLEM MGMT,17000393328,My Team,Needa Fathima,needa.fathima@amexgbt.com,member,yes_member,17001534060,Needa Fathima,yes,My Team,Bose Bakare,bose.bakare@amexgbt.com
PROBLEM MGMT,CWT PROBLEM MGMT,17000393328,My Team,Sanjukta Dhar,sanjukta.dhar@amexgbt.com,member,yes_member,17004955474,Sanjukta Dhar,yes,My Team,Bose Bakare,bose.bakare@amexgbt.com
PROBLEM MGMT,CWT PROBLEM MGMT,17000393328,My Team,Sam Goh,sam.goh@amexgbt.com,agent_not_found,no,,,,,Bose Bakare,bose.bakare@amexgbt.com
PROBLEM MGMT,CWT PROBLEM MGMT,17000393328,My Team,Mahtab Alam,mahtab.alam@amexgbt.com,member,yes_member,17004120747,Mahtab Alam,yes,My Team,Bose Bakare,bose.bakare@amexgbt.com
PROBLEM MGMT,CWT PROBLEM MGMT,17000393328,My Team,Anastasia Blundell,anastasia.blundell@amexgbt.com,member,yes_member,17001602400,Anastasia Blundell,yes,My Team,Bose Bakare,bose.bakare@amexgbt.com
PROBLEM MGMT,CWT PROBLEM MGMT,17000393328,My Team,Issa Alombah,issa.alombah@amexgbt.com,member,yes_member,17001525835,Issa Alombah,yes,My Team,Bose Bakare,bose.bakare@amexgbt.com
PROBLEM MGMT,CWT PROBLEM MGMT,17000393328,My Team,Bose Bakare,bose.bakare@amexgbt.com,member,yes_member,17004605548,Bose Bakare,yes,My Team,Bose Bakare,bose.bakare@amexgbt.com
PROBLEM MGMT,CWT PROBLEM MGMT,17000393328,My Team,Korrapati Haji Ghouse,korrapati.hajighouse@amexgbt.com,not_in_group,no,17004991058,Korrapati hajighouse,yes,My Team,Bose Bakare,bose.bakare@amexgbt.com
PROBLEM MGMT,CWT PROBLEM MGMT,17000393328,My Team,Rohini Thombre,rohini.thombre@amexgbt.com,member,yes_member,17003871508,Rohini Thombre,yes,My Team,Bose Bakare,bose.bakare@amexgbt.com
PROBLEM MGMT,CWT PROBLEM MGMT,17000393328,My Team,Jacky Boy Pangandaman,jackyboy.pangandaman@amexgbt.com,member,yes_member,17004608397,Jacky Boy Pangandaman,yes,My Team,Bose Bakare,bose.bakare@amexgbt.com
PROBLEM MGMT,CWT PROBLEM MGMT,17000393328,My Team,Vishwa BS,vishwa.bs@amexgbt.com,member,yes_member,17004374355,Vishwa BS,yes,My Team,Bose Bakare,bose.bakare@amexgbt.com
PROBLEM MGMT,CWT PROBLEM MGMT,17000393328,My Team,Hari Kumar Akula,harikumar.akula@amexgbt.com,member,yes_member,17004473368,Hari Kumar Akula,yes,My Team,Bose Bakare,bose.bakare@amexgbt.com
PROCUREMENT,CWT PROCUREMENT,17000393234,My Team,Kevin Gitard,kevin.gitard@amexgbt.com,member,yes_member,17004602893,Kevin Gitard,yes,My Team,Andrew Gunnels,andrew.gunnels@amexgbt.com
PROCUREMENT,CWT PROCUREMENT,17000393234,My Team,Christopher Clay,christopher.clay@amexgbt.com,member,yes_member,17004603369,Christopher Clay,yes,My Team,Andrew Gunnels,andrew.gunnels@amexgbt.com
PROCUREMENT,CWT PROCUREMENT,17000393234,My Team,Georgette Ginolfi,georgette.ginolfi@amexgbt.com,member,yes_member,17004605228,Georgette Ginolfi,yes,My Team,Andrew Gunnels,andrew.gunnels@amexgbt.com
Procurement - Australia,CWT Procurement - Australia,17000393218,My Team,Jonathon Galea,jonathon.galea@amexgbt.com,member,yes_member,17004606194,Jonathon Galea,yes,My Team,Frank Ho,frank.ho@amexgbt.com
Procurement - Bulgaria,CWT Procurement - Bulgaria,17000393219,My Team,Antoine Cabuy,antoine.cabuy@amexgbt.com,member,yes_member,17004606227,Antoine Cabuy,yes,My Team,Frank Ho,frank.ho@amexgbt.com
Procurement - Czech Republic,CWT Procurement - Czech Republic,17000393220,My Team,Antoine Cabuy,antoine.cabuy@amexgbt.com,member,yes_member,17004606227,Antoine Cabuy,yes,My Team,Frank Ho,frank.ho@amexgbt.com
Procurement - Egypt,CWT Procurement - Egypt,17000393221,My Team,Ehab Naguib,ehab.naguib@amexgbt.com,member,yes_member,17004656237,Ehab Naguib,yes,My Team,Ehab Naguib,ehab.naguib@amexgbt.com
Procurement - Egypt,CWT Procurement - Egypt,17000393221,My Team,Gerguis Fraz,gerguis.fraz@amexgbt.com,member,yes_member,17004606583,Gerguis Fraz,yes,My Team,Ehab Naguib,ehab.naguib@amexgbt.com
Procurement - Finland,CWT Procurement - Finland,17000393222,My Team,Antoine Cabuy,antoine.cabuy@amexgbt.com,member,yes_member,17004606227,Antoine Cabuy,yes,My Team,Tania Tosi,tania.tosi@amexgbt.com
Procurement - France,CWT Procurement - France,17000393223,My Team,Jean-Christophe Biagui,jeanchristophe.biagui@amexgbt.com,member,yes_member,17001480935,Jean-Christophe Biagui,yes,My Team,Nayan Juneja,Nayan.Juneja@amexgbt.com
Procurement - France,CWT Procurement - France,17000393223,My Team,Marvin Miath,marvin.miath@amexgbt.com,member,yes_member,17002464761,Marvin Miath,yes,My Team,Nayan Juneja,Nayan.Juneja@amexgbt.com
Procurement - France,CWT Procurement - France,17000393223,My Team,Xavier Viallon,xavier.viallon@amexgbt.com,member,yes_member,17001480996,Xav Viallon,yes,My Team,Nayan Juneja,Nayan.Juneja@amexgbt.com
Procurement - France,CWT Procurement - France,17000393223,My Team,Aliou Diouf,aliou.diouf@amexgbt.com,member,yes_member,17002464358,Aliou Diouf,yes,My Team,Nayan Juneja,Nayan.Juneja@amexgbt.com
Procurement - France,CWT Procurement - France,17000393223,My Team,Jean Christophe Fortin,jeanchristophe.fortin@amexgbt.com,member,yes_member,17004607599,Jean Christophe Fortin,yes,My Team,Nayan Juneja,Nayan.Juneja@amexgbt.com
Procurement - France,CWT Procurement - France,17000393223,My Team,Guylaine Darcia Binet,darcia.binet@amexgbt.com,member,yes_member,17001521589,Guylaine Darcia BINET,yes,My Team,Nayan Juneja,Nayan.Juneja@amexgbt.com
Procurement - France,CWT Procurement - France,17000393223,My Team,Thiru Kanes,thiru.kanes@amexgbt.com,member,yes_member,17001528476,Thiru Kanes,yes,My Team,Nayan Juneja,Nayan.Juneja@amexgbt.com
Procurement - Germany,CWT Procurement - Germany,17000393224,My Team,Jörg Schumacher,jschumacher@mycwt.com,agent_not_found,no,,,,,Jörg Schumacher,JSchumacher@mycwt.com
Procurement - Hungary,CWT Procurement - Hungary,17000393225,My Team,Antoine Cabuy,antoine.cabuy@amexgbt.com,member,yes_member,17004606227,Antoine Cabuy,yes,My Team,Frank Ho,frank.ho@amexgbt.com
Procurement - India,CWT Procurement - India,17000393329,My Team,Pawan Kumar,pawan.kumar10@amexgbt.com,member,yes_member,17004604875,Pawan Kumar,yes,My Team,Subhash Joshi,subhash.joshi@amexgbt.com
Procurement - Indonesia,CWT Procurement - Indonesia,17000393226,My Team,Muhammad Afan Ghaffar,muhammadafan.ghaffar@amexgbt.com,member,yes_member,17004602556,Muhammad Afan Ghaffar,yes,My Team,Frank Ho,frank.ho@amexgbt.com
Procurement - Latvia,CWT Procurement - Latvia,17000393227,My Team,Antoine Cabuy,antoine.cabuy@amexgbt.com,member,yes_member,17004606227,Antoine Cabuy,yes,My Team,Frank Ho,frank.ho@amexgbt.com
Procurement - Lithuania,CWT Procurement - Lithuania,17000393200,My Team,Antoine Cabuy,antoine.cabuy@amexgbt.com,member,yes_member,17004606227,Antoine Cabuy,yes,My Team,Frank Ho,frank.ho@amexgbt.com
Procurement - Morocco,CWT Procurement - Morocco,17000393201,My Team,Jean Christophe Fortin,jeanchristophe.fortin@amexgbt.com,member,yes_member,17004607599,Jean Christophe Fortin,yes,My Team,Tania Tosi,tania.tosi@amexgbt.com
Procurement - Netherlands,CWT Procurement - Netherlands,17000393202,My Team,Antoine Cabuy,antoine.cabuy@amexgbt.com,member,yes_member,17004606227,Antoine Cabuy,yes,My Team,Frank Ho,frank.ho@amexgbt.com
Procurement - Philippines,CWT Procurement - Philippines,17000392931,My Team,Eric Cabaysa,eric.cabaysa@amexgbt.com,member,yes_member,17004608410,Eric Cabaysa,yes,My Team,Eric Cabaysa,eric.cabaysa@amexgbt.com
Procurement - Poland,CWT Procurement - Poland,17000392932,My Team,Antoine Cabuy,antoine.cabuy@amexgbt.com,member,yes_member,17004606227,Antoine Cabuy,yes,My Team,Frank Ho,frank.ho@amexgbt.com
Procurement - Romania,CWT Procurement - Romania,17000392933,My Team,Antoine Cabuy,antoine.cabuy@amexgbt.com,member,yes_member,17004606227,Antoine Cabuy,yes,My Team,Frank Ho,frank.ho@amexgbt.com
Procurement - Singapore,CWT Procurement - Singapore,17000392934,My Team,Frank Ho,frank.ho@amexgbt.com,member,yes_member,17004607099,Frank Ho,yes,My Team,Frank Ho,frank.ho@amexgbt.com
Procurement - Spain,CWT Procurement - Spain,17000392935,My Team,Antonia Adarve Torres,toni.adarve@amexgbt.com,member,yes_member,17004601652,Antonia Adarve Torres,yes,My Team,Antonia Adarve Torres,toni.adarve@amexgbt.com
Procurement - Sweden,CWT Procurement - Sweden,17000392936,My Team,Marcus Björkgren,marcus.bjoerkgren@amexgbt.com,member,yes_member,17004608796,Marcus Björkgren,yes,My Team,Frank Ho,frank.ho@amexgbt.com
Procurement - Ukraine,CWT Procurement - Ukraine,17000392937,My Team,Antoine Cabuy,antoine.cabuy@amexgbt.com,member,yes_member,17004606227,Antoine Cabuy,yes,My Team,Frank Ho,frank.ho@amexgbt.com
Product and Technology Content,CWT Product and Technology Content,17000393330,My Team,Russell Whitton,russell.whitton@amexgbt.com,member,yes_member,17004605561,Russell Whitton,yes,My Team,Jacqui Mccarthy,jacqui.mccarthy@amexgbt.com
Product and Technology Content,CWT Product and Technology Content,17000393330,My Team,Jacqui Mccarthy,jacqui.mccarthy@amexgbt.com,member,yes_member,17004605806,Jacqui Mccarthy,yes,My Team,Jacqui Mccarthy,jacqui.mccarthy@amexgbt.com
Product and Technology Content,CWT Product and Technology Content,17000393330,My Team,Zuzanna Kierońska,zuzanna.kieronska@amexgbt.com,member,yes_member,17004601219,Zuzanna Kierońska,yes,My Team,Jacqui Mccarthy,jacqui.mccarthy@amexgbt.com
Product and Technology Content,CWT Product and Technology Content,17000393330,My Team,Simon Clarke,simon.clarke@amexgbt.com,member,yes_member,17004605894,Simon Clarke,yes,My Team,Jacqui Mccarthy,jacqui.mccarthy@amexgbt.com
PRODUCT DELIVERY-AQUA,,,,Brian Lane,brian.lane@amexgbt.com,group_unmatched,no,17004603009,Brian Lane,yes,My Team,Joanne Carlson,jodie.carlson@amexgbt.com
PRODUCT DELIVERY-AQUA,,,,Kathryn Peckham,kathryn.peckham@amexgbt.com,group_unmatched,no,17004602990,Kathryn Peckham,yes,My Team,Joanne Carlson,jodie.carlson@amexgbt.com
PRODUCT DELIVERY-AQUA,,,,Abhishek Atul,abhishek.atul@amexgbt.com,group_unmatched,no,17004604986,Abhishek Atul,yes,My Team,Joanne Carlson,jodie.carlson@amexgbt.com
PRODUCT DEVELOPMENT POWER EXPRESS,CWT PRODUCT DEVELOPMENT POWER EXPRESS,17000393332,My Team,Ana Paulette Arriesgado,anapaulette.arriesgado@amexgbt.com,member,yes_member,17004608481,Ana Paulette Arriesgado,yes,My Team,Roderick Alvarez,roderick.alvarez@amexgbt.com
PRODUCT DEVELOPMENT POWER EXPRESS,CWT PRODUCT DEVELOPMENT POWER EXPRESS,17000393332,My Team,Jerome Furog,jerome.furog@amexgbt.com,member,yes_member,17004608461,Jerome Furog,yes,My Team,Roderick Alvarez,roderick.alvarez@amexgbt.com
PRODUCT DEVELOPMENT POWER EXPRESS,CWT PRODUCT DEVELOPMENT POWER EXPRESS,17000393332,My Team,Erica Guzman,erica.guzman@amexgbt.com,member,yes_member,17004608458,Erica Guzman,yes,My Team,Roderick Alvarez,roderick.alvarez@amexgbt.com
PRODUCT DEVELOPMENT POWER EXPRESS,CWT PRODUCT DEVELOPMENT POWER EXPRESS,17000393332,My Team,Heather Mcfadden,heather.mcfadden@amexgbt.com,member,yes_member,17004634765,Heather Mcfadden,yes,My Team,Roderick Alvarez,roderick.alvarez@amexgbt.com
PRODUCT DEVELOPMENT POWER EXPRESS,CWT PRODUCT DEVELOPMENT POWER EXPRESS,17000393332,My Team,Liel Ongkengco,liel.ongkengco@amexgbt.com,member,yes_member,17004608471,Liel Ongkengco,yes,My Team,Roderick Alvarez,roderick.alvarez@amexgbt.com
PRODUCT DEVELOPMENT POWER EXPRESS,CWT PRODUCT DEVELOPMENT POWER EXPRESS,17000393332,My Team,David Reyes Iii,david.reyesiii@amexgbt.com,member,yes_member,17004608403,David Reyes Iii,yes,My Team,Roderick Alvarez,roderick.alvarez@amexgbt.com
PRODUCT DEVELOPMENT POWER EXPRESS,CWT PRODUCT DEVELOPMENT POWER EXPRESS,17000393332,My Team,Francis Catacutan,francis.catacutan@amexgbt.com,member,yes_member,17004608425,Francis Catacutan,yes,My Team,Roderick Alvarez,roderick.alvarez@amexgbt.com
PRODUCT DEVELOPMENT POWER EXPRESS,CWT PRODUCT DEVELOPMENT POWER EXPRESS,17000393332,My Team,Michael Angelo Magat,michaelangelo.magat@amexgbt.com,member,yes_member,17004608372,Michael Angelo Magat,yes,My Team,Roderick Alvarez,roderick.alvarez@amexgbt.com
PRODUCT DEVELOPMENT POWER EXPRESS,CWT PRODUCT DEVELOPMENT POWER EXPRESS,17000393332,My Team,Jacqueline Tan,jacqueline.tan@amexgbt.com,member,yes_member,17004608476,Jacqueline Tan,yes,My Team,Roderick Alvarez,roderick.alvarez@amexgbt.com
PRODUCT DEVELOPMENT POWER EXPRESS,CWT PRODUCT DEVELOPMENT POWER EXPRESS,17000393332,My Team,Jeffrey Reyes,jeffrey.reyes@amexgbt.com,member,yes_member,17004608406,Jeffrey Reyes,yes,My Team,Roderick Alvarez,roderick.alvarez@amexgbt.com
Product Management Power Assist,CWT Product Management Power Assist,17000392938,My Team,Sharon Rochester,sharon.rochester@amexgbt.com,member,yes_member,17004605706,Sharon Rochester,yes,My Team,Jack Staehler,jack.staehler@amexgbt.com
PRODUCT MANAGEMENT POWER EXPRESS,CWT PRODUCT MANAGEMENT POWER EXPRESS,17000393333,My Team,Lukasz Sempowicz,lukasz.sempowicz@amexgbt.com,member,yes_member,17004601171,Lukasz Sempowicz,yes,My Team,Jack Staehler,jack.staehler@amexgbt.com
PRODUCT MANAGEMENT POWER EXPRESS,CWT PRODUCT MANAGEMENT POWER EXPRESS,17000393333,My Team,Marie Frolander,marie.frolander@amexgbt.com,member,yes_member,17004608811,Marie Frolander,yes,My Team,Jack Staehler,jack.staehler@amexgbt.com
PRODUCT MANAGEMENT POWER EXPRESS,CWT PRODUCT MANAGEMENT POWER EXPRESS,17000393333,My Team,Ana Paulette Arriesgado,anapaulette.arriesgado@amexgbt.com,member,yes_member,17004608481,Ana Paulette Arriesgado,yes,My Team,Jack Staehler,jack.staehler@amexgbt.com
PRODUCT MANAGEMENT POWER EXPRESS,CWT PRODUCT MANAGEMENT POWER EXPRESS,17000393333,My Team,Heather Mcfadden,heather.mcfadden@amexgbt.com,member,yes_member,17004634765,Heather Mcfadden,yes,My Team,Jack Staehler,jack.staehler@amexgbt.com
PRODUCT MANAGEMENT POWER EXPRESS,CWT PRODUCT MANAGEMENT POWER EXPRESS,17000393333,My Team,Thea Demetillo,thea.demetillo@amexgbt.com,member,yes_member,17004608480,Thea Demetillo,yes,My Team,Jack Staehler,jack.staehler@amexgbt.com
PRODUCT MANAGEMENT POWER EXPRESS,CWT PRODUCT MANAGEMENT POWER EXPRESS,17000393333,My Team,William Turpen,william.turpen@amexgbt.com,member,yes_member,17004603198,William Turpen,yes,My Team,Jack Staehler,jack.staehler@amexgbt.com
PRODUCT MANAGEMENT POWER EXPRESS,CWT PRODUCT MANAGEMENT POWER EXPRESS,17000393333,My Team,Ji Yong Ang,jiyong.ang@amexgbt.com,member,yes_member,17004607083,Ji Yong Ang,yes,My Team,Jack Staehler,jack.staehler@amexgbt.com
Product Management Power Segment,CWT Product Management Power Segment,17000393334,My Team,Clare Burt,clare.burt@amexgbt.com,member,yes_member,17004605855,Clare Burt,yes,My Team,Jack Staehler,jack.staehler@amexgbt.com
PRODUCT SUPPORT DEV POWER EXPRESS,CWT PRODUCT SUPPORT DEV POWER EXPRESS,17000392939,My Team,Jacqueline Tan,jacqueline.tan@amexgbt.com,member,yes_member,17004608476,Jacqueline Tan,yes,My Team,Jack Staehler,jack.staehler@amexgbt.com
PRODUCT SUPPORT DEV POWER EXPRESS,CWT PRODUCT SUPPORT DEV POWER EXPRESS,17000392939,My Team,Rommel Lapade,rommel.lapade@amexgbt.com,member,yes_member,17004608412,Rommel Lapade,yes,My Team,Jack Staehler,jack.staehler@amexgbt.com
PRODUCT SUPPORT DEV POWER EXPRESS,CWT PRODUCT SUPPORT DEV POWER EXPRESS,17000392939,My Team,Ji Yong Ang,jiyong.ang@amexgbt.com,member,yes_member,17004607083,Ji Yong Ang,yes,My Team,Jack Staehler,jack.staehler@amexgbt.com
PRODUCT SUPPORT DEV POWER EXPRESS,CWT PRODUCT SUPPORT DEV POWER EXPRESS,17000392939,My Team,Ana Paulette Arriesgado,anapaulette.arriesgado@amexgbt.com,member,yes_member,17004608481,Ana Paulette Arriesgado,yes,My Team,Jack Staehler,jack.staehler@amexgbt.com
Project Online - Time Tracking,CWT Project Online - Time Tracking,17000393235,My Team,Charles Allman,charles.allman@amexgbt.com,member,yes_member,17004604850,Charles Allman,yes,My Team,Rosie Royle,rosie.royle@amexgbt.com
Project Online - Time Tracking,CWT Project Online - Time Tracking,17000393235,My Team,Lynda Simpkins,lyn.simpkins@amexgbt.com,member,yes_member,17004605586,Lynda Simpkins,yes,My Team,Rosie Royle,rosie.royle@amexgbt.com
Project Online - Time Tracking,CWT Project Online - Time Tracking,17000393235,My Team,Russell Whitton,russell.whitton@amexgbt.com,member,yes_member,17004605561,Russell Whitton,yes,My Team,Rosie Royle,rosie.royle@amexgbt.com
Project Online - Time Tracking,CWT Project Online - Time Tracking,17000393235,My Team,Sophie Dancette,sophie.dancette@amexgbt.com,agent_not_found,no,,,,,Rosie Royle,rosie.royle@amexgbt.com
Project Online - Time Tracking,CWT Project Online - Time Tracking,17000393235,My Team,Rosie Royle,rosie.royle@amexgbt.com,not_in_group,no,17004605588,Rosie Royle,yes,My Team,Rosie Royle,rosie.royle@amexgbt.com
Project Star Approval - All,,,,Sophie Dominici,sophie.dominici@amexgbt.com,group_unmatched,no,17004602244,Sophie Dominici,yes,My Team,Sophie Dominici,sophie.dominici@amexgbt.com
Project Star Approval - NORAM,CWT Project Star Approval - NORAM,17000392940,My Team,Paula Peitz,paula.peitz@amexgbt.com,member,yes_member,17004603483,Paula Peitz,yes,My Team,Paula Peitz,paula.peitz@amexgbt.com
Project Star Approval - Spain,CWT Project Star Approval - Spain,17000392941,My Team,Jesus Garcia Moreno,jesus.garciamoreno@amexgbt.com,member,yes_member,17004601917,Jesus Garcia Moreno,yes,My Team,Lourdes Toledo Zambrana,lourdes.toledozambrana@amexgbt.com
Project Star Approval - Spain,CWT Project Star Approval - Spain,17000392941,My Team,Ana Blanco Carril,ana.blancocarril@amexgbt.com,member,yes_member,17004602079,Ana Blanco Carril,yes,My Team,Lourdes Toledo Zambrana,lourdes.toledozambrana@amexgbt.com
Project Star Approval - Spain,CWT Project Star Approval - Spain,17000392941,My Team,Lourdes Toledo Zambrana,lourdes.toledozambrana@amexgbt.com,member,yes_member,17004601925,Lourdes Toledo Zambrana,yes,My Team,Lourdes Toledo Zambrana,lourdes.toledozambrana@amexgbt.com
Project Star Approval - Spain,CWT Project Star Approval - Spain,17000392941,My Team,Raquel Amores Muñoz,raquel.amoresmunoz@amexgbt.com,member,yes_member,17004602097,Raquel Amores Muñoz,yes,My Team,Lourdes Toledo Zambrana,lourdes.toledozambrana@amexgbt.com
PTAM Dev,CWT PTAM Dev,17000393335,My Team,Robenie Fernandez,robenie.fernandez@amexgbt.com,member,yes_member,17004608400,Robenie Fernandez,yes,My Team,Haroun Al-Rashid Amerel,harounal-rashid.amerel@amexgbt.com
PTAM Dev,CWT PTAM Dev,17000393335,My Team,Haroun Al-Rashid Amerel,harounal-rashid.amerel@amexgbt.com,member,yes_member,17004608294,Haroun Al-Rashid Amerel,yes,My Team,Haroun Al-Rashid Amerel,harounal-rashid.amerel@amexgbt.com
RCXO L1 Roomit Support,CWT RCXO L1 Roomit Support,17000392848,My Team,Stella Bralska,stella.bralska@amexgbt.com,member,yes_member,17004601151,Stella Bralska,yes,My Team,Jessica Scheppard,jessica.scheppard@amexgbt.com
RCXO L1 Roomit Support,CWT RCXO L1 Roomit Support,17000392848,My Team,Paulina Matuszewska,paulina.matuszewska@amexgbt.com,member,yes_member,17004601374,Paulina Matuszewska,yes,My Team,Jessica Scheppard,jessica.scheppard@amexgbt.com
RCXO L1 Roomit Support,CWT RCXO L1 Roomit Support,17000392848,My Team,Victor Chacon,victor.chacon@amexgbt.com,member,yes_member,17004607161,Victor Chacon,yes,My Team,Jessica Scheppard,jessica.scheppard@amexgbt.com
RCXO L1 Roomit Support,CWT RCXO L1 Roomit Support,17000392848,My Team,Karolina Rykala,karolina.rykala@amexgbt.com,member,yes_member,17004601203,Karolina Rykala,yes,My Team,Jessica Scheppard,jessica.scheppard@amexgbt.com
RCXO L1 Roomit Support,CWT RCXO L1 Roomit Support,17000392848,My Team,Moya Hume,moya.hume@amexgbt.com,member,yes_member,17004605885,Moya Hume,yes,My Team,Jessica Scheppard,jessica.scheppard@amexgbt.com
RCXO L1 Roomit Support,CWT RCXO L1 Roomit Support,17000392848,My Team,Julia Tomala,julia.tomala@amexgbt.com,member,yes_member,17004601264,Julia Tomala,yes,My Team,Jessica Scheppard,jessica.scheppard@amexgbt.com
RCXO L1 Roomit Support,CWT RCXO L1 Roomit Support,17000392848,My Team,Vineet Kant Sinha,vineetkant.sinha@amexgbt.com,member,yes_member,17004604234,Vineet Kant Sinha,yes,My Team,Jessica Scheppard,jessica.scheppard@amexgbt.com
RCXO L1 Roomit Support,CWT RCXO L1 Roomit Support,17000392848,My Team,Anna Belcar,anna.belcar@amexgbt.com,member,yes_member,17004601438,Anna Belcar,yes,My Team,Jessica Scheppard,jessica.scheppard@amexgbt.com
RCXO L1 Roomit Support,CWT RCXO L1 Roomit Support,17000392848,My Team,Jessica Scheppard,jessica.scheppard@amexgbt.com,member,yes_member,17004603262,Jessica Scheppard,yes,My Team,Jessica Scheppard,jessica.scheppard@amexgbt.com
RCXO L1 Roomit Support,CWT RCXO L1 Roomit Support,17000392848,My Team,Pola Trąbińska,pola.trabinska@amexgbt.com,member,yes_member,17004601404,Pola Trąbińska,yes,My Team,Jessica Scheppard,jessica.scheppard@amexgbt.com
RCXO L1 Roomit Support,CWT RCXO L1 Roomit Support,17000392848,My Team,Colin Herasingh,colin.herasingh@amexgbt.com,member,yes_member,17004605788,Colin Herasingh,yes,My Team,Jessica Scheppard,jessica.scheppard@amexgbt.com
RCXO L1 Roomit Support,CWT RCXO L1 Roomit Support,17000392848,My Team,Walter Fajardo,walter.fajardo@amexgbt.com,member,yes_member,17004607125,Walter Fajardo,yes,My Team,Jessica Scheppard,jessica.scheppard@amexgbt.com
RCXO L2 Aggregator Invoice,CWT RCXO L2 Aggregator Invoice,17000393336,My Team,Anant Keer,akeer@mycwt.com,agent_not_found,no,,,,,Jessica Scheppard,jessica.scheppard@amexgbt.com
RCXO L2 Aggregator Invoice,CWT RCXO L2 Aggregator Invoice,17000393336,My Team,Paulina Matuszewska,paulina.matuszewska@amexgbt.com,member,yes_member,17004601374,Paulina Matuszewska,yes,My Team,Jessica Scheppard,jessica.scheppard@amexgbt.com
RCXO L2 Aggregator Invoice,CWT RCXO L2 Aggregator Invoice,17000393336,My Team,Janhvi Shukla,jshukla@mycwt.com,agent_not_found,no,,,,,Jessica Scheppard,jessica.scheppard@amexgbt.com
RCXO L2 Aggregator Invoice,CWT RCXO L2 Aggregator Invoice,17000393336,My Team,Julia Tomala,julia.tomala@amexgbt.com,member,yes_member,17004601264,Julia Tomala,yes,My Team,Jessica Scheppard,jessica.scheppard@amexgbt.com
RCXO L2 Aggregator Invoice,CWT RCXO L2 Aggregator Invoice,17000393336,My Team,Walter Fajardo,walter.fajardo@amexgbt.com,member,yes_member,17004607125,Walter Fajardo,yes,My Team,Jessica Scheppard,jessica.scheppard@amexgbt.com
RCXO L2 Aggregator Invoice,CWT RCXO L2 Aggregator Invoice,17000393336,My Team,Karolina Rykala,karolina.rykala@amexgbt.com,member,yes_member,17004601203,Karolina Rykala,yes,My Team,Jessica Scheppard,jessica.scheppard@amexgbt.com
RCXO L2 Aggregator Invoice,CWT RCXO L2 Aggregator Invoice,17000393336,My Team,Jessica Scheppard,jessica.scheppard@amexgbt.com,member,yes_member,17004603262,Jessica Scheppard,yes,My Team,Jessica Scheppard,jessica.scheppard@amexgbt.com
RCXO L2 Aggregator Invoice,CWT RCXO L2 Aggregator Invoice,17000393336,My Team,Vineet Kant Sinha,vineetkant.sinha@amexgbt.com,member,yes_member,17004604234,Vineet Kant Sinha,yes,My Team,Jessica Scheppard,jessica.scheppard@amexgbt.com
RCXO L2 Aggregator Invoice,CWT RCXO L2 Aggregator Invoice,17000393336,My Team,Pola Trąbińska,pola.trabinska@amexgbt.com,member,yes_member,17004601404,Pola Trąbińska,yes,My Team,Jessica Scheppard,jessica.scheppard@amexgbt.com
RCXO L2 Aggregator Invoice,CWT RCXO L2 Aggregator Invoice,17000393336,My Team,Ruby Fernandes,rfernandes2@mycwt.com,agent_not_found,no,,,,,Jessica Scheppard,jessica.scheppard@amexgbt.com
RCXO L2 Aggregator Invoice,CWT RCXO L2 Aggregator Invoice,17000393336,My Team,Moya Hume,moya.hume@amexgbt.com,member,yes_member,17004605885,Moya Hume,yes,My Team,Jessica Scheppard,jessica.scheppard@amexgbt.com
RCXO L2 Aggregator Invoice,CWT RCXO L2 Aggregator Invoice,17000393336,My Team,Anna Belcar,anna.belcar@amexgbt.com,member,yes_member,17004601438,Anna Belcar,yes,My Team,Jessica Scheppard,jessica.scheppard@amexgbt.com
RCXO L2 Aggregator Invoice,CWT RCXO L2 Aggregator Invoice,17000393336,My Team,Victor Chacon,victor.chacon@amexgbt.com,member,yes_member,17004607161,Victor Chacon,yes,My Team,Jessica Scheppard,jessica.scheppard@amexgbt.com
RCXO L2 Aggregator Invoice,CWT RCXO L2 Aggregator Invoice,17000393336,My Team,Rohit Bansode,rbansode@mycwt.com,agent_not_found,no,,,,,Jessica Scheppard,jessica.scheppard@amexgbt.com
RCXO L2 Aggregator Invoice,CWT RCXO L2 Aggregator Invoice,17000393336,My Team,Stella Bralska,stella.bralska@amexgbt.com,member,yes_member,17004601151,Stella Bralska,yes,My Team,Jessica Scheppard,jessica.scheppard@amexgbt.com
RCXO L2 RoomIt Content,CWT RCXO L2 RoomIt Content,17000392849,My Team,Colin Herasingh,colin.herasingh@amexgbt.com,member,yes_member,17004605788,Colin Herasingh,yes,My Team,Moya Hume,moya.hume@amexgbt.com
RCXO L2 RoomIt Content,CWT RCXO L2 RoomIt Content,17000392849,My Team,Jyoti Jaiswar,jjaiswar@mycwt.com,agent_not_found,no,,,,,Moya Hume,moya.hume@amexgbt.com
RCXO L2 RoomIt Content,CWT RCXO L2 RoomIt Content,17000392849,My Team,Ashna Deshpande,adeshpande2@mycwt.com,agent_not_found,no,,,,,Moya Hume,moya.hume@amexgbt.com
RCXO L2 RoomIt Content,CWT RCXO L2 RoomIt Content,17000392849,My Team,Karolina Rykala,karolina.rykala@amexgbt.com,member,yes_member,17004601203,Karolina Rykala,yes,My Team,Moya Hume,moya.hume@amexgbt.com
RCXO L2 RoomIt Content,CWT RCXO L2 RoomIt Content,17000392849,My Team,Moya Hume,moya.hume@amexgbt.com,member,yes_member,17004605885,Moya Hume,yes,My Team,Moya Hume,moya.hume@amexgbt.com
RCXO L2 RoomIt Content,CWT RCXO L2 RoomIt Content,17000392849,My Team,Nisha Barge,nbarge@mycwt.com,agent_not_found,no,,,,,Moya Hume,moya.hume@amexgbt.com
RCXO L2 RoomIt Content,CWT RCXO L2 RoomIt Content,17000392849,My Team,Vineet Kant Sinha,vineetkant.sinha@amexgbt.com,member,yes_member,17004604234,Vineet Kant Sinha,yes,My Team,Moya Hume,moya.hume@amexgbt.com
RCXO L2 RoomIt Content,CWT RCXO L2 RoomIt Content,17000392849,My Team,Walter Fajardo,walter.fajardo@amexgbt.com,member,yes_member,17004607125,Walter Fajardo,yes,My Team,Moya Hume,moya.hume@amexgbt.com
RCXO L2 RoomIt Content,CWT RCXO L2 RoomIt Content,17000392849,My Team,Ruby Fernandes,rfernandes2@mycwt.com,agent_not_found,no,,,,,Moya Hume,moya.hume@amexgbt.com
RCXO L2 RoomIt Content,CWT RCXO L2 RoomIt Content,17000392849,My Team,Paulina Matuszewska,paulina.matuszewska@amexgbt.com,member,yes_member,17004601374,Paulina Matuszewska,yes,My Team,Moya Hume,moya.hume@amexgbt.com
RCXO L2 RoomIt Content,CWT RCXO L2 RoomIt Content,17000392849,My Team,Janhvi Shukla,jshukla@mycwt.com,agent_not_found,no,,,,,Moya Hume,moya.hume@amexgbt.com
RCXO L2 RoomIt Content,CWT RCXO L2 RoomIt Content,17000392849,My Team,Pola Trąbińska,pola.trabinska@amexgbt.com,member,yes_member,17004601404,Pola Trąbińska,yes,My Team,Moya Hume,moya.hume@amexgbt.com
RCXO L2 RoomIt Content,CWT RCXO L2 RoomIt Content,17000392849,My Team,Valerian Saldanha,vsaldanha@mycwt.com,agent_not_found,no,,,,,Moya Hume,moya.hume@amexgbt.com
RCXO L2 RoomIt Content,CWT RCXO L2 RoomIt Content,17000392849,My Team,Ajay Gupta,agupta3@mycwt.com,agent_not_found,no,,,,,Moya Hume,moya.hume@amexgbt.com
RCXO L2 RoomIt Content,CWT RCXO L2 RoomIt Content,17000392849,My Team,Aamir Khan,akhan@mycwt.com,agent_not_found,no,,,,,Moya Hume,moya.hume@amexgbt.com
RCXO L2 RoomIt Content,CWT RCXO L2 RoomIt Content,17000392849,My Team,Anna Belcar,anna.belcar@amexgbt.com,member,yes_member,17004601438,Anna Belcar,yes,My Team,Moya Hume,moya.hume@amexgbt.com
RCXO L2 RoomIt Content,CWT RCXO L2 RoomIt Content,17000392849,My Team,Disha Kanse,dkanse@mycwt.com,agent_not_found,no,,,,,Moya Hume,moya.hume@amexgbt.com
RCXO L2 RoomIt Content,CWT RCXO L2 RoomIt Content,17000392849,My Team,Rohit Bansode,rbansode@mycwt.com,agent_not_found,no,,,,,Moya Hume,moya.hume@amexgbt.com
RCXO L2 RoomIt Content,CWT RCXO L2 RoomIt Content,17000392849,My Team,Priyanka Mane,pmane@mycwt.com,agent_not_found,no,,,,,Moya Hume,moya.hume@amexgbt.com
RCXO L2 RoomIt Content,CWT RCXO L2 RoomIt Content,17000392849,My Team,Anant Keer,akeer@mycwt.com,agent_not_found,no,,,,,Moya Hume,moya.hume@amexgbt.com
RCXO L2 RoomIt Content,CWT RCXO L2 RoomIt Content,17000392849,My Team,Rohit Shetty,rshetty@mycwt.com,agent_not_found,no,,,,,Moya Hume,moya.hume@amexgbt.com
RCXO L2 RoomIt Content,CWT RCXO L2 RoomIt Content,17000392849,My Team,Anusha Acharya,aacharya@mycwt.com,agent_not_found,no,,,,,Moya Hume,moya.hume@amexgbt.com
RCXO L2 RoomIt Content,CWT RCXO L2 RoomIt Content,17000392849,My Team,Sandhya Pawar,spawar@mycwt.com,agent_not_found,no,,,,,Moya Hume,moya.hume@amexgbt.com
RCXO L2 RoomIt Content,CWT RCXO L2 RoomIt Content,17000392849,My Team,Pornima Hatagunde,phatagunde@mycwt.com,agent_not_found,no,,,,,Moya Hume,moya.hume@amexgbt.com
RCXO L2 RoomIt Content,CWT RCXO L2 RoomIt Content,17000392849,My Team,Julia Tomala,julia.tomala@amexgbt.com,member,yes_member,17004601264,Julia Tomala,yes,My Team,Moya Hume,moya.hume@amexgbt.com
RCXO L2 RoomIt Content,CWT RCXO L2 RoomIt Content,17000392849,My Team,Stella Bralska,stella.bralska@amexgbt.com,member,yes_member,17004601151,Stella Bralska,yes,My Team,Moya Hume,moya.hume@amexgbt.com
RCXO L2 RoomIt Content,CWT RCXO L2 RoomIt Content,17000392849,My Team,Jessica Scheppard,jessica.scheppard@amexgbt.com,member,yes_member,17004603262,Jessica Scheppard,yes,My Team,Moya Hume,moya.hume@amexgbt.com
RCXO L2 RoomIt Content,CWT RCXO L2 RoomIt Content,17000392849,My Team,Javed Shaikh,jshaikh@mycwt.com,agent_not_found,no,,,,,Moya Hume,moya.hume@amexgbt.com
RCXO L2 RoomIt Content,CWT RCXO L2 RoomIt Content,17000392849,My Team,Liny Shravankar,lshravankar@mycwt.com,agent_not_found,no,,,,,Moya Hume,moya.hume@amexgbt.com
RCXO L2 RoomIt Postbooking Support,CWT RCXO L2 RoomIt Postbooking Support,17000392850,My Team,Victor Chacon,victor.chacon@amexgbt.com,member,yes_member,17004607161,Victor Chacon,yes,My Team,Jessica Scheppard,jessica.scheppard@amexgbt.com
RCXO L2 RoomIt Postbooking Support,CWT RCXO L2 RoomIt Postbooking Support,17000392850,My Team,Karolina Rykala,karolina.rykala@amexgbt.com,member,yes_member,17004601203,Karolina Rykala,yes,My Team,Jessica Scheppard,jessica.scheppard@amexgbt.com
RCXO L2 RoomIt Postbooking Support,CWT RCXO L2 RoomIt Postbooking Support,17000392850,My Team,Moya Hume,moya.hume@amexgbt.com,member,yes_member,17004605885,Moya Hume,yes,My Team,Jessica Scheppard,jessica.scheppard@amexgbt.com
RCXO L2 RoomIt Postbooking Support,CWT RCXO L2 RoomIt Postbooking Support,17000392850,My Team,Paulina Matuszewska,paulina.matuszewska@amexgbt.com,member,yes_member,17004601374,Paulina Matuszewska,yes,My Team,Jessica Scheppard,jessica.scheppard@amexgbt.com
RCXO L2 RoomIt Postbooking Support,CWT RCXO L2 RoomIt Postbooking Support,17000392850,My Team,Vineet Kant Sinha,vineetkant.sinha@amexgbt.com,member,yes_member,17004604234,Vineet Kant Sinha,yes,My Team,Jessica Scheppard,jessica.scheppard@amexgbt.com
RCXO L2 RoomIt Postbooking Support,CWT RCXO L2 RoomIt Postbooking Support,17000392850,My Team,Julia Tomala,julia.tomala@amexgbt.com,member,yes_member,17004601264,Julia Tomala,yes,My Team,Jessica Scheppard,jessica.scheppard@amexgbt.com
RCXO L2 RoomIt Postbooking Support,CWT RCXO L2 RoomIt Postbooking Support,17000392850,My Team,Pola Trąbińska,pola.trabinska@amexgbt.com,member,yes_member,17004601404,Pola Trąbińska,yes,My Team,Jessica Scheppard,jessica.scheppard@amexgbt.com
RCXO L2 RoomIt Postbooking Support,CWT RCXO L2 RoomIt Postbooking Support,17000392850,My Team,Jessica Scheppard,jessica.scheppard@amexgbt.com,member,yes_member,17004603262,Jessica Scheppard,yes,My Team,Jessica Scheppard,jessica.scheppard@amexgbt.com
RCXO L2 RoomIt Postbooking Support,CWT RCXO L2 RoomIt Postbooking Support,17000392850,My Team,Anna Belcar,anna.belcar@amexgbt.com,member,yes_member,17004601438,Anna Belcar,yes,My Team,Jessica Scheppard,jessica.scheppard@amexgbt.com
RCXO L2 RoomIt Postbooking Support,CWT RCXO L2 RoomIt Postbooking Support,17000392850,My Team,Stella Bralska,stella.bralska@amexgbt.com,member,yes_member,17004601151,Stella Bralska,yes,My Team,Jessica Scheppard,jessica.scheppard@amexgbt.com
RCXO L2 RoomIt Postbooking Support,CWT RCXO L2 RoomIt Postbooking Support,17000392850,My Team,Piero Vandini,piero.vandini@amexgbt.com,member,yes_member,17004605871,Piero Vandini,yes,My Team,Jessica Scheppard,jessica.scheppard@amexgbt.com
RCXO L2 RoomIt Postbooking Support,CWT RCXO L2 RoomIt Postbooking Support,17000392850,My Team,Colin Herasingh,colin.herasingh@amexgbt.com,member,yes_member,17004605788,Colin Herasingh,yes,My Team,Jessica Scheppard,jessica.scheppard@amexgbt.com
RCXO L2 RoomIt Postbooking Support,CWT RCXO L2 RoomIt Postbooking Support,17000392850,My Team,Walter Fajardo,walter.fajardo@amexgbt.com,member,yes_member,17004607125,Walter Fajardo,yes,My Team,Jessica Scheppard,jessica.scheppard@amexgbt.com
RCXO L2 Roomit Prebooking Support,CWT RCXO L2 Roomit Prebooking Support,17000392851,My Team,Jessica Scheppard,jessica.scheppard@amexgbt.com,member,yes_member,17004603262,Jessica Scheppard,yes,My Team,Jessica Scheppard,jessica.scheppard@amexgbt.com
RCXO L2 Roomit Prebooking Support,CWT RCXO L2 Roomit Prebooking Support,17000392851,My Team,Julia Tomala,julia.tomala@amexgbt.com,member,yes_member,17004601264,Julia Tomala,yes,My Team,Jessica Scheppard,jessica.scheppard@amexgbt.com
RCXO L2 Roomit Prebooking Support,CWT RCXO L2 Roomit Prebooking Support,17000392851,My Team,Paulina Matuszewska,paulina.matuszewska@amexgbt.com,member,yes_member,17004601374,Paulina Matuszewska,yes,My Team,Jessica Scheppard,jessica.scheppard@amexgbt.com
RCXO L2 Roomit Prebooking Support,CWT RCXO L2 Roomit Prebooking Support,17000392851,My Team,Pola Trąbińska,pola.trabinska@amexgbt.com,member,yes_member,17004601404,Pola Trąbińska,yes,My Team,Jessica Scheppard,jessica.scheppard@amexgbt.com
RCXO L2 Roomit Prebooking Support,CWT RCXO L2 Roomit Prebooking Support,17000392851,My Team,Colin Herasingh,colin.herasingh@amexgbt.com,member,yes_member,17004605788,Colin Herasingh,yes,My Team,Jessica Scheppard,jessica.scheppard@amexgbt.com
RCXO L2 Roomit Prebooking Support,CWT RCXO L2 Roomit Prebooking Support,17000392851,My Team,Karolina Rykala,karolina.rykala@amexgbt.com,member,yes_member,17004601203,Karolina Rykala,yes,My Team,Jessica Scheppard,jessica.scheppard@amexgbt.com
RCXO L2 Roomit Prebooking Support,CWT RCXO L2 Roomit Prebooking Support,17000392851,My Team,Walter Fajardo,walter.fajardo@amexgbt.com,member,yes_member,17004607125,Walter Fajardo,yes,My Team,Jessica Scheppard,jessica.scheppard@amexgbt.com
RCXO L2 Roomit Prebooking Support,CWT RCXO L2 Roomit Prebooking Support,17000392851,My Team,Moya Hume,moya.hume@amexgbt.com,member,yes_member,17004605885,Moya Hume,yes,My Team,Jessica Scheppard,jessica.scheppard@amexgbt.com
RCXO L2 Roomit Prebooking Support,CWT RCXO L2 Roomit Prebooking Support,17000392851,My Team,Vineet Kant Sinha,vineetkant.sinha@amexgbt.com,member,yes_member,17004604234,Vineet Kant Sinha,yes,My Team,Jessica Scheppard,jessica.scheppard@amexgbt.com
RCXO L2 Roomit Prebooking Support,CWT RCXO L2 Roomit Prebooking Support,17000392851,My Team,Anna Belcar,anna.belcar@amexgbt.com,member,yes_member,17004601438,Anna Belcar,yes,My Team,Jessica Scheppard,jessica.scheppard@amexgbt.com
RCXO L2 Roomit Prebooking Support,CWT RCXO L2 Roomit Prebooking Support,17000392851,My Team,Victor Chacon,victor.chacon@amexgbt.com,member,yes_member,17004607161,Victor Chacon,yes,My Team,Jessica Scheppard,jessica.scheppard@amexgbt.com
RCXO L2 Roomit Prebooking Support,CWT RCXO L2 Roomit Prebooking Support,17000392851,My Team,Stella Bralska,stella.bralska@amexgbt.com,member,yes_member,17004601151,Stella Bralska,yes,My Team,Jessica Scheppard,jessica.scheppard@amexgbt.com
RCXO L3 RoomIt Experience,CWT RCXO L3 RoomIt Experience,17000392943,My Team,Colin Herasingh,colin.herasingh@amexgbt.com,member,yes_member,17004605788,Colin Herasingh,yes,My Team,Jessica Scheppard,jessica.scheppard@amexgbt.com
RCXO L3 RoomIt Experience,CWT RCXO L3 RoomIt Experience,17000392943,My Team,Anna Belcar,anna.belcar@amexgbt.com,member,yes_member,17004601438,Anna Belcar,yes,My Team,Jessica Scheppard,jessica.scheppard@amexgbt.com
RCXO L3 RoomIt Experience,CWT RCXO L3 RoomIt Experience,17000392943,My Team,Yuliia Arsentieva,yuliia.arsentieva@amexgbt.com,member,yes_member,17004601367,Yuliia Arsentieva,yes,My Team,Jessica Scheppard,jessica.scheppard@amexgbt.com
RCXO L3 RoomIt Experience,CWT RCXO L3 RoomIt Experience,17000392943,My Team,Mark Thomas,mark.thomas@amexgbt.com,member,yes_member,17004605780,Mark Thomas,yes,My Team,Jessica Scheppard,jessica.scheppard@amexgbt.com
RCXO L3 RoomIt Experience,CWT RCXO L3 RoomIt Experience,17000392943,My Team,Paulina Matuszewska,paulina.matuszewska@amexgbt.com,member,yes_member,17004601374,Paulina Matuszewska,yes,My Team,Jessica Scheppard,jessica.scheppard@amexgbt.com
RCXO L3 RoomIt Experience,CWT RCXO L3 RoomIt Experience,17000392943,My Team,Stella Bralska,stella.bralska@amexgbt.com,member,yes_member,17004601151,Stella Bralska,yes,My Team,Jessica Scheppard,jessica.scheppard@amexgbt.com
RCXO L3 RoomIt Experience,CWT RCXO L3 RoomIt Experience,17000392943,My Team,Moya Hume,moya.hume@amexgbt.com,member,yes_member,17004605885,Moya Hume,yes,My Team,Jessica Scheppard,jessica.scheppard@amexgbt.com
RCXO L3 RoomIt Experience,CWT RCXO L3 RoomIt Experience,17000392943,My Team,Pola Trąbińska,pola.trabinska@amexgbt.com,member,yes_member,17004601404,Pola Trąbińska,yes,My Team,Jessica Scheppard,jessica.scheppard@amexgbt.com
RCXO L3 RoomIt Experience,CWT RCXO L3 RoomIt Experience,17000392943,My Team,Walter Fajardo,walter.fajardo@amexgbt.com,member,yes_member,17004607125,Walter Fajardo,yes,My Team,Jessica Scheppard,jessica.scheppard@amexgbt.com
RCXO L3 RoomIt Experience,CWT RCXO L3 RoomIt Experience,17000392943,My Team,Victor Chacon,victor.chacon@amexgbt.com,member,yes_member,17004607161,Victor Chacon,yes,My Team,Jessica Scheppard,jessica.scheppard@amexgbt.com
RCXO L3 RoomIt Experience,CWT RCXO L3 RoomIt Experience,17000392943,My Team,Jessica Scheppard,jessica.scheppard@amexgbt.com,member,yes_member,17004603262,Jessica Scheppard,yes,My Team,Jessica Scheppard,jessica.scheppard@amexgbt.com
RCXO L3 RoomIt Experience,CWT RCXO L3 RoomIt Experience,17000392943,My Team,Edyta Lis,edyta.lis@amexgbt.com,member,yes_member,17004601373,Edyta Lis,yes,My Team,Jessica Scheppard,jessica.scheppard@amexgbt.com
RCXO L3 RoomIt Experience,CWT RCXO L3 RoomIt Experience,17000392943,My Team,Julia Tomala,julia.tomala@amexgbt.com,member,yes_member,17004601264,Julia Tomala,yes,My Team,Jessica Scheppard,jessica.scheppard@amexgbt.com
RCXO L3 RoomIt Experience,CWT RCXO L3 RoomIt Experience,17000392943,My Team,Karolina Rykala,karolina.rykala@amexgbt.com,member,yes_member,17004601203,Karolina Rykala,yes,My Team,Jessica Scheppard,jessica.scheppard@amexgbt.com
RCXO L3 RoomIt Experience,CWT RCXO L3 RoomIt Experience,17000392943,My Team,Vineet Kant Sinha,vineetkant.sinha@amexgbt.com,member,yes_member,17004604234,Vineet Kant Sinha,yes,My Team,Jessica Scheppard,jessica.scheppard@amexgbt.com
Red Apps CWT,CWT Red Apps CWT,17000393236,My Team,Sandra Hein,sandra.hein@amexgbt.com,member,yes_member,17004602931,Sandra Hein,yes,My Team,Leandro Sarmento,leandro.sarmento@amexgbt.com
Red Apps CWT,CWT Red Apps CWT,17000393236,My Team,William Turpen,william.turpen@amexgbt.com,member,yes_member,17004603198,William Turpen,yes,My Team,Leandro Sarmento,leandro.sarmento@amexgbt.com
Red Apps CWT,CWT Red Apps CWT,17000393236,My Team,Ramona Cadenhead,ramona.cadenhead@amexgbt.com,member,yes_member,17004603544,Ramona Cadenhead,yes,My Team,Leandro Sarmento,leandro.sarmento@amexgbt.com
Red Apps CWT,CWT Red Apps CWT,17000393236,My Team,Marie-Louise Van Vlemen,marie-louise.vanvlemen@amexgbt.com,member,yes_member,17004606153,Marie-Louise Van Vlemen,yes,My Team,Leandro Sarmento,leandro.sarmento@amexgbt.com
Red Apps CWT,CWT Red Apps CWT,17000393236,My Team,Leandro Sarmento,leandro.sarmento@amexgbt.com,member,yes_member,17004602240,Leandro Sarmento,yes,My Team,Leandro Sarmento,leandro.sarmento@amexgbt.com
Red Apps CWT,CWT Red Apps CWT,17000393236,My Team,Lukasz Sempowicz,lukasz.sempowicz@amexgbt.com,member,yes_member,17004601171,Lukasz Sempowicz,yes,My Team,Leandro Sarmento,leandro.sarmento@amexgbt.com
Red Apps CWT,CWT Red Apps CWT,17000393236,My Team,Heather Mcfadden,heather.mcfadden@amexgbt.com,member,yes_member,17004634765,Heather Mcfadden,yes,My Team,Leandro Sarmento,leandro.sarmento@amexgbt.com
Red Apps CWT,CWT Red Apps CWT,17000393236,My Team,Kimberly Durbin,kimberly.durbin@amexgbt.com,member,yes_member,17004606952,Kimberly Durbin,yes,My Team,Leandro Sarmento,leandro.sarmento@amexgbt.com
Report Access Request Approvers,CWT Report Access Request Approvers,17000392944,My Team,Michael Galvin,michael.galvin@amexgbt.com,member,yes_member,17004603481,Michael Galvin,yes,My Team,System Administrator,CWTToolsProcessandReporting@carlsonwagonlit.com
Report Access Request Approvers,CWT Report Access Request Approvers,17000392944,My Team,Dale Stromback,dale.stromback@amexgbt.com,member,yes_member,17004603253,Dale Stromback,yes,My Team,System Administrator,CWTToolsProcessandReporting@carlsonwagonlit.com
Resolve / GCC Business Admin,CWT Resolve / GCC Business Admin,17000393337,My Team,Almudena Albertos Melero,almudena.albertosmelero@amexgbt.com,agent_not_found,no,,,,,Melanie Low,melanie.low@amexgbt.com
Resolve / GCC Business Admin,CWT Resolve / GCC Business Admin,17000393337,My Team,Melanie Low,melanie.low@amexgbt.com,member,yes_member,17004607091,Melanie Low,yes,My Team,Melanie Low,melanie.low@amexgbt.com
Resolve / GCC Business Admin,CWT Resolve / GCC Business Admin,17000393337,My Team,Marea Clement,marea.clement@amexgbt.com,member,yes_member,17004602899,Marea Clement,yes,My Team,Melanie Low,melanie.low@amexgbt.com
Resolve Agile Group,CWT Resolve Agile Group,17000392945,My Team,Michael Galvin,michael.galvin@amexgbt.com,member,yes_member,17004603481,Michael Galvin,yes,My Team,Dale Stromback,dale.stromback@amexgbt.com
Resolve Agile Group,CWT Resolve Agile Group,17000392945,My Team,Dale Stromback,dale.stromback@amexgbt.com,member,yes_member,17004603253,Dale Stromback,yes,My Team,Dale Stromback,dale.stromback@amexgbt.com
Resolve Dev,CWT Resolve Dev,17000392946,My Team,Jeffrey Canlas,jeffrey.canlas@amexgbt.com,member,yes_member,17004608326,Jeffrey Canlas,yes,My Team,Haroun Al-Rashid Amerel,harounal-rashid.amerel@amexgbt.com
RESOLVE Quicklog Submitter,CWT RESOLVE Quicklog Submitter,17000392947,My Team,Prakash Rawat,prakash.rawat@amexgbt.com,member,yes_member,17004604827,Prakash Rawat,yes,My Team,Melanie Low,melanie.low@amexgbt.com
RESOLVE Quicklog Submitter,CWT RESOLVE Quicklog Submitter,17000392947,My Team,Justyna Kawecka-Obrzut,justyna.kawecka-obrzut@amexgbt.com,member,yes_member,17004601169,Justyna Kawecka-Obrzut,yes,My Team,Melanie Low,melanie.low@amexgbt.com
RESOLVE Quicklog Submitter,CWT RESOLVE Quicklog Submitter,17000392947,My Team,Mariana Sarkisian,mariana.sarkisian@amexgbt.com,member,yes_member,17004602737,Mariana Sarkisian,yes,My Team,Melanie Low,melanie.low@amexgbt.com
RESOLVE Quicklog Submitter,CWT RESOLVE Quicklog Submitter,17000392947,My Team,Todd Kunis,todd.kunis@amexgbt.com,member,yes_member,17004603108,Todd Kunis,yes,My Team,Melanie Low,melanie.low@amexgbt.com
RESOLVE Quicklog Submitter,CWT RESOLVE Quicklog Submitter,17000392947,My Team,Laura Micheals,laura.micheals@amexgbt.com,member,yes_member,17004604768,Laura Micheals,yes,My Team,Melanie Low,melanie.low@amexgbt.com
RESOLVE Quicklog Submitter,CWT RESOLVE Quicklog Submitter,17000392947,My Team,Silvia Adinolfi,silvia.adinolfi@amexgbt.com,member,yes_member,17004608028,Silvia Adinolfi,yes,My Team,Melanie Low,melanie.low@amexgbt.com
RESOLVE Quicklog Submitter,CWT RESOLVE Quicklog Submitter,17000392947,My Team,Charlene Magnant,charlene.magnant@amexgbt.com,member,yes_member,17004605244,Charlene Magnant,yes,My Team,Melanie Low,melanie.low@amexgbt.com
RESOLVE Quicklog Submitter,CWT RESOLVE Quicklog Submitter,17000392947,My Team,Mary Grace Diocado,marygrace.diocado@amexgbt.com,member,yes_member,17004608355,Mary Grace Diocado,yes,My Team,Melanie Low,melanie.low@amexgbt.com
RESOLVE Quicklog Submitter,CWT RESOLVE Quicklog Submitter,17000392947,My Team,Tara Bork,tara.bork@amexgbt.com,member,yes_member,17004603133,Tara Bork,yes,My Team,Melanie Low,melanie.low@amexgbt.com
RESOLVE Quicklog Submitter,CWT RESOLVE Quicklog Submitter,17000392947,My Team,Anurag Bata,anurag.bata@amexgbt.com,member,yes_member,17004604703,Anurag Bata,yes,My Team,Melanie Low,melanie.low@amexgbt.com
RESOLVE Quicklog Submitter,CWT RESOLVE Quicklog Submitter,17000392947,My Team,Oscar Reyes,oscar.reyes@amexgbt.com,member,yes_member,17004607147,Oscar Reyes,yes,My Team,Melanie Low,melanie.low@amexgbt.com
RESOLVE Quicklog Submitter,CWT RESOLVE Quicklog Submitter,17000392947,My Team,Nisanth Unnikrishnan,nisanth.unnikrishnan@amexgbt.com,member,yes_member,17004605241,Nisanth Unnikrishnan,yes,My Team,Melanie Low,melanie.low@amexgbt.com
RESOLVE Quicklog Submitter,CWT RESOLVE Quicklog Submitter,17000392947,My Team,Diana Abete,diana.abete@amexgbt.com,member,yes_member,17004603563,Diana Abete,yes,My Team,Melanie Low,melanie.low@amexgbt.com
RESOLVE Quicklog Submitter,CWT RESOLVE Quicklog Submitter,17000392947,My Team,Luv Shrivastava,luv.shrivastava@amexgbt.com,member,yes_member,17004603983,Luv Shrivastava,yes,My Team,Melanie Low,melanie.low@amexgbt.com
RESOLVE Quicklog Submitter,CWT RESOLVE Quicklog Submitter,17000392947,My Team,Meghan Hoffman,meghan.hoffman@amexgbt.com,member,yes_member,17004604941,Meghan Hoffman,yes,My Team,Melanie Low,melanie.low@amexgbt.com
RESOLVE Quicklog Submitter,CWT RESOLVE Quicklog Submitter,17000392947,My Team,Joan Mata,joan.mata@amexgbt.com,member,yes_member,17004608448,Joan Mata,yes,My Team,Melanie Low,melanie.low@amexgbt.com
RESOLVE Quicklog Submitter,CWT RESOLVE Quicklog Submitter,17000392947,My Team,Victoria Smith,victoria.smith@amexgbt.com,member,yes_member,17004634835,Victoria Smith,yes,My Team,Melanie Low,melanie.low@amexgbt.com
RESOLVE Quicklog Submitter,CWT RESOLVE Quicklog Submitter,17000392947,My Team,Bhavya Sharma,bhavya.sharma@amexgbt.com,member,yes_member,17004604475,Bhavya Sharma,yes,My Team,Melanie Low,melanie.low@amexgbt.com
RESOLVE Quicklog Submitter,CWT RESOLVE Quicklog Submitter,17000392947,My Team,Adam Brown,adam.brown@amexgbt.com,member,yes_member,17004603306,Adam Brown,yes,My Team,Melanie Low,melanie.low@amexgbt.com
RESOLVE Quicklog Submitter,CWT RESOLVE Quicklog Submitter,17000392947,My Team,Johanna Weckstén,johanna.wecksten@amexgbt.com,member,yes_member,17004601080,Johanna Weckstén,yes,My Team,Melanie Low,melanie.low@amexgbt.com
RESOLVE Quicklog Submitter,CWT RESOLVE Quicklog Submitter,17000392947,My Team,Amy Klemme,amy.klemme@amexgbt.com,member,yes_member,17004603940,Amy Klemme,yes,My Team,Melanie Low,melanie.low@amexgbt.com
RESOLVE Quicklog Submitter,CWT RESOLVE Quicklog Submitter,17000392947,My Team,Salman Shaikh,salman.shaikh@amexgbt.com,member,yes_member,17004604551,Salman Shaikh,yes,My Team,Melanie Low,melanie.low@amexgbt.com
RESOLVE Quicklog Submitter,CWT RESOLVE Quicklog Submitter,17000392947,My Team,Eva Lundberg,eva.lundberg@amexgbt.com,member,yes_member,17004608969,Eva Lundberg,yes,My Team,Melanie Low,melanie.low@amexgbt.com
RESOLVE Quicklog Submitter,CWT RESOLVE Quicklog Submitter,17000392947,My Team,Virender Singh,virender.singh@amexgbt.com,member,yes_member,17004604231,Virender Singh,yes,My Team,Melanie Low,melanie.low@amexgbt.com
RESOLVE Quicklog Submitter,CWT RESOLVE Quicklog Submitter,17000392947,My Team,Maria Amaya-Walker,maria.amaya-walker@amexgbt.com,member,yes_member,17004603275,Maria Amaya-Walker,yes,My Team,Melanie Low,melanie.low@amexgbt.com
RESOLVE Quicklog Submitter,CWT RESOLVE Quicklog Submitter,17000392947,My Team,Cláudio Nunes,claudio.nunes@amexgbt.com,member,yes_member,17004602450,Cláudio Nunes,yes,My Team,Melanie Low,melanie.low@amexgbt.com
RESOLVE Quicklog Submitter,CWT RESOLVE Quicklog Submitter,17000392947,My Team,Loknath Sharma,loknath.sharma@amexgbt.com,member,yes_member,17004604376,Loknath Sharma,yes,My Team,Melanie Low,melanie.low@amexgbt.com
RESOLVE Quicklog Submitter,CWT RESOLVE Quicklog Submitter,17000392947,My Team,Lucia Massa,lucia.massa@amexgbt.com,member,yes_member,17004607963,Lucia Massa,yes,My Team,Melanie Low,melanie.low@amexgbt.com
RESOLVE Quicklog Submitter,CWT RESOLVE Quicklog Submitter,17000392947,My Team,Lynne Fitzgerald,lynne.fitzgerald@amexgbt.com,member,yes_member,17004604752,Lynne Fitzgerald,yes,My Team,Melanie Low,melanie.low@amexgbt.com
RESOLVE Quicklog Submitter,CWT RESOLVE Quicklog Submitter,17000392947,My Team,Colleen Fraser,colleen.fraser@amexgbt.com,member,yes_member,17004605199,Colleen Fraser,yes,My Team,Melanie Low,melanie.low@amexgbt.com
RESOLVE Quicklog Submitter,CWT RESOLVE Quicklog Submitter,17000392947,My Team,Mona Mahmoud,mona.mahmoud@amexgbt.com,member,yes_member,17004606665,Mona Mahmoud,yes,My Team,Melanie Low,melanie.low@amexgbt.com
RESOLVE Quicklog Submitter,CWT RESOLVE Quicklog Submitter,17000392947,My Team,Edna Chua,edna.chua@amexgbt.com,member,yes_member,17004603844,Edna Chua,yes,My Team,Melanie Low,melanie.low@amexgbt.com
RESOLVE Quicklog Submitter,CWT RESOLVE Quicklog Submitter,17000392947,My Team,Lejandre Librea,lejandre.librea@amexgbt.com,member,yes_member,17004608331,Lejandre Librea,yes,My Team,Melanie Low,melanie.low@amexgbt.com
RESOLVE Quicklog Submitter,CWT RESOLVE Quicklog Submitter,17000392947,My Team,Kate Egan,kate.egan@amexgbt.com,member,yes_member,17004606100,Kate Egan,yes,My Team,Melanie Low,melanie.low@amexgbt.com
RESOLVE Quicklog Submitter,CWT RESOLVE Quicklog Submitter,17000392947,My Team,Ana Aneiros,ana.aneiros@amexgbt.com,member,yes_member,17004601829,Ana Aneiros,yes,My Team,Melanie Low,melanie.low@amexgbt.com
RESOLVE Quicklog Submitter,CWT RESOLVE Quicklog Submitter,17000392947,My Team,Reham Abdel Reheem,reham.abdelreheem@amexgbt.com,member,yes_member,17004606589,Reham Abdel Reheem,yes,My Team,Melanie Low,melanie.low@amexgbt.com
RESOLVE Quicklog Submitter,CWT RESOLVE Quicklog Submitter,17000392947,My Team,Urvi Wadhwa,urvi.wadhwa@amexgbt.com,member,yes_member,17004605271,Urvi Wadhwa,yes,My Team,Melanie Low,melanie.low@amexgbt.com
RESOLVE Quicklog Submitter,CWT RESOLVE Quicklog Submitter,17000392947,My Team,Dava Arnold,dava.arnold@amexgbt.com,member,yes_member,17004603696,Dava Arnold,yes,My Team,Melanie Low,melanie.low@amexgbt.com
RESOLVE Quicklog Submitter,CWT RESOLVE Quicklog Submitter,17000392947,My Team,Rishi Chutani,rishi.chutani@amexgbt.com,member,yes_member,17004604895,Rishi Chutani,yes,My Team,Melanie Low,melanie.low@amexgbt.com
RESOLVE Quicklog Submitter,CWT RESOLVE Quicklog Submitter,17000392947,My Team,Darell Davis,darell.davis@amexgbt.com,member,yes_member,17004608414,Darell Davis,yes,My Team,Melanie Low,melanie.low@amexgbt.com
RESOLVE Quicklog Submitter,CWT RESOLVE Quicklog Submitter,17000392947,My Team,Seana March,seana.march@amexgbt.com,member,yes_member,17004603103,Seana March,yes,My Team,Melanie Low,melanie.low@amexgbt.com
RESOLVE Quicklog Submitter,CWT RESOLVE Quicklog Submitter,17000392947,My Team,Paula Perras,paula.perras@amexgbt.com,member,yes_member,17004605225,Paula Perras,yes,My Team,Melanie Low,melanie.low@amexgbt.com
RESOLVE Quicklog Submitter,CWT RESOLVE Quicklog Submitter,17000392947,My Team,Diana Taylor,diana.taylor@amexgbt.com,member,yes_member,17004603035,Diana Taylor,yes,My Team,Melanie Low,melanie.low@amexgbt.com
RESOLVE Quicklog Submitter,CWT RESOLVE Quicklog Submitter,17000392947,My Team,Andrea Mae Gianan,andreamae.gianan@amexgbt.com,member,yes_member,17004608346,Andrea Mae Gianan,yes,My Team,Melanie Low,melanie.low@amexgbt.com
RESOLVE Quicklog Submitter,CWT RESOLVE Quicklog Submitter,17000392947,My Team,Feby Dave Dacayan,febydave.dacayan@amexgbt.com,member,yes_member,17004608418,Feby Dave Dacayan,yes,My Team,Melanie Low,melanie.low@amexgbt.com
RESOLVE Quicklog Submitter,CWT RESOLVE Quicklog Submitter,17000392947,My Team,Deepanshu Sharma,deepanshu.sharma@amexgbt.com,member,yes_member,17004603816,Deepanshu Sharma,yes,My Team,Melanie Low,melanie.low@amexgbt.com
RESOLVE Quicklog Submitter,CWT RESOLVE Quicklog Submitter,17000392947,My Team,Osmar Salvato,osmar.salvato@amexgbt.com,member,yes_member,17004605214,Osmar Salvato,yes,My Team,Melanie Low,melanie.low@amexgbt.com
RESOLVE Quicklog Submitter,CWT RESOLVE Quicklog Submitter,17000392947,My Team,Almudena Albertos Melero,almudena.albertosmelero@amexgbt.com,agent_not_found,no,,,,,Melanie Low,melanie.low@amexgbt.com
RESOLVE Quicklog Submitter,CWT RESOLVE Quicklog Submitter,17000392947,My Team,Millie Ann Mendoza,millieann.mendoza@amexgbt.com,member,yes_member,17004602771,Millie Ann Mendoza,yes,My Team,Melanie Low,melanie.low@amexgbt.com
RESOLVE Quicklog Submitter,CWT RESOLVE Quicklog Submitter,17000392947,My Team,Catherine Richard,catherine.richard@amexgbt.com,member,yes_member,17004603870,Catherine Richard,yes,My Team,Melanie Low,melanie.low@amexgbt.com
RESOLVE Quicklog Submitter,CWT RESOLVE Quicklog Submitter,17000392947,My Team,Emad Mohamed,emad.mohamed@amexgbt.com,member,yes_member,17004606582,Emad Mohamed,yes,My Team,Melanie Low,melanie.low@amexgbt.com
RESOLVE Quicklog Submitter,CWT RESOLVE Quicklog Submitter,17000392947,My Team,Anil Rautela,anil.rautela@amexgbt.com,member,yes_member,17004604809,Anil Rautela,yes,My Team,Melanie Low,melanie.low@amexgbt.com
RESOLVE Quicklog Submitter,CWT RESOLVE Quicklog Submitter,17000392947,My Team,Yasmin Raafat,yasmin.raafat@amexgbt.com,member,yes_member,17004606592,Yasmin Raafat,yes,My Team,Melanie Low,melanie.low@amexgbt.com
RESOLVE Quicklog Submitter,CWT RESOLVE Quicklog Submitter,17000392947,My Team,Carina Grundstedt,carina.grundstedt@amexgbt.com,member,yes_member,17004608825,Carina Grundstedt,yes,My Team,Melanie Low,melanie.low@amexgbt.com
RESOLVE Quicklog Submitter,CWT RESOLVE Quicklog Submitter,17000392947,My Team,Raman Bhardwaj,raman.bhardwaj@amexgbt.com,member,yes_member,17004604938,Raman Bhardwaj,yes,My Team,Melanie Low,melanie.low@amexgbt.com
RESOLVE Quicklog Submitter,CWT RESOLVE Quicklog Submitter,17000392947,My Team,Simranjeet Singh,simranjeet.singh2@amexgbt.com,member,yes_member,17004604023,Simranjeet Singh,yes,My Team,Melanie Low,melanie.low@amexgbt.com
RESOLVE Quicklog Submitter,CWT RESOLVE Quicklog Submitter,17000392947,My Team,Samantha Lorusso,samantha.lorusso@amexgbt.com,member,yes_member,17004607938,Samantha Lorusso,yes,My Team,Melanie Low,melanie.low@amexgbt.com
RESOLVE Quicklog Submitter,CWT RESOLVE Quicklog Submitter,17000392947,My Team,Dominique Von Gabrielle Ocampo,dominiquevongabrielle.ocampo@amexgbt.com,member,yes_member,17004608855,Dominique Von Gabrielle Ocampo,yes,My Team,Melanie Low,melanie.low@amexgbt.com
RESOLVE Quicklog Submitter,CWT RESOLVE Quicklog Submitter,17000392947,My Team,Sarah Hinrichs,sarah.hinrichs@amexgbt.com,member,yes_member,17004603396,Sarah Hinrichs,yes,My Team,Melanie Low,melanie.low@amexgbt.com
RESOLVE Quicklog Submitter,CWT RESOLVE Quicklog Submitter,17000392947,My Team,Agnieszka Gazda,agnieszka.gazda@amexgbt.com,member,yes_member,17004601223,Agnieszka Gazda,yes,My Team,Melanie Low,melanie.low@amexgbt.com
RESOLVE Quicklog Submitter,CWT RESOLVE Quicklog Submitter,17000392947,My Team,Magdalena Kuzin,magdalena.kuzin@amexgbt.com,member,yes_member,17004601204,Magdalena Kuzin,yes,My Team,Melanie Low,melanie.low@amexgbt.com
RESOLVE Quicklog Submitter,CWT RESOLVE Quicklog Submitter,17000392947,My Team,Alexander Perez,alexander.perez@amexgbt.com,member,yes_member,17004608484,Alexander Perez,yes,My Team,Melanie Low,melanie.low@amexgbt.com
RESOLVE Quicklog Submitter,CWT RESOLVE Quicklog Submitter,17000392947,My Team,Joanna Stepien,joanna.stepien@amexgbt.com,member,yes_member,17004601270,Joanna Stepien,yes,My Team,Melanie Low,melanie.low@amexgbt.com
RESOLVE Quicklog Submitter,CWT RESOLVE Quicklog Submitter,17000392947,My Team,Ma. Cristina Llamas,macristina.llamas@amexgbt.com,member,yes_member,17004608456,Ma. Cristina Llamas,yes,My Team,Melanie Low,melanie.low@amexgbt.com
RESOLVE Quicklog Submitter,CWT RESOLVE Quicklog Submitter,17000392947,My Team,Anna Patricia Lacsamana,annapatricia.lacsamana@amexgbt.com,member,yes_member,17004608851,Anna Patricia Lacsamana,yes,My Team,Melanie Low,melanie.low@amexgbt.com
RESOLVE Quicklog Submitter,CWT RESOLVE Quicklog Submitter,17000392947,My Team,Ma. Jerrica Jervoso,majerrica.jervoso@amexgbt.com,member,yes_member,17004608205,Ma. Jerrica Jervoso,yes,My Team,Melanie Low,melanie.low@amexgbt.com
RESOLVE Quicklog Submitter,CWT RESOLVE Quicklog Submitter,17000392947,My Team,Patricia Ann Catacutan,patriciaann.catacutan@amexgbt.com,member,yes_member,17004608231,Patricia Ann Catacutan,yes,My Team,Melanie Low,melanie.low@amexgbt.com
RESOLVE Quicklog Submitter,CWT RESOLVE Quicklog Submitter,17000392947,My Team,Ismail Mohammed,ismail.mohammed@amexgbt.com,member,yes_member,17002971853,Ismail Mohammed,yes,My Team,Melanie Low,melanie.low@amexgbt.com
RESOLVE Quicklog Submitter,CWT RESOLVE Quicklog Submitter,17000392947,My Team,Alexander Bo Eriksen,alexanderbo.eriksen@amexgbt.com,member,yes_member,17004610919,Alexander Bo Eriksen,yes,My Team,Melanie Low,melanie.low@amexgbt.com
RESOLVE Quicklog Submitter,CWT RESOLVE Quicklog Submitter,17000392947,My Team,Jesper Svendsen,jesper.svendsen@amexgbt.com,agent_not_found,no,,,,,Melanie Low,melanie.low@amexgbt.com
RESOLVE Quicklog Submitter,CWT RESOLVE Quicklog Submitter,17000392947,My Team,Rosamaria Scasserra,rosamaria.scasserra@amexgbt.com,member,yes_member,17004605038,Rosamaria Scasserra,yes,My Team,Melanie Low,melanie.low@amexgbt.com
RESOLVE Quicklog Submitter,CWT RESOLVE Quicklog Submitter,17000392947,My Team,Leslie May Gaban,lesliemay.gaban@amexgbt.com,member,yes_member,17004608226,Leslie May Gaban,yes,My Team,Melanie Low,melanie.low@amexgbt.com
RESOLVE Quicklog Submitter,CWT RESOLVE Quicklog Submitter,17000392947,My Team,Marcin Bien,marcin.bien@amexgbt.com,member,yes_member,17004601299,Marcin Bien,yes,My Team,Melanie Low,melanie.low@amexgbt.com
RESOLVE Quicklog Submitter,CWT RESOLVE Quicklog Submitter,17000392947,My Team,Tuija Tervamaa,tuija.tervamaa@amexgbt.com,member,yes_member,17004606112,Tuija Tervamaa,yes,My Team,Melanie Low,melanie.low@amexgbt.com
RESOLVE Quicklog Submitter,CWT RESOLVE Quicklog Submitter,17000392947,My Team,Grzegorz Grzeskowiak,grzegorz.grzeskowiak@amexgbt.com,member,yes_member,17004601398,Grzegorz Grzeskowiak,yes,My Team,Melanie Low,melanie.low@amexgbt.com
RESOLVE Quicklog Submitter,CWT RESOLVE Quicklog Submitter,17000392947,My Team,Manish Kumar,manish.kumar10@amexgbt.com,member,yes_member,17004604329,Manish Kumar,yes,My Team,Melanie Low,melanie.low@amexgbt.com
RESOLVE Quicklog Submitter,CWT RESOLVE Quicklog Submitter,17000392947,My Team,Nisha Raj,nisha.raj1@amexgbt.com,member,yes_member,17004604948,Nisha Raj,yes,My Team,Melanie Low,melanie.low@amexgbt.com
RESOLVE Quicklog Submitter,CWT RESOLVE Quicklog Submitter,17000392947,My Team,Karin Cannady,karin.cannady@amexgbt.com,member,yes_member,17004608802,Karin Cannady,yes,My Team,Melanie Low,melanie.low@amexgbt.com
RESOLVE Quicklog Submitter,CWT RESOLVE Quicklog Submitter,17000392947,My Team,Marianne Farid,marianne.farid@amexgbt.com,member,yes_member,17004606595,Marianne Farid,yes,My Team,Melanie Low,melanie.low@amexgbt.com
RESOLVE Quicklog Submitter,CWT RESOLVE Quicklog Submitter,17000392947,My Team,Rania Tawfik,rania.tawfik@amexgbt.com,member,yes_member,17004606519,Rania Tawfik,yes,My Team,Melanie Low,melanie.low@amexgbt.com
RESOLVE Quicklog Submitter,CWT RESOLVE Quicklog Submitter,17000392947,My Team,Magdalena Piekarska,magdalena.piekarska@amexgbt.com,member,yes_member,17004601153,Magdalena Piekarska,yes,My Team,Melanie Low,melanie.low@amexgbt.com
RESOLVE Quicklog Submitter,CWT RESOLVE Quicklog Submitter,17000392947,My Team,Helena Vilhunen,helena.vilhunen@amexgbt.com,member,yes_member,17004606108,Helena Vilhunen,yes,My Team,Melanie Low,melanie.low@amexgbt.com
RESOLVE Quicklog Submitter,CWT RESOLVE Quicklog Submitter,17000392947,My Team,Jennifer Starzyk-Valianos,jennifer.starzyk-valianos@amexgbt.com,member,yes_member,17004604045,Jennifer Starzyk-Valianos,yes,My Team,Melanie Low,melanie.low@amexgbt.com
RESOLVE Quicklog Submitter,CWT RESOLVE Quicklog Submitter,17000392947,My Team,Shakeel Mohammed,shakeel.mohammed@amexgbt.com,member,yes_member,17004604736,Shakeel Mohammed,yes,My Team,Melanie Low,melanie.low@amexgbt.com
RESOLVE Quicklog Submitter,CWT RESOLVE Quicklog Submitter,17000392947,My Team,Eilene Grace Neri,eilenegrace.neri@amexgbt.com,member,yes_member,17004608459,Eilene Grace Neri,yes,My Team,Melanie Low,melanie.low@amexgbt.com
RESOLVE Quicklog Submitter,CWT RESOLVE Quicklog Submitter,17000392947,My Team,Mellanie Barrios,mellanie.barrios@amexgbt.com,member,yes_member,17004608474,Mellanie Barrios,yes,My Team,Melanie Low,melanie.low@amexgbt.com
RESOLVE Quicklog Submitter,CWT RESOLVE Quicklog Submitter,17000392947,My Team,Daniela Andreoli,daniela.andreoli@amexgbt.com,member,yes_member,17004607951,Daniela Andreoli,yes,My Team,Melanie Low,melanie.low@amexgbt.com
RESOLVE Quicklog Submitter,CWT RESOLVE Quicklog Submitter,17000392947,My Team,Shivam Mishra,shivam.mishra2@amexgbt.com,member,yes_member,17004604497,Shivam Mishra,yes,My Team,Melanie Low,melanie.low@amexgbt.com
RESOLVE Quicklog Submitter,CWT RESOLVE Quicklog Submitter,17000392947,My Team,Rashmi Kalra,rashmi.kalra@amexgbt.com,member,yes_member,17004605195,Rashmi Kalra,yes,My Team,Melanie Low,melanie.low@amexgbt.com
RESOLVE SUPPORT NORAM,CWT RESOLVE SUPPORT NORAM,17000393338,My Team,Michelle Hamilton,mhamilton@cwtsato.com,agent_not_found,no,,,,,Marea Clement,marea.clement@amexgbt.com
RESOLVE SUPPORT NORAM,CWT RESOLVE SUPPORT NORAM,17000393338,My Team,Theresa Mettes,theresa.mettes@amexgbt.com,member,yes_member,17004603313,Theresa Mettes,yes,My Team,Marea Clement,marea.clement@amexgbt.com
RESOLVE SUPPORT NORAM,CWT RESOLVE SUPPORT NORAM,17000393338,My Team,Jutta Smith,jutta.smith@amexgbt.com,member,yes_member,17004603684,Jutta Smith,yes,My Team,Marea Clement,marea.clement@amexgbt.com
RoomIt Business Operations,CWT RoomIt Business Operations,17000393313,My Team,Kevin Bernard,kevin.bernard@amexgbt.com,member,yes_member,17004603017,Kevin Bernard,yes,My Team,Kevin Bernard,kevin.bernard@amexgbt.com
RoomIt Business Operations,CWT RoomIt Business Operations,17000393313,My Team,Robert Lancaster,robert.lancaster@amexgbt.com,member,yes_member,17004603546,Robert Lancaster,yes,My Team,Kevin Bernard,kevin.bernard@amexgbt.com
RoomIt Business Operations,CWT RoomIt Business Operations,17000393313,My Team,Gloriana Corrales,gloriana.corrales@amexgbt.com,member,yes_member,17004606876,Gloriana Corrales,yes,My Team,Kevin Bernard,kevin.bernard@amexgbt.com
RoomIt Business Operations,CWT RoomIt Business Operations,17000393313,My Team,Milosz Pawlowski,milosz.pawlowski@amexgbt.com,member,yes_member,17004601282,Milosz Pawlowski,yes,My Team,Kevin Bernard,kevin.bernard@amexgbt.com
RoomIT Market Expansion,CWT RoomIT Market Expansion,17000392950,My Team,Frederic Pascassio-Comte,frederic.pascassio-comte@amexgbt.com,member,yes_member,17004608996,Frederic Pascassio-Comte,yes,My Team,Frederic Pascassio-Comte,frederic.pascassio-comte@amexgbt.com
RoomIT Market Expansion,CWT RoomIT Market Expansion,17000392950,My Team,Benjamin Thomas,benjamin.thomas@amexgbt.com,member,yes_member,17004608963,Benjamin Thomas,yes,My Team,Frederic Pascassio-Comte,frederic.pascassio-comte@amexgbt.com
RoomIt Operations,CWT RoomIt Operations,17000393237,My Team,Julia Tomala,julia.tomala@amexgbt.com,member,yes_member,17004601264,Julia Tomala,yes,My Team,Moya Hume,moya.hume@amexgbt.com
RoomIt Operations,CWT RoomIt Operations,17000393237,My Team,Anusha Acharya,aacharya@mycwt.com,agent_not_found,no,,,,,Moya Hume,moya.hume@amexgbt.com
RoomIt Operations,CWT RoomIt Operations,17000393237,My Team,Ajay Gupta,agupta3@mycwt.com,agent_not_found,no,,,,,Moya Hume,moya.hume@amexgbt.com
RoomIt Operations,CWT RoomIt Operations,17000393237,My Team,Victor Chacon,victor.chacon@amexgbt.com,member,yes_member,17004607161,Victor Chacon,yes,My Team,Moya Hume,moya.hume@amexgbt.com
RoomIt Operations,CWT RoomIt Operations,17000393237,My Team,Rohit Bansode,rbansode@mycwt.com,agent_not_found,no,,,,,Moya Hume,moya.hume@amexgbt.com
RoomIt Operations,CWT RoomIt Operations,17000393237,My Team,Priyanka Mane,pmane@mycwt.com,agent_not_found,no,,,,,Moya Hume,moya.hume@amexgbt.com
RoomIt Operations,CWT RoomIt Operations,17000393237,My Team,Edyta Lis,edyta.lis@amexgbt.com,member,yes_member,17004601373,Edyta Lis,yes,My Team,Moya Hume,moya.hume@amexgbt.com
RoomIt Operations,CWT RoomIt Operations,17000393237,My Team,Walter Fajardo,walter.fajardo@amexgbt.com,member,yes_member,17004607125,Walter Fajardo,yes,My Team,Moya Hume,moya.hume@amexgbt.com
RoomIt Operations,CWT RoomIt Operations,17000393237,My Team,Stella Bralska,stella.bralska@amexgbt.com,member,yes_member,17004601151,Stella Bralska,yes,My Team,Moya Hume,moya.hume@amexgbt.com
RoomIt Operations,CWT RoomIt Operations,17000393237,My Team,Valerian Saldanha,vsaldanha@mycwt.com,agent_not_found,no,,,,,Moya Hume,moya.hume@amexgbt.com
RoomIt Operations,CWT RoomIt Operations,17000393237,My Team,Moya Hume,moya.hume@amexgbt.com,member,yes_member,17004605885,Moya Hume,yes,My Team,Moya Hume,moya.hume@amexgbt.com
RoomIt Operations,CWT RoomIt Operations,17000393237,My Team,Sandhya Pawar,spawar@mycwt.com,agent_not_found,no,,,,,Moya Hume,moya.hume@amexgbt.com
RoomIt Operations,CWT RoomIt Operations,17000393237,My Team,Nisha Barge,nbarge@mycwt.com,agent_not_found,no,,,,,Moya Hume,moya.hume@amexgbt.com
RoomIt Operations,CWT RoomIt Operations,17000393237,My Team,Shirish Satdive,ssatdive@mycwt.com,agent_not_found,no,,,,,Moya Hume,moya.hume@amexgbt.com
RoomIt Operations,CWT RoomIt Operations,17000393237,My Team,Liny Shravankar,lshravankar@mycwt.com,agent_not_found,no,,,,,Moya Hume,moya.hume@amexgbt.com
RoomIt Operations,CWT RoomIt Operations,17000393237,My Team,Javed Shaikh,jshaikh@mycwt.com,agent_not_found,no,,,,,Moya Hume,moya.hume@amexgbt.com
RoomIt Operations,CWT RoomIt Operations,17000393237,My Team,Pornima Hatagunde,phatagunde@mycwt.com,agent_not_found,no,,,,,Moya Hume,moya.hume@amexgbt.com
RoomIt Operations,CWT RoomIt Operations,17000393237,My Team,Janhvi Shukla,jshukla@mycwt.com,agent_not_found,no,,,,,Moya Hume,moya.hume@amexgbt.com
RoomIt Operations,CWT RoomIt Operations,17000393237,My Team,Pola Trąbińska,pola.trabinska@amexgbt.com,member,yes_member,17004601404,Pola Trąbińska,yes,My Team,Moya Hume,moya.hume@amexgbt.com
RoomIt Operations,CWT RoomIt Operations,17000393237,My Team,Aamir Khan,akhan@mycwt.com,agent_not_found,no,,,,,Moya Hume,moya.hume@amexgbt.com
RoomIt Operations,CWT RoomIt Operations,17000393237,My Team,Rohit Shetty,rshetty@mycwt.com,agent_not_found,no,,,,,Moya Hume,moya.hume@amexgbt.com
RoomIt Operations,CWT RoomIt Operations,17000393237,My Team,Robert Lancaster,robert.lancaster@amexgbt.com,member,yes_member,17004603546,Robert Lancaster,yes,My Team,Moya Hume,moya.hume@amexgbt.com
RoomIt Operations,CWT RoomIt Operations,17000393237,My Team,Mark Thomas,mark.thomas@amexgbt.com,member,yes_member,17004605780,Mark Thomas,yes,My Team,Moya Hume,moya.hume@amexgbt.com
RoomIt Operations,CWT RoomIt Operations,17000393237,My Team,Jessica Scheppard,jessica.scheppard@amexgbt.com,member,yes_member,17004603262,Jessica Scheppard,yes,My Team,Moya Hume,moya.hume@amexgbt.com
RoomIt Operations,CWT RoomIt Operations,17000393237,My Team,Vineet Kant Sinha,vineetkant.sinha@amexgbt.com,member,yes_member,17004604234,Vineet Kant Sinha,yes,My Team,Moya Hume,moya.hume@amexgbt.com
RoomIt Operations,CWT RoomIt Operations,17000393237,My Team,Anant Keer,akeer@mycwt.com,agent_not_found,no,,,,,Moya Hume,moya.hume@amexgbt.com
RoomIt Operations,CWT RoomIt Operations,17000393237,My Team,Karolina Rykala,karolina.rykala@amexgbt.com,member,yes_member,17004601203,Karolina Rykala,yes,My Team,Moya Hume,moya.hume@amexgbt.com
RoomIt Operations,CWT RoomIt Operations,17000393237,My Team,Jyoti Jaiswar,jjaiswar@mycwt.com,agent_not_found,no,,,,,Moya Hume,moya.hume@amexgbt.com
RoomIt Operations,CWT RoomIt Operations,17000393237,My Team,Ashna Deshpande,adeshpande2@mycwt.com,agent_not_found,no,,,,,Moya Hume,moya.hume@amexgbt.com
RoomIt Operations,CWT RoomIt Operations,17000393237,My Team,Disha Kanse,dkanse@mycwt.com,agent_not_found,no,,,,,Moya Hume,moya.hume@amexgbt.com
RoomIt Operations,CWT RoomIt Operations,17000393237,My Team,Colin Herasingh,colin.herasingh@amexgbt.com,member,yes_member,17004605788,Colin Herasingh,yes,My Team,Moya Hume,moya.hume@amexgbt.com
RoomIt Operations,CWT RoomIt Operations,17000393237,My Team,Ruby Fernandes,rfernandes2@mycwt.com,agent_not_found,no,,,,,Moya Hume,moya.hume@amexgbt.com
RoomIt Setup,CWT RoomIt Setup,17000393314,My Team,Mandeep Sanotra,mandeep.sanotra@amexgbt.com,member,yes_member,17004605552,Mandeep Sanotra,yes,My Team,Mandeep Sanotra,mandeep.sanotra@amexgbt.com
RoomIt Setup,CWT RoomIt Setup,17000393314,My Team,Jacqui Mccarthy,jacqui.mccarthy@amexgbt.com,member,yes_member,17004605806,Jacqui Mccarthy,yes,My Team,Mandeep Sanotra,mandeep.sanotra@amexgbt.com
Sabre Red 360,CWT Sabre Red 360,17000393238,My Team,Sandra Hein,sandra.hein@amexgbt.com,member,yes_member,17004602931,Sandra Hein,yes,My Team,Marie-Louise Van Vlemen,marie-louise.vanvlemen@amexgbt.com
Sabre Red 360,CWT Sabre Red 360,17000393238,My Team,Heather Mcfadden,heather.mcfadden@amexgbt.com,member,yes_member,17004634765,Heather Mcfadden,yes,My Team,Marie-Louise Van Vlemen,marie-louise.vanvlemen@amexgbt.com
Sabre Red 360,CWT Sabre Red 360,17000393238,My Team,William Turpen,william.turpen@amexgbt.com,member,yes_member,17004603198,William Turpen,yes,My Team,Marie-Louise Van Vlemen,marie-louise.vanvlemen@amexgbt.com
Sabre Red 360,CWT Sabre Red 360,17000393238,My Team,Ramona Cadenhead,ramona.cadenhead@amexgbt.com,member,yes_member,17004603544,Ramona Cadenhead,yes,My Team,Marie-Louise Van Vlemen,marie-louise.vanvlemen@amexgbt.com
Sabre Red 360,CWT Sabre Red 360,17000393238,My Team,Kimberly Durbin,kimberly.durbin@amexgbt.com,member,yes_member,17004606952,Kimberly Durbin,yes,My Team,Marie-Louise Van Vlemen,marie-louise.vanvlemen@amexgbt.com
Sabre Red 360,CWT Sabre Red 360,17000393238,My Team,Rosalie Juarez,rosalie.juarez@amexgbt.com,member,yes_member,17004608380,Rosalie Juarez,yes,My Team,Marie-Louise Van Vlemen,marie-louise.vanvlemen@amexgbt.com
Sabre Red 360,CWT Sabre Red 360,17000393238,My Team,Leandro Sarmento,leandro.sarmento@amexgbt.com,member,yes_member,17004602240,Leandro Sarmento,yes,My Team,Marie-Louise Van Vlemen,marie-louise.vanvlemen@amexgbt.com
Sabre Red 360,CWT Sabre Red 360,17000393238,My Team,Lukasz Sempowicz,lukasz.sempowicz@amexgbt.com,member,yes_member,17004601171,Lukasz Sempowicz,yes,My Team,Marie-Louise Van Vlemen,marie-louise.vanvlemen@amexgbt.com
Sabre Red 360,CWT Sabre Red 360,17000393238,My Team,Marie-Louise Van Vlemen,marie-louise.vanvlemen@amexgbt.com,member,yes_member,17004606153,Marie-Louise Van Vlemen,yes,My Team,Marie-Louise Van Vlemen,marie-louise.vanvlemen@amexgbt.com
Sanas L2,CWT Sanas L2,17000393315,My Team,David Castillo,david.castillo2@amexgbt.com,member,yes_member,17005058363,David Castillo,yes,My Team,Steven Henderson,steve.henderson@amexgbt.com
Sanas L2,CWT Sanas L2,17000393315,My Team,Jerard Paul Gavilo,jerardpaul.gavilo@amexgbt.com,member,yes_member,17004608583,Jerard Paul Gavilo,yes,My Team,Steven Henderson,steve.henderson@amexgbt.com
Sanas L2,CWT Sanas L2,17000393315,My Team,Carl Angelo Barrinuevo,carlangelo.barrinuevo@amexgbt.com,member,yes_member,17004608574,Carl Angelo Barrinuevo,yes,My Team,Steven Henderson,steve.henderson@amexgbt.com
Sanas L2,CWT Sanas L2,17000393315,My Team,Radiana Saeva,radiana.saeva@amexgbt.com,member,yes_member,17004606826,Radiana Saeva,yes,My Team,Steven Henderson,steve.henderson@amexgbt.com
Sanas L2,CWT Sanas L2,17000393315,My Team,Clendel Joy Macairap,clendeljoy.macairap@amexgbt.com,member,yes_member,17004608586,Clendel Joy Macairap,yes,My Team,Steven Henderson,steve.henderson@amexgbt.com
ServiceNow Support,CWT ServiceNow Support,17000393239,My Team,Issa Alombah,issa.alombah@amexgbt.com,member,yes_member,17001525835,Issa Alombah,yes,My Team,Dale Stromback,dale.stromback@amexgbt.com
ServiceNow Support,CWT ServiceNow Support,17000393239,My Team,Mohammed Thanish,mohammed.thanish@amexgbt.com,member,yes_member,17002123817,Mohammed Thanish,yes,My Team,Dale Stromback,dale.stromback@amexgbt.com
ServiceNow Support,CWT ServiceNow Support,17000393239,My Team,Needa Fathima,needa.fathima@amexgbt.com,member,yes_member,17001534060,Needa Fathima,yes,My Team,Dale Stromback,dale.stromback@amexgbt.com
ServiceNow Support,CWT ServiceNow Support,17000393239,My Team,Ivan Jimenez,ivan.jimenez1@amexgbt.com,member,yes_member,17001481084,Ivan Jimenez,yes,My Team,Dale Stromback,dale.stromback@amexgbt.com
ServiceNow Support,CWT ServiceNow Support,17000393239,My Team,Akanchha Prapti,akanchha.prapti@amexgbt.com,member,yes_member,17004270311,Akanchha Prapti,yes,My Team,Dale Stromback,dale.stromback@amexgbt.com
ServiceNow Support,CWT ServiceNow Support,17000393239,My Team,Michael Galvin,michael.galvin@amexgbt.com,member,yes_member,17004603481,Michael Galvin,yes,My Team,Dale Stromback,dale.stromback@amexgbt.com
ServiceNow Support,CWT ServiceNow Support,17000393239,My Team,Suraj Shetty,suraj.shetty@amexgbt.com,member,yes_member,17004159070,Suraj Shetty,yes,My Team,Dale Stromback,dale.stromback@amexgbt.com
ServiceNow Support,CWT ServiceNow Support,17000393239,My Team,Sanjukta Dhar,sanjukta.dhar@amexgbt.com,member,yes_member,17004955474,Sanjukta Dhar,yes,My Team,Dale Stromback,dale.stromback@amexgbt.com
ServiceNow Support,CWT ServiceNow Support,17000393239,My Team,Banoth Shailaja,banoth.shailaja@amexgbt.com,member,yes_member,17004432722,Banoth Shailaja,yes,My Team,Dale Stromback,dale.stromback@amexgbt.com
ServiceNow Support,CWT ServiceNow Support,17000393239,My Team,Mahtab Alam,mahtab.alam@amexgbt.com,member,yes_member,17004120747,Mahtab Alam,yes,My Team,Dale Stromback,dale.stromback@amexgbt.com
ServiceNow Support,CWT ServiceNow Support,17000393239,My Team,Dale Stromback,dale.stromback@amexgbt.com,member,yes_member,17004603253,Dale Stromback,yes,My Team,Dale Stromback,dale.stromback@amexgbt.com
ServiceNow Support,CWT ServiceNow Support,17000393239,My Team,Garlus Missier S,garlus.missiers@amexgbt.com,member,yes_member,17003214239,Garlus Missier S,yes,My Team,Dale Stromback,dale.stromback@amexgbt.com
ServiceNow Support,CWT ServiceNow Support,17000393239,My Team,Syed Rehanul Haque,syedrehanul.haque@amexgbt.com,member,yes_member,17002894972,Syed Rehanul Haque,yes,My Team,Dale Stromback,dale.stromback@amexgbt.com
ServiceNow Support,CWT ServiceNow Support,17000393239,My Team,Ankam Siva Krishna,ankam.sivakrishna@amexgbt.com,member,yes_member,17004119104,Ankam Siva Krishna,yes,My Team,Dale Stromback,dale.stromback@amexgbt.com
ServiceNow Support,CWT ServiceNow Support,17000393239,My Team,Anastasia Blundell,anastasia.blundell@amexgbt.com,member,yes_member,17001602400,Anastasia Blundell,yes,My Team,Dale Stromback,dale.stromback@amexgbt.com
ServiceNow Support,CWT ServiceNow Support,17000393239,My Team,Chris Peterson,chris.peterson@amexgbt.com,member,yes_member,17001481015,Chris Peterson,yes,My Team,Dale Stromback,dale.stromback@amexgbt.com
ServiceNow Support,CWT ServiceNow Support,17000393239,My Team,Nilendra Singhal,nilendra.singhal@amexgbt.com,member,yes_member,17004638895,Nilendra Singhal,yes,My Team,Dale Stromback,dale.stromback@amexgbt.com
ServiceNow Support,CWT ServiceNow Support,17000393239,My Team,Arpit Dixit,arpit.dixit@amexgbt.com,member,yes_member,17004853902,Arpit Dixit,yes,My Team,Dale Stromback,dale.stromback@amexgbt.com
ServiceNow Support,CWT ServiceNow Support,17000393239,My Team,Hari Kumar Akula,harikumar.akula@amexgbt.com,member,yes_member,17004473368,Hari Kumar Akula,yes,My Team,Dale Stromback,dale.stromback@amexgbt.com
ServiceNow Support,CWT ServiceNow Support,17000393239,My Team,Snehalatha B,snehalatha.b@amexgbt.com,member,yes_member,17004651858,Snehalatha B,yes,My Team,Dale Stromback,dale.stromback@amexgbt.com
ServiceNow Support,CWT ServiceNow Support,17000393239,My Team,Korrapati Haji Ghouse,korrapati.hajighouse@amexgbt.com,not_in_group,no,17004991058,Korrapati hajighouse,yes,My Team,Dale Stromback,dale.stromback@amexgbt.com
ServiceNow Support,CWT ServiceNow Support,17000393239,My Team,Suman Naik,suman.naik@amexgbt.com,member,yes_member,17004170707,Suman Naik,yes,My Team,Dale Stromback,dale.stromback@amexgbt.com
ServiceNow Support,CWT ServiceNow Support,17000393239,My Team,Snehal Rajput,snehal.rajput@amexgbt.com,member,yes_member,17004946688,Snehal Rajput,yes,My Team,Dale Stromback,dale.stromback@amexgbt.com
ServiceNow Support,CWT ServiceNow Support,17000393239,My Team,Rohini Thombre,rohini.thombre@amexgbt.com,member,yes_member,17003871508,Rohini Thombre,yes,My Team,Dale Stromback,dale.stromback@amexgbt.com
ServiceNow Support,CWT ServiceNow Support,17000393239,My Team,Lorenzo Aguayo,lorenzo.aguayo@amexgbt.com,member,yes_member,17003921983,Lorenzo Aguayo,yes,My Team,Dale Stromback,dale.stromback@amexgbt.com
ServiceNow Support,CWT ServiceNow Support,17000393239,My Team,Vishwa BS,vishwa.bs@amexgbt.com,member,yes_member,17004374355,Vishwa BS,yes,My Team,Dale Stromback,dale.stromback@amexgbt.com
SG Domain Approver,CWT SG Domain Approver,17000392908,My Team,Lee Vandersypen,lee.vandersypen@amexgbt.com,member,yes_member,17004605684,Lee Vandersypen,yes,My Team,Lee Vandersypen,lee.vandersypen@amexgbt.com
SG Domain Approver,CWT SG Domain Approver,17000392908,My Team,Shawn Shafer,shawn.shafer@amexgbt.com,member,yes_member,17004603029,Shawn Shafer,yes,My Team,Lee Vandersypen,lee.vandersypen@amexgbt.com
SHANGHAI SERVICE DESK,CWT SHANGHAI SERVICE DESK,17000392909,My Team,Chad Xin,cxin@mycwt.com,agent_not_found,no,,,,,Frank Ho,frank.ho@amexgbt.com
SHANGHAI SERVICE DESK,CWT SHANGHAI SERVICE DESK,17000392909,My Team,Frank Ho,frank.ho@amexgbt.com,member,yes_member,17004607099,Frank Ho,yes,My Team,Frank Ho,frank.ho@amexgbt.com
SHANGHAI SERVICE DESK,CWT SHANGHAI SERVICE DESK,17000392909,My Team,Fei He,fhe@mycwt.com,agent_not_found,no,,,,,Frank Ho,frank.ho@amexgbt.com
SHELL EMEA PS,,,,Chantal Paul - Kleijnen,chantal.paul-kleijnen@amexgbt.com,group_unmatched,no,,,,,Tore Langenraedt,TLangenraedt@mycwt.com
SHELL NIGERIA,,,,Giuseppe Negherbon,giuseppe.negherbon@amexgbt.com,group_unmatched,no,17004607950,Giuseppe Negherbon,yes,My Team,Giuseppe Negherbon,giuseppe.negherbon@amexgbt.com
SM Process Owner/Manager,CWT SM Process Owner/Manager,17000392910,My Team,Bose Bakare,bose.bakare@amexgbt.com,member,yes_member,17004605548,Bose Bakare,yes,My Team,Hannah Henderson,hannah.henderson@amexgbt.com
SmartData Approver Group,CWT SmartData Approver Group,17000392911,My Team,Leandro Sarmento,leandro.sarmento@amexgbt.com,member,yes_member,17004602240,Leandro Sarmento,yes,My Team,Leandro Sarmento,leandro.sarmento@amexgbt.com
SmartData Product Support,CWT SmartData Product Support,17000393316,My Team,Diego Bernardinelli,diego.bernardinelli@amexgbt.com,member,yes_member,17004602324,Diego Bernardinelli,yes,My Team,Leandro Sarmento,leandro.sarmento@amexgbt.com
SmartData Product Support,CWT SmartData Product Support,17000393316,My Team,Diego Sierra,diego.sierra@amexgbt.com,member,yes_member,17004606438,Diego Sierra,yes,My Team,Leandro Sarmento,leandro.sarmento@amexgbt.com
SmartData Product Support,CWT SmartData Product Support,17000393316,My Team,Leandro Sarmento,leandro.sarmento@amexgbt.com,member,yes_member,17004602240,Leandro Sarmento,yes,My Team,Leandro Sarmento,leandro.sarmento@amexgbt.com
SmartRobotics Product Support,CWT SmartRobotics Product Support,17000393317,My Team,Diego Bernardinelli,diego.bernardinelli@amexgbt.com,member,yes_member,17004602324,Diego Bernardinelli,yes,My Team,Leandro Sarmento,leandro.sarmento@amexgbt.com
SmartRobotics Product Support,CWT SmartRobotics Product Support,17000393317,My Team,Leandro Sarmento,leandro.sarmento@amexgbt.com,member,yes_member,17004602240,Leandro Sarmento,yes,My Team,Leandro Sarmento,leandro.sarmento@amexgbt.com
SmartRobotics Product Support,CWT SmartRobotics Product Support,17000393317,My Team,Diego Sierra,diego.sierra@amexgbt.com,member,yes_member,17004606438,Diego Sierra,yes,My Team,Leandro Sarmento,leandro.sarmento@amexgbt.com
SOLUTIONS DATA LOADING,CWT SOLUTIONS DATA LOADING,17000392913,My Team,Olga Nieweglowska,olga.nieweglowska@amexgbt.com,member,yes_member,17004601198,Olga Nieweglowska,yes,My Team,Suzanne De Mare,suzanne.demare@amexgbt.com
SOLUTIONS DATA LOADING,CWT SOLUTIONS DATA LOADING,17000392913,My Team,Suzanne De Mare,suzanne.demare@amexgbt.com,member,yes_member,17004611028,Suzanne De Mare,yes,My Team,Suzanne De Mare,suzanne.demare@amexgbt.com
SOLUTIONS DATA LOADING,CWT SOLUTIONS DATA LOADING,17000392913,My Team,Piotr Zaremba,piotr.zaremba@amexgbt.com,member,yes_member,17004606868,Piotr Zaremba,yes,My Team,Suzanne De Mare,suzanne.demare@amexgbt.com
SOLUTIONS GROUP,CWT SOLUTIONS GROUP,17000393318,My Team,Shawn Shafer,shawn.shafer@amexgbt.com,member,yes_member,17004603029,Shawn Shafer,yes,My Team,Lee Vandersypen,lee.vandersypen@amexgbt.com
SOLUTIONS GROUP,CWT SOLUTIONS GROUP,17000393318,My Team,Lee Vandersypen,lee.vandersypen@amexgbt.com,member,yes_member,17004605684,Lee Vandersypen,yes,My Team,Lee Vandersypen,lee.vandersypen@amexgbt.com
Solutions Group DataDev,CWT Solutions Group DataDev,17000392914,My Team,Lee Vandersypen,lee.vandersypen@amexgbt.com,member,yes_member,17004605684,Lee Vandersypen,yes,My Team,Lee Vandersypen,lee.vandersypen@amexgbt.com
SP CBS Service Group,CWT SP CBS Service Group,17000393319,My Team,Aldwin Paolo Delgado,aldwinpaolo.delgado@amexgbt.com,member,yes_member,17004608500,Aldwin Paolo Delgado,yes,My Team,Florante Navaja,florante.navaja@amexgbt.com
SP CBS Service Group,CWT SP CBS Service Group,17000393319,My Team,Karlo Wilfredo Velasquez,kvelasquez@mycwt.com,agent_not_found,no,,,,,Florante Navaja,florante.navaja@amexgbt.com
SP CBS Service Group,CWT SP CBS Service Group,17000393319,My Team,Pradeep Kumar,pkumar97d20@mycwt.com,agent_not_found,no,,,,,Florante Navaja,florante.navaja@amexgbt.com
SP CBS Service Group,CWT SP CBS Service Group,17000393319,My Team,Florante Navaja,florante.navaja@amexgbt.com,member,yes_member,17004608434,Florante Navaja,yes,My Team,Florante Navaja,florante.navaja@amexgbt.com
SP CBS Service Group,CWT SP CBS Service Group,17000393319,My Team,John Harvey Sanchez,johnharvey.sanchez@amexgbt.com,member,yes_member,17004608544,John Harvey Sanchez,yes,My Team,Florante Navaja,florante.navaja@amexgbt.com
SP D&G Service Support Group,CWT SP D&G Service Support Group,17000392915,My Team,Praveen Bejjam,pbejjam@mycwt.com,agent_not_found,no,,,,,Florante Navaja,florante.navaja@amexgbt.com
SP D&G Service Support Group,CWT SP D&G Service Support Group,17000392915,My Team,Roland Gaspar,rgaspar@mycwt.com,agent_not_found,no,,,,,Florante Navaja,florante.navaja@amexgbt.com
SP D&G Service Support Group,CWT SP D&G Service Support Group,17000392915,My Team,Robenie Fernandez,robenie.fernandez@amexgbt.com,member,yes_member,17004608400,Robenie Fernandez,yes,My Team,Florante Navaja,florante.navaja@amexgbt.com
SP M&G Support,CWT SP M&G Support,17000393321,My Team,Ryan Scalzo,ryan.scalzo@amexgbt.com,member,yes_member,17004605305,Ryan Scalzo,yes,My Team,Patrice Simon,patrice.simon@amexgbt.com
SP M&G Support,CWT SP M&G Support,17000393321,My Team,Volodymyr Baisa,volodymyr.baisa@amexgbt.com,member,yes_member,17004602675,Volodymyr Baisa,yes,My Team,Patrice Simon,patrice.simon@amexgbt.com
SP myCWT Rail and OBT Service Group,CWT SP myCWT Rail and OBT Service Group,17000393322,My Team,John Harvey Sanchez,johnharvey.sanchez@amexgbt.com,member,yes_member,17004608544,John Harvey Sanchez,yes,My Team,Florante Navaja,florante.navaja@amexgbt.com
SP myCWT Rail and OBT Service Group,CWT SP myCWT Rail and OBT Service Group,17000393322,My Team,Darwin James Abelardo,darwinjames.abelardo@amexgbt.com,member,yes_member,17004608440,Darwin James Abelardo,yes,My Team,Florante Navaja,florante.navaja@amexgbt.com
SP myCWT Rail and OBT Service Group,CWT SP myCWT Rail and OBT Service Group,17000393322,My Team,Sigrid Buenaventura,sigrid.buenaventura@amexgbt.com,member,yes_member,17004608392,Sigrid Buenaventura,yes,My Team,Florante Navaja,florante.navaja@amexgbt.com
SP myCWT Rail and OBT Service Group,CWT SP myCWT Rail and OBT Service Group,17000393322,My Team,Sean Dominique Franco,seandominique.franco@amexgbt.com,member,yes_member,17004608230,Sean Dominique Franco,yes,My Team,Florante Navaja,florante.navaja@amexgbt.com
SP myCWT Rail and OBT Service Group,CWT SP myCWT Rail and OBT Service Group,17000393322,My Team,Joshua Cura,joshua.cura@amexgbt.com,member,yes_member,17004608369,Joshua Cura,yes,My Team,Florante Navaja,florante.navaja@amexgbt.com
SP myCWT Rail and OBT Service Group,CWT SP myCWT Rail and OBT Service Group,17000393322,My Team,Gricelle Nasol,gricelle.nasol@amexgbt.com,member,yes_member,17004608393,Gricelle Nasol,yes,My Team,Florante Navaja,florante.navaja@amexgbt.com
SQL Server Comm DBA,CWT SQL Server Comm DBA,17000393324,My Team,Jasmine Faye Canton,jasminefaye.canton@amexgbt.com,agent_not_found,no,,,,,Stephen Norrod,stephen.norrod@amexgbt.com
SQL Server Comm DBA,CWT SQL Server Comm DBA,17000393324,My Team,Thanyasri Ganesan,thanyasri.ganesan@amexgbt.com,member,yes_member,17004926124,Thanyasri Ganesan,yes,My Team,Stephen Norrod,stephen.norrod@amexgbt.com
SQL Server Comm DBA,CWT SQL Server Comm DBA,17000393324,My Team,JAGARLAMUDI MANEESH CHOWDARI,jagarlamudi.maneeshchowdari@amexgbt.com,member,yes_member,17004948506,JAGARLAMUDI MANEESH CHOWDARI,yes,My Team,Stephen Norrod,stephen.norrod@amexgbt.com
SQL Server Comm DBA,CWT SQL Server Comm DBA,17000393324,My Team,Nitishkumar Jaiswar,nitishkumar.jaiswar@amexgbt.com,member,yes_member,17004853903,Nitishkumar Jaiswar,yes,My Team,Stephen Norrod,stephen.norrod@amexgbt.com
SQL Server Comm DBA,CWT SQL Server Comm DBA,17000393324,My Team,Glenn Henson,glenn.henson@amexgbt.com,member,yes_member,17004603798,Glenn Henson,yes,My Team,Stephen Norrod,stephen.norrod@amexgbt.com
SQL Server Comm DBA,CWT SQL Server Comm DBA,17000393324,My Team,Sumayya M N,sumayya.mn@amexgbt.com,member,yes_member,17004926116,Sumayya M N,yes,My Team,Stephen Norrod,stephen.norrod@amexgbt.com
SQL Server Comm DBA,CWT SQL Server Comm DBA,17000393324,My Team,Goutam Acharya,goutam.acharya@amexgbt.com,member,yes_member,17004064871,Goutam Acharya,yes,My Team,Stephen Norrod,stephen.norrod@amexgbt.com
SQL Server Comm DBA,CWT SQL Server Comm DBA,17000393324,My Team,Balamurugan Somu,balamurugan.somu2@amexgbt.com,member,yes_member,17004876942,Balamurugan Somu,yes,My Team,Stephen Norrod,stephen.norrod@amexgbt.com
SQL Server Comm DBA,CWT SQL Server Comm DBA,17000393324,My Team,Nakul Panse,nakul.panse@amexgbt.com,member,yes_member,17004863192,Nakul Panse,yes,My Team,Stephen Norrod,stephen.norrod@amexgbt.com
SQL Server Comm DBA,CWT SQL Server Comm DBA,17000393324,My Team,Jan Emmanuel Tan,janemmanuel.tan@amexgbt.com,agent_not_found,no,,,,,Stephen Norrod,stephen.norrod@amexgbt.com
SQL Server Comm DBA,CWT SQL Server Comm DBA,17000393324,My Team,SatheeshKumar P,satheeshkumar.p@amexgbt.com,member,yes_member,17004982962,SatheeshKumar P,yes,My Team,Stephen Norrod,stephen.norrod@amexgbt.com
SQL Server Comm DBA,CWT SQL Server Comm DBA,17000393324,My Team,Chittamuru Kumar,chittamuru.kumar@amexgbt.com,member,yes_member,17003071540,Chittamuru Kumar,yes,My Team,Stephen Norrod,stephen.norrod@amexgbt.com
SQL Server Comm DBA,CWT SQL Server Comm DBA,17000393324,My Team,Reinerio Raymundo,rraymundo@mycwt.com,agent_not_found,no,,,,,Stephen Norrod,stephen.norrod@amexgbt.com
SQL Server Comm DBA,CWT SQL Server Comm DBA,17000393324,My Team,Michael Bryan Flores,michaelbryan.flores@amexgbt.com,agent_not_found,no,,,,,Stephen Norrod,stephen.norrod@amexgbt.com
SQL Server Comm DBA,CWT SQL Server Comm DBA,17000393324,My Team,Vedaprakash J,vedaprakash.j@amexgbt.com,member,yes_member,17004311046,Vedaprakash J,yes,My Team,Stephen Norrod,stephen.norrod@amexgbt.com
SQL Server Comm DBA,CWT SQL Server Comm DBA,17000393324,My Team,Kantareddy Kumar,shravan.kantareddy@amexgbt.com,member,yes_member,17003201871,Shravan kantareddy,yes,My Team,Stephen Norrod,stephen.norrod@amexgbt.com
SQL Server Comm DBA,CWT SQL Server Comm DBA,17000393324,My Team,SANTHOSH KUMAR DANDA,santhoshkumar.danda@amexgbt.com,member,yes_member,17004888990,SANTHOSH KUMAR DANDA,yes,My Team,Stephen Norrod,stephen.norrod@amexgbt.com
SQL Server Comm DBA,CWT SQL Server Comm DBA,17000393324,My Team,Anil Joseph,anil.joseph@amexgbt.com,member,yes_member,17002703638,Anil Joseph,yes,My Team,Stephen Norrod,stephen.norrod@amexgbt.com
SQL Server M&G DBA,CWT SQL Server M&G DBA,17000393325,My Team,Marshall Cason,frank.cason@amexgbt.com,member,yes_member,17004603633,Marshall Cason,yes,My Team,Stephen Norrod,stephen.norrod@amexgbt.com
SQL Server M&G DBA,CWT SQL Server M&G DBA,17000393325,My Team,Eric Beggs,eric.beggs@amexgbt.com,member,yes_member,17004603171,Eric Beggs,yes,My Team,Stephen Norrod,stephen.norrod@amexgbt.com
SQL Server M&G DBA,CWT SQL Server M&G DBA,17000393325,My Team,Glenn Henson,glenn.henson@amexgbt.com,member,yes_member,17004603798,Glenn Henson,yes,My Team,Stephen Norrod,stephen.norrod@amexgbt.com
STO (Smart Traveler Online),CWT STO (Smart Traveler Online),17000393326,My Team,Patricia Marini,patricia.marini@amexgbt.com,member,yes_member,17004602341,Patricia Marini,yes,My Team,Cenise Roland,cenise.roland@amexgbt.com
STO (Smart Traveler Online),CWT STO (Smart Traveler Online),17000393326,My Team,Nilson Filho,nilson.filho@amexgbt.com,member,yes_member,17004602401,Nilson Filho,yes,My Team,Cenise Roland,cenise.roland@amexgbt.com
Sustainability API DevOps Support,CWT Sustainability API DevOps Support,17000393327,My Team,Ryan Scalzo,ryan.scalzo@amexgbt.com,member,yes_member,17004605305,Ryan Scalzo,yes,My Team,Anna Mary-Marie Rose Tan,annamary-marierose.tan@amexgbt.com
Sustainability API DevOps Support,CWT Sustainability API DevOps Support,17000393327,My Team,Anna Mary-Marie Rose Tan,annamary-marierose.tan@amexgbt.com,member,yes_member,17004608530,Anna Mary-Marie Rose Tan,yes,My Team,Anna Mary-Marie Rose Tan,annamary-marierose.tan@amexgbt.com
Sustainability API DevOps Support,CWT Sustainability API DevOps Support,17000393327,My Team,Tanmay Manilal Tandel,tanmaymanilal.tandel@amexgbt.com,member,yes_member,17004602684,Tanmay Manilal Tandel,yes,My Team,Anna Mary-Marie Rose Tan,annamary-marierose.tan@amexgbt.com
Sybase Comm DBA,CWT Sybase Comm DBA,17000393287,My Team,Thanyasri Ganesan,thanyasri.ganesan@amexgbt.com,member,yes_member,17004926124,Thanyasri Ganesan,yes,My Team,Stephen Norrod,stephen.norrod@amexgbt.com
Sybase Comm DBA,CWT Sybase Comm DBA,17000393287,My Team,Goutam Acharya,goutam.acharya@amexgbt.com,member,yes_member,17004064871,Goutam Acharya,yes,My Team,Stephen Norrod,stephen.norrod@amexgbt.com
Sybase Comm DBA,CWT Sybase Comm DBA,17000393287,My Team,Chittamuru Kumar,chittamuru.kumar@amexgbt.com,member,yes_member,17003071540,Chittamuru Kumar,yes,My Team,Stephen Norrod,stephen.norrod@amexgbt.com
Sybase Comm DBA,CWT Sybase Comm DBA,17000393287,My Team,Nitishkumar Jaiswar,nitishkumar.jaiswar@amexgbt.com,member,yes_member,17004853903,Nitishkumar Jaiswar,yes,My Team,Stephen Norrod,stephen.norrod@amexgbt.com
Sybase Comm DBA,CWT Sybase Comm DBA,17000393287,My Team,Marshall Cason,frank.cason@amexgbt.com,member,yes_member,17004603633,Marshall Cason,yes,My Team,Stephen Norrod,stephen.norrod@amexgbt.com
Sybase Comm DBA,CWT Sybase Comm DBA,17000393287,My Team,Brian Joseph Balon,brianjoseph.balon@amexgbt.com,agent_not_found,no,,,,,Stephen Norrod,stephen.norrod@amexgbt.com
Sybase Comm DBA,CWT Sybase Comm DBA,17000393287,My Team,Jason Hernandez,jason.hernandez@amexgbt.com,agent_not_found,no,,,,,Stephen Norrod,stephen.norrod@amexgbt.com
Sybase Comm DBA,CWT Sybase Comm DBA,17000393287,My Team,SANTHOSH KUMAR DANDA,santhoshkumar.danda@amexgbt.com,member,yes_member,17004888990,SANTHOSH KUMAR DANDA,yes,My Team,Stephen Norrod,stephen.norrod@amexgbt.com
Sybase Comm DBA,CWT Sybase Comm DBA,17000393287,My Team,Marjorie Mejia,marjorie.mejia@amexgbt.com,agent_not_found,no,,,,,Stephen Norrod,stephen.norrod@amexgbt.com
Sybase Comm DBA,CWT Sybase Comm DBA,17000393287,My Team,Balamurugan Somu,balamurugan.somu2@amexgbt.com,member,yes_member,17004876942,Balamurugan Somu,yes,My Team,Stephen Norrod,stephen.norrod@amexgbt.com
Sybase Comm DBA,CWT Sybase Comm DBA,17000393287,My Team,Vedaprakash J,vedaprakash.j@amexgbt.com,member,yes_member,17004311046,Vedaprakash J,yes,My Team,Stephen Norrod,stephen.norrod@amexgbt.com
Sybase Comm DBA,CWT Sybase Comm DBA,17000393287,My Team,JAGARLAMUDI MANEESH CHOWDARI,jagarlamudi.maneeshchowdari@amexgbt.com,member,yes_member,17004948506,JAGARLAMUDI MANEESH CHOWDARI,yes,My Team,Stephen Norrod,stephen.norrod@amexgbt.com
Sybase Comm DBA,CWT Sybase Comm DBA,17000393287,My Team,Kantareddy Kumar,shravan.kantareddy@amexgbt.com,member,yes_member,17003201871,Shravan kantareddy,yes,My Team,Stephen Norrod,stephen.norrod@amexgbt.com
Sybase Comm DBA,CWT Sybase Comm DBA,17000393287,My Team,SatheeshKumar P,satheeshkumar.p@amexgbt.com,member,yes_member,17004982962,SatheeshKumar P,yes,My Team,Stephen Norrod,stephen.norrod@amexgbt.com
Sybase Comm DBA,CWT Sybase Comm DBA,17000393287,My Team,Eric Beggs,eric.beggs@amexgbt.com,member,yes_member,17004603171,Eric Beggs,yes,My Team,Stephen Norrod,stephen.norrod@amexgbt.com
Sybase Comm DBA,CWT Sybase Comm DBA,17000393287,My Team,Nakul Panse,nakul.panse@amexgbt.com,member,yes_member,17004863192,Nakul Panse,yes,My Team,Stephen Norrod,stephen.norrod@amexgbt.com
Sybase Comm DBA,CWT Sybase Comm DBA,17000393287,My Team,Sumayya M N,sumayya.mn@amexgbt.com,member,yes_member,17004926116,Sumayya M N,yes,My Team,Stephen Norrod,stephen.norrod@amexgbt.com
Sybase Comm DBA,CWT Sybase Comm DBA,17000393287,My Team,Anil Joseph,anil.joseph@amexgbt.com,member,yes_member,17002703638,Anil Joseph,yes,My Team,Stephen Norrod,stephen.norrod@amexgbt.com
Sybase M&G DBA,CWT Sybase M&G DBA,17000392920,My Team,Marshall Cason,frank.cason@amexgbt.com,member,yes_member,17004603633,Marshall Cason,yes,My Team,Stephen Norrod,stephen.norrod@amexgbt.com
Sybase M&G DBA,CWT Sybase M&G DBA,17000392920,My Team,Glenn Henson,glenn.henson@amexgbt.com,member,yes_member,17004603798,Glenn Henson,yes,My Team,Stephen Norrod,stephen.norrod@amexgbt.com
Sybase M&G DBA,CWT Sybase M&G DBA,17000392920,My Team,Eric Beggs,eric.beggs@amexgbt.com,member,yes_member,17004603171,Eric Beggs,yes,My Team,Stephen Norrod,stephen.norrod@amexgbt.com
Sybase M&G DBA,CWT Sybase M&G DBA,17000392920,My Team,Jason Hernandez,jason.hernandez@amexgbt.com,agent_not_found,no,,,,,Stephen Norrod,stephen.norrod@amexgbt.com
Tableau Support,CWT Tableau Support,17000392922,My Team,Robert Lancaster,robert.lancaster@amexgbt.com,member,yes_member,17004603546,Robert Lancaster,yes,My Team,Robert Lancaster,robert.lancaster@amexgbt.com
TEC User Group,CWT TEC User Group,17000392923,My Team,CWT TEC User,,agent_not_found,no,,,,,Joseph Christopher Cruz,josephchristopher.cruz@amexgbt.com
TEC User Group,CWT TEC User Group,17000392923,My Team,John Wilmar Palad,johnwilmar.palad@amexgbt.com,not_in_group,no,17004608293,John Wilmar Palad,yes,My Team,Joseph Christopher Cruz,josephchristopher.cruz@amexgbt.com
TEC User Group,CWT TEC User Group,17000392923,My Team,Fred Gonsalves,fred.gonsalves@amexgbt.com,member,yes_member,17004634814,Fred Gonsalves,yes,My Team,Joseph Christopher Cruz,josephchristopher.cruz@amexgbt.com
TEC User Group,CWT TEC User Group,17000392923,My Team,Vhil Laurence Moje,vhillaurence.moje@amexgbt.com,not_in_group,no,17004608590,Vhil Laurence Moje,yes,My Team,Joseph Christopher Cruz,josephchristopher.cruz@amexgbt.com
TEC User Group,CWT TEC User Group,17000392923,My Team,Lee Jay Sikat,leejay.sikat@amexgbt.com,member,yes_member,17004608405,Lee Jay Sikat,yes,My Team,Joseph Christopher Cruz,josephchristopher.cruz@amexgbt.com
TEC User Group,CWT TEC User Group,17000392923,My Team,Alexander Joseph Mandac,alexanderjoseph.mandac@amexgbt.com,not_in_group,no,17004608339,Alexander Joseph Mandac,yes,My Team,Joseph Christopher Cruz,josephchristopher.cruz@amexgbt.com
Technology - SP&O,,,,Frederick Marshall,fred.marshall@amexgbt.com,group_unmatched,no,,,,,Frederick Marshall,fred.marshall@amexgbt.com
Telephony Approvers,CWT Telephony Approvers,17000392924,My Team,Radiana Saeva,radiana.saeva@amexgbt.com,member,yes_member,17004606826,Radiana Saeva,yes,My Team,Steven Henderson,steve.henderson@amexgbt.com
Telephony Approvers,CWT Telephony Approvers,17000392924,My Team,Erwan Maze,erwan.maze@amexgbt.com,member,yes_member,17004607618,Erwan Maze,yes,My Team,Steven Henderson,steve.henderson@amexgbt.com
TFP SECURITY,CWT TFP SECURITY,17000393189,My Team,Kevin Pascoe,kevin.pascoe@amexgbt.com,member,yes_member,17004602755,Kevin Pascoe,yes,My Team,Fred Gonsalves,fred.gonsalves@amexgbt.com
TFP SECURITY,CWT TFP SECURITY,17000393189,My Team,Trina Simonson,trina.simonson@amexgbt.com,member,yes_member,17004603138,Trina Simonson,yes,My Team,Fred Gonsalves,fred.gonsalves@amexgbt.com
TFP SECURITY,CWT TFP SECURITY,17000393189,My Team,Jayashree Nayak,jayashree.nayak@amexgbt.com,member,yes_member,17004603021,Jayashree Nayak,yes,My Team,Fred Gonsalves,fred.gonsalves@amexgbt.com
TFP SECURITY,CWT TFP SECURITY,17000393189,My Team,Phillip Greenhagen,phillip.greenhagen@amexgbt.com,member,yes_member,17004603428,Phillip Greenhagen,yes,My Team,Fred Gonsalves,fred.gonsalves@amexgbt.com
TMA Team,CWT TMA Team,17000393288,My Team,Silvia Pisano,spisano@mycwt.com,agent_not_found,no,,,,,Luiz Bittencourt,luiz.bittencourt@amexgbt.com
TMA Team,CWT TMA Team,17000393288,My Team,Luiz Bittencourt,luiz.bittencourt@amexgbt.com,member,yes_member,17004602459,Luiz Bittencourt,yes,My Team,Luiz Bittencourt,luiz.bittencourt@amexgbt.com
TMA Team,CWT TMA Team,17000393288,My Team,Bea Julia Cefre-Flores,beajulia.cefre-flores@amexgbt.com,member,yes_member,17004608577,Bea Julia Cefre-Flores,yes,My Team,Luiz Bittencourt,luiz.bittencourt@amexgbt.com
TMA Team,CWT TMA Team,17000393288,My Team,Kelly Christiansen,kelly.christiansen@amexgbt.com,member,yes_member,17004603245,Kelly Christiansen,yes,My Team,Luiz Bittencourt,luiz.bittencourt@amexgbt.com
Travcom E-Invoice Approver Group,CWT Travcom E-Invoice Approver Group,17000393192,My Team,Trina Simonson,trina.simonson@amexgbt.com,member,yes_member,17004603138,Trina Simonson,yes,My Team,Phillip Greenhagen,phillip.greenhagen@amexgbt.com
Travcom E-Invoice Approver Group,CWT Travcom E-Invoice Approver Group,17000393192,My Team,Frank Ho,frank.ho@amexgbt.com,member,yes_member,17004607099,Frank Ho,yes,My Team,Phillip Greenhagen,phillip.greenhagen@amexgbt.com
Travcom E-Invoice Approver Group,CWT Travcom E-Invoice Approver Group,17000393192,My Team,John Cris Vincent Pelletero,johncrisvincent.pelletero@amexgbt.com,member,yes_member,17004608362,John Cris Vincent Pelletero,yes,My Team,Phillip Greenhagen,phillip.greenhagen@amexgbt.com
Travel Consolidator Approvers,CWT Travel Consolidator Approvers,17000393193,My Team,Philip Hudson,phudson@mycwt.com,agent_not_found,no,,,,,Craig Haughan,craig.haughan@amexgbt.com
Travel Consolidator Approvers,CWT Travel Consolidator Approvers,17000393193,My Team,Amar Gaddam,agaddam@mycwt.com,agent_not_found,no,,,,,Craig Haughan,craig.haughan@amexgbt.com
Travel Consolidator Approvers,CWT Travel Consolidator Approvers,17000393193,My Team,John Carlo C. Inobaya,johncarloc.inobaya@amexgbt.com,member,yes_member,17004608585,John Carlo C. Inobaya,yes,My Team,Craig Haughan,craig.haughan@amexgbt.com
Travel Consolidator Development,,,,Philip Hudson,phudson@mycwt.com,group_unmatched,no,,,,,Patrice Simon,patrice.simon@amexgbt.com
Traveler Service ADM & EOs BR,CWT Traveler Service ADM & EOs BR,17000393194,My Team,Leila Nobrega,leila.nobrega@amexgbt.com,member,yes_member,17004602368,Leila Nobrega,yes,My Team,Priscila Morales,priscila.morales@amexgbt.com
Traveler Service ADM & EOs BR,CWT Traveler Service ADM & EOs BR,17000393194,My Team,Laura Brandão Do Nascimento,laura.brandaodonascimento@amexgbt.com,member,yes_member,17005058384,Laura Brandão Do Nascimento,yes,My Team,Priscila Morales,priscila.morales@amexgbt.com
Traveler Service ADM & EOs BR,CWT Traveler Service ADM & EOs BR,17000393194,My Team,Edvaldo Santos,edvaldo.santos@amexgbt.com,member,yes_member,17004602249,Edvaldo Santos,yes,My Team,Priscila Morales,priscila.morales@amexgbt.com
Traveler Service ADM & EOs BR,CWT Traveler Service ADM & EOs BR,17000393194,My Team,Renann Herminio Vacari,renann.vacari@amexgbt.com,member,yes_member,17004602502,Renann Herminio Vacari,yes,My Team,Priscila Morales,priscila.morales@amexgbt.com
Traveler Services American Red Cross,,,,Dione Stamper,dione.stamper@amexgbt.com,group_unmatched,no,,,,,Dione Stamper,dione.stamper@amexgbt.com
Traveler Services American Red Cross,,,,Judy Hollander,jhollander@cwtsato.com,group_unmatched,no,,,,,Dione Stamper,dione.stamper@amexgbt.com
Traveler Technology Approvers,CWT Traveler Technology Approvers,17000393289,My Team,Alexander Klioner,alexander.klioner@amexgbt.com,member,yes_member,17004606741,Alexander Klioner,yes,My Team,Alex Karpov,alex.karpov@amexgbt.com
Traveler Technology Approvers,CWT Traveler Technology Approvers,17000393289,My Team,Erez Gabay,erez.gabay@amexgbt.com,member,yes_member,17004606673,Erez Gabay,yes,My Team,Alex Karpov,alex.karpov@amexgbt.com
Traveler Technology Approvers,CWT Traveler Technology Approvers,17000393289,My Team,Alex Karpov,alex.karpov@amexgbt.com,member,yes_member,17004606742,Alex Karpov,yes,My Team,Alex Karpov,alex.karpov@amexgbt.com
Traveler Technology Approvers,CWT Traveler Technology Approvers,17000393289,My Team,Oleg Shkolnikov,oleg.shkolnikov@amexgbt.com,member,yes_member,17004606676,Oleg Shkolnikov,yes,My Team,Alex Karpov,alex.karpov@amexgbt.com
Traveler Technology Approvers,CWT Traveler Technology Approvers,17000393289,My Team,Barak Orpeli,barak.orpeli@amexgbt.com,member,yes_member,17004609014,Barak Orpeli,yes,My Team,Alex Karpov,alex.karpov@amexgbt.com
Traveler Technology Approvers,CWT Traveler Technology Approvers,17000393289,My Team,Noam Rotem,noam.rotem@amexgbt.com,member,yes_member,17004606688,Noam Rotem,yes,My Team,Alex Karpov,alex.karpov@amexgbt.com
Traveler Technology Approvers,CWT Traveler Technology Approvers,17000393289,My Team,Yoav Ofan,yoav.ofan@amexgbt.com,member,yes_member,17004606682,Yoav Ofan,yes,My Team,Alex Karpov,alex.karpov@amexgbt.com
Traveler Technology Approvers,CWT Traveler Technology Approvers,17000393289,My Team,Alon Tidhar,alon.tidhar@amexgbt.com,member,yes_member,17004606670,Alon Tidhar,yes,My Team,Alex Karpov,alex.karpov@amexgbt.com
Traveler Technology Approvers,CWT Traveler Technology Approvers,17000393289,My Team,Yaniv Mualem,yaniv.mualem@amexgbt.com,member,yes_member,17004606687,Yaniv Mualem,yes,My Team,Alex Karpov,alex.karpov@amexgbt.com
"Treasury, CWT-US",,,,Lisa Papageorge,lisa.papageorge@amexgbt.com,group_unmatched,no,,,,,Theresa Finken,theresa.finken@amexgbt.com
Trip Approval API Support,CWT Trip Approval API Support,17000393290,My Team,Vicdhan Lore Dionson,vicdhanlore.dionson@amexgbt.com,member,yes_member,17004608501,Vicdhan Lore Dionson,yes,My Team,Srinivasa Kovvuri,srinivasa.kovvuri@amexgbt.com
Trip Approval API Support,CWT Trip Approval API Support,17000393290,My Team,Volodymyr Baisa,volodymyr.baisa@amexgbt.com,member,yes_member,17004602675,Volodymyr Baisa,yes,My Team,Srinivasa Kovvuri,srinivasa.kovvuri@amexgbt.com
Trondent PreTrip Support,CWT Trondent PreTrip Support,17000393291,My Team,Twila Frey,twila.frey@amexgbt.com,member,yes_member,17004603152,Twila Frey,yes,My Team,Twila Frey,twila.frey@amexgbt.com
Trondent PreTrip Support,CWT Trondent PreTrip Support,17000393291,My Team,Malika Manjit Singh,malika.manjitsingh@amexgbt.com,member,yes_member,17004602681,Malika Manjit Singh,yes,My Team,Twila Frey,twila.frey@amexgbt.com
TurboRobotics Approver Group,,,,Bruce Case,bruce.case@amexgbt.com,group_unmatched,no,17004604250,Bruce Case,yes,My Team,David Castillo,david.castillo2@amexgbt.com
TX CONTAS A PAGAR,CWT TX CONTAS A PAGAR,17000393292,My Team,Valeria Da Conceicao Silva Souza,valeria.daconceicaosilvasouza@amexgbt.com,member,yes_member,17004602447,Valeria Da Conceicao Silva Souza,yes,My Team,Henrique Raposo,henrique.raposo@amexgbt.com
TX CONTAS A PAGAR,CWT TX CONTAS A PAGAR,17000393292,My Team,Paulo Roberto De Paula Monteiro,pauloroberto.depaulamonteiro@amexgbt.com,member,yes_member,17004602578,Paulo Roberto De Paula Monteiro,yes,My Team,Henrique Raposo,henrique.raposo@amexgbt.com
TX CONTAS A PAGAR,CWT TX CONTAS A PAGAR,17000393292,My Team,Paula Pavan Melo Carvalho,paulapavan.melocarvalho@amexgbt.com,member,yes_member,17004602335,Paula Pavan Melo Carvalho,yes,My Team,Henrique Raposo,henrique.raposo@amexgbt.com
TX CONTAS A PAGAR,CWT TX CONTAS A PAGAR,17000393292,My Team,Fabiana Sartori,fabiana.sartori@amexgbt.com,member,yes_member,17004602498,Fabiana Sartori,yes,My Team,Henrique Raposo,henrique.raposo@amexgbt.com
TX CONTAS A PAGAR,CWT TX CONTAS A PAGAR,17000393292,My Team,NATASHA SANTANA BRANCO,natasha.santanabranco@amexgbt.com,member,yes_member,17004602384,NATASHA SANTANA BRANCO,yes,My Team,Henrique Raposo,henrique.raposo@amexgbt.com
TX CONTAS A RECEBER,CWT TX CONTAS A RECEBER,17000393293,My Team,Damares Leandro Carmona,damares.leandrocarmona@amexgbt.com,member,yes_member,17004602321,Damares Leandro Carmona,yes,My Team,Henrique Raposo,henrique.raposo@amexgbt.com
TX CONTAS A RECEBER,CWT TX CONTAS A RECEBER,17000393293,My Team,Armindo Carvalho Vilela,armindo.carvalhovilela@amexgbt.com,member,yes_member,17004602455,Armindo Carvalho Vilela,yes,My Team,Henrique Raposo,henrique.raposo@amexgbt.com
TX CONTAS A RECEBER,CWT TX CONTAS A RECEBER,17000393293,My Team,Lilian Lessa,lilian.lessa@amexgbt.com,member,yes_member,17004602343,Lilian Lessa,yes,My Team,Henrique Raposo,henrique.raposo@amexgbt.com
TX CONTAS A RECEBER,CWT TX CONTAS A RECEBER,17000393293,My Team,Andressa Dantas Alvarenga Beninca,andressadantas.alvarengabeninca@amexgbt.com,member,yes_member,17004602435,Andressa Dantas Alvarenga Beninca,yes,My Team,Henrique Raposo,henrique.raposo@amexgbt.com
TX L1 RO EMEA,,,,Daniela Chircu,daniela.chircu@amexgbt.com,group_unmatched,no,,,,,Daniela Chircu,daniela.chircu@amexgbt.com
TX L2 Messaging Support,CWT TX L2 Messaging Support,17000393294,My Team,Mark Benedict Santiago,markbenedict.santiago@amexgbt.com,member,yes_member,17004608516,Mark Benedict Santiago,yes,My Team,Romain Magne,Romain.Magne@amexgbt.com
TX L2 Messaging Support,CWT TX L2 Messaging Support,17000393294,My Team,Liron Revah,liron.revah@amexgbt.com,member,yes_member,17004606684,Liron Revah,yes,My Team,Romain Magne,Romain.Magne@amexgbt.com
TX L2 Messaging Support,CWT TX L2 Messaging Support,17000393294,My Team,Agnieszka Kapron,agnieszka.kapron@amexgbt.com,member,yes_member,17004606717,Agnieszka Kapron,yes,My Team,Romain Magne,Romain.Magne@amexgbt.com
TX L2 Messaging Support,CWT TX L2 Messaging Support,17000393294,My Team,Gemma Crask,gemma.crask@amexgbt.com,member,yes_member,17004605640,Gemma Crask,yes,My Team,Romain Magne,Romain.Magne@amexgbt.com
TX Op Error CFO Approvers,,,,Fernando Michellini Dos Santos Silva,fernando.michellini@amexgbt.com,group_unmatched,no,,,,,Fernando Michellini Dos Santos Silva,fernando.michellini@amexgbt.com
Tx Op Error CFO Approvers CE,,,,Amauri Ribeiro Da Silva,amauri.ribeiro@amexgbt.com,group_unmatched,no,,,,,Amauri Ribeiro Da Silva,amauri.ribeiro@amexgbt.com
TX Op Error CFO Approvers Finance,,,,Henrique Raposo,henrique.raposo@amexgbt.com,group_unmatched,no,17004602428,Henrique Raposo,yes,My Team,Henrique Raposo,henrique.raposo@amexgbt.com
TX Op Error CFO Approvers M&E,,,,Bianca Zucchi,bianca.zucchi@amexgbt.com,group_unmatched,no,,,,,Bianca Zucchi,bianca.zucchi@amexgbt.com
TX Op Error CFO Approvers Support,CWT TX Op Error CFO Approvers Support,17000393001,My Team,David Romero,david.romero@amexgbt.com,member,yes_member,17004605398,David Romero,yes,My Team,David Romero,david.romero@amexgbt.com
TX Op Error CFO Approvers Support,CWT TX Op Error CFO Approvers Support,17000393001,My Team,Priscila Morales,priscila.morales@amexgbt.com,member,yes_member,17004602325,Priscila Morales,yes,My Team,David Romero,david.romero@amexgbt.com
TX Op Error CFO Approvers TX,CWT TX Op Error CFO Approvers TX,17000392927,My Team,David Romero,david.romero@amexgbt.com,member,yes_member,17004605398,David Romero,yes,My Team,Priscila Morales,priscila.morales@amexgbt.com
TX Op Error CFO Approvers TX,CWT TX Op Error CFO Approvers TX,17000392927,My Team,Priscila Morales,priscila.morales@amexgbt.com,member,yes_member,17004602325,Priscila Morales,yes,My Team,Priscila Morales,priscila.morales@amexgbt.com
Tx Op Error Director Approvers CE,,,,Amauri Ribeiro Da Silva,amauri.ribeiro@amexgbt.com,group_unmatched,no,,,,,Amauri Ribeiro Da Silva,amauri.ribeiro@amexgbt.com
TX Op Error Director Approvers Finance,,,,Henrique Raposo,henrique.raposo@amexgbt.com,group_unmatched,no,17004602428,Henrique Raposo,yes,My Team,Henrique Raposo,henrique.raposo@amexgbt.com
TX Op Error Director Approvers IT,CWT TX Op Error Director Approvers IT,17000392928,My Team,Sueli Ida,sueli.ida@amexgbt.com,member,yes_member,17004602593,SUELI IDA,yes,My Team,Sueli Ida,sueli.ida@amexgbt.com
TX Op Error Director Approvers M&E,,,,Bianca Zucchi,bianca.zucchi@amexgbt.com,group_unmatched,no,,,,,Bianca Zucchi,bianca.zucchi@amexgbt.com
TX Op Error Director Approvers Support,CWT TX Op Error Director Approvers Support,17000393002,My Team,Priscila Morales,priscila.morales@amexgbt.com,member,yes_member,17004602325,Priscila Morales,yes,My Team,Priscila Morales,priscila.morales@amexgbt.com
TX Op Error Director Approvers Support,CWT TX Op Error Director Approvers Support,17000393002,My Team,David Romero,david.romero@amexgbt.com,member,yes_member,17004605398,David Romero,yes,My Team,Priscila Morales,priscila.morales@amexgbt.com
TX Op Error Director Approvers TX Group,,,,Priscila Morales,priscila.morales@amexgbt.com,group_unmatched,no,17004602325,Priscila Morales,yes,My Team,Priscila Morales,priscila.morales@amexgbt.com
TX Op Error Director Approvers TX Group,,,,David Romero,david.romero@amexgbt.com,group_unmatched,no,17004605398,David Romero,yes,My Team,Priscila Morales,priscila.morales@amexgbt.com
Tx Op Error Manager Approvers CE,,,,Amauri Ribeiro Da Silva,amauri.ribeiro@amexgbt.com,group_unmatched,no,,,,,Amauri Ribeiro Da Silva,amauri.ribeiro@amexgbt.com
Tx Op Error Manager Approvers CE,,,,Diego Sanchez,diego.sanchez@amexgbt.com,group_unmatched,no,,,,,Amauri Ribeiro Da Silva,amauri.ribeiro@amexgbt.com
TX Op Error Manager Approvers Finance,CWT TX Op Error Manager Approvers Finance,17000393003,My Team,Henrique Raposo,henrique.raposo@amexgbt.com,member,yes_member,17004602428,Henrique Raposo,yes,My Team,Henrique Raposo,henrique.raposo@amexgbt.com
TX Op Error Manager Approvers Finance,CWT TX Op Error Manager Approvers Finance,17000393003,My Team,Osni Carlos Cardoso Dos Anjos,osnicarlos.cardosodosanjos@amexgbt.com,member,yes_member,17004602439,Osni Carlos Cardoso Dos Anjos,yes,My Team,Henrique Raposo,henrique.raposo@amexgbt.com
TX Op Error Manager Approvers IT,CWT TX Op Error Manager Approvers IT,17000392929,My Team,Sueli Ida,sueli.ida@amexgbt.com,member,yes_member,17004602593,SUELI IDA,yes,My Team,Sueli Ida,sueli.ida@amexgbt.com
TX Op Error Manager Approvers M&E,,,,Carina Pereira Francisco,carina.pereirafrancisco@amexgbt.com,group_unmatched,no,,,,,Carina Pereira Francisco,carina.pereirafrancisco@amexgbt.com
TX Op Error Manager Approvers Support,,,,Renann Herminio Vacari,renann.vacari@amexgbt.com,group_unmatched,no,17004602502,Renann Herminio Vacari,yes,My Team,Renann Herminio Vacari,renann.vacari@amexgbt.com
TX Op Error Manager Approvers TX Group,,,,Renann Herminio Vacari,renann.vacari@amexgbt.com,group_unmatched,no,17004602502,Renann Herminio Vacari,yes,My Team,Priscila Morales,priscila.morales@amexgbt.com
TX Op Error Manager Approvers TX Group,,,,David Romero,david.romero@amexgbt.com,group_unmatched,no,17004605398,David Romero,yes,My Team,Priscila Morales,priscila.morales@amexgbt.com
TX Op Error Manager Approvers TX Group,,,,Devanir Silva,devanir.silva@amexgbt.com,group_unmatched,no,,,,,Priscila Morales,priscila.morales@amexgbt.com
TX Op Error Manager Approvers TX Group,,,,Raphael De Albuquerque Silva,raphael.silva@amexgbt.com,group_unmatched,no,,,,,Priscila Morales,priscila.morales@amexgbt.com
TX Op Error Manager Approvers TX Group,,,,Priscila Morales,priscila.morales@amexgbt.com,group_unmatched,no,17004602325,Priscila Morales,yes,My Team,Priscila Morales,priscila.morales@amexgbt.com
TX Ops Accenture,CWT TX Ops Accenture,17000392930,My Team,Upasna Puri,upasna.puri@amexgbt.com,member,yes_member,17004604811,Upasna Puri,yes,My Team,Melanie Low,melanie.low@amexgbt.com
TX Ops Accenture,CWT TX Ops Accenture,17000392930,My Team,Rakesh Upreti,rakesh.upreti@amexgbt.com,member,yes_member,17004605300,Rakesh Upreti,yes,My Team,Melanie Low,melanie.low@amexgbt.com
TX Ops Accenture,CWT TX Ops Accenture,17000392930,My Team,Kapil Dev,kapil.dev@amexgbt.com,member,yes_member,17004604763,Kapil Dev,yes,My Team,Melanie Low,melanie.low@amexgbt.com
TX Ops Accenture,CWT TX Ops Accenture,17000392930,My Team,Angelia Low,angelia.low@amexgbt.com,member,yes_member,17004607118,Angelia Low,yes,My Team,Melanie Low,melanie.low@amexgbt.com
TX Ops Accenture,CWT TX Ops Accenture,17000392930,My Team,Dhan Singh Bora,dhansingh.bora@amexgbt.com,member,yes_member,17004604697,Dhan Singh Bora,yes,My Team,Melanie Low,melanie.low@amexgbt.com
TX Ops Accenture,CWT TX Ops Accenture,17000392930,My Team,Sourabh Bajaj,sourabh.bajaj@amexgbt.com,member,yes_member,17004604415,Sourabh Bajaj,yes,My Team,Melanie Low,melanie.low@amexgbt.com
TX Ops Benelux,CWT TX Ops Benelux,17000392980,My Team,Olivier Guerrera,olivier.guerrera@amexgbt.com,member,yes_member,17004610999,Olivier Guerrera,yes,My Team,Almudena Albertos Melero,almudena.albertosmelero@amexgbt.com
TX Ops Benelux,CWT TX Ops Benelux,17000392980,My Team,Almudena Albertos Melero,almudena.albertosmelero@amexgbt.com,agent_not_found,no,,,,,Almudena Albertos Melero,almudena.albertosmelero@amexgbt.com
TX Ops Brazil,CWT TX Ops Brazil,17000393295,My Team,Juliana Pereira Oliveira,juliana.oliveira@amexgbt.com,member,yes_member,17004602375,Juliana Pereira Oliveira,yes,My Team,Almudena Albertos Melero,almudena.albertosmelero@amexgbt.com
TX Ops Brazil,CWT TX Ops Brazil,17000393295,My Team,Mariana Rossi Braulio,mariana.rossibraulio@amexgbt.com,member,yes_member,17004602496,Mariana Rossi Braulio,yes,My Team,Almudena Albertos Melero,almudena.albertosmelero@amexgbt.com
TX Ops Brazil,CWT TX Ops Brazil,17000393295,My Team,Leila Nobrega,leila.nobrega@amexgbt.com,member,yes_member,17004602368,Leila Nobrega,yes,My Team,Almudena Albertos Melero,almudena.albertosmelero@amexgbt.com
TX Ops Brazil,CWT TX Ops Brazil,17000393295,My Team,Bianca De Souza Dutra Santos,bianca.desouzadutra@amexgbt.com,member,yes_member,17004602572,Bianca De Souza Dutra Santos,yes,My Team,Almudena Albertos Melero,almudena.albertosmelero@amexgbt.com
TX Ops Brazil,CWT TX Ops Brazil,17000393295,My Team,Clarissa Brito,clarissa.brito@amexgbt.com,member,yes_member,17004602402,Clarissa Brito,yes,My Team,Almudena Albertos Melero,almudena.albertosmelero@amexgbt.com
TX Ops Brazil,CWT TX Ops Brazil,17000393295,My Team,Thais Machado,thais.machado@amexgbt.com,member,yes_member,17004602486,Thais Machado,yes,My Team,Almudena Albertos Melero,almudena.albertosmelero@amexgbt.com
TX Ops Brazil,CWT TX Ops Brazil,17000393295,My Team,Almudena Albertos Melero,almudena.albertosmelero@amexgbt.com,agent_not_found,no,,,,,Almudena Albertos Melero,almudena.albertosmelero@amexgbt.com
TX Ops Brazil,CWT TX Ops Brazil,17000393295,My Team,Edvaldo Santos,edvaldo.santos@amexgbt.com,member,yes_member,17004602249,Edvaldo Santos,yes,My Team,Almudena Albertos Melero,almudena.albertosmelero@amexgbt.com
TX Ops Cigna,CWT TX Ops Cigna,17000392981,My Team,Colleen Fraser,colleen.fraser@amexgbt.com,member,yes_member,17004605199,Colleen Fraser,yes,My Team,Melanie Low,melanie.low@amexgbt.com
TX Ops Concierge NORAM,CWT TX Ops Concierge NORAM,17000392982,My Team,Stephanie Talarski,stephanie.talarski@amexgbt.com,member,yes_member,17004603213,Stephanie Talarski,yes,My Team,Marea Clement,marea.clement@amexgbt.com
TX Ops Deloitte UK,CWT TX Ops Deloitte UK,17000392983,My Team,Kelly O'Hara,kelly.ohara@amexgbt.com,member,yes_member,17004605612,Kelly O'Hara,yes,My Team,Melanie Low,melanie.low@amexgbt.com
TX Ops Deloitte UK,CWT TX Ops Deloitte UK,17000392983,My Team,Lorraine Dick,lorraine.dick@amexgbt.com,member,yes_member,17004605667,Lorraine Dick,yes,My Team,Melanie Low,melanie.low@amexgbt.com
TX Ops Eastern Europe,CWT TX Ops Eastern Europe,17000392984,My Team,Michaela Diblikova,michaela.diblikova@amexgbt.com,agent_not_found,no,,,,,Almudena Albertos Melero,almudena.albertosmelero@amexgbt.com
TX Ops Eastern Europe,CWT TX Ops Eastern Europe,17000392984,My Team,Agnes Koteles,agnes.koteles@amexgbt.com,member,yes_member,17004601816,Agnes Koteles,yes,My Team,Almudena Albertos Melero,almudena.albertosmelero@amexgbt.com
TX Ops Eastern Europe,CWT TX Ops Eastern Europe,17000392984,My Team,Dorota Wartecka-Hauser,dorota.wartecka-hauser@amexgbt.com,member,yes_member,17004601260,Dorota Wartecka-Hauser,yes,My Team,Almudena Albertos Melero,almudena.albertosmelero@amexgbt.com
TX Ops Eastern Europe,CWT TX Ops Eastern Europe,17000392984,My Team,Almudena Albertos Melero,almudena.albertosmelero@amexgbt.com,agent_not_found,no,,,,,Almudena Albertos Melero,almudena.albertosmelero@amexgbt.com
TX Ops Egypt,CWT TX Ops Egypt,17000392985,My Team,Ingy Samuel,ingy.samuel@amexgbt.com,member,yes_member,17004606746,Ingy Samuel,yes,My Team,Melanie Low,melanie.low@amexgbt.com
TX Ops EU Parliament,CWT TX Ops EU Parliament,17000392986,My Team,Nicolas Decocq,ndecocq@mycwt.com,agent_not_found,no,,,,,Almudena Albertos Melero,almudena.albertosmelero@amexgbt.com
TX Ops EU Parliament,CWT TX Ops EU Parliament,17000392986,My Team,Olivier Guerrera,olivier.guerrera@amexgbt.com,member,yes_member,17004610999,Olivier Guerrera,yes,My Team,Almudena Albertos Melero,almudena.albertosmelero@amexgbt.com
TX Ops FAO,CWT TX Ops FAO,17000392987,My Team,Almudena Albertos Melero,almudena.albertosmelero@amexgbt.com,agent_not_found,no,,,,,Almudena Albertos Melero,almudena.albertosmelero@amexgbt.com
TX Ops FAO,CWT TX Ops FAO,17000392987,My Team,Luisella Marcuzzo,luisella.marcuzzo@amexgbt.com,member,yes_member,17004607903,Luisella Marcuzzo,yes,My Team,Almudena Albertos Melero,almudena.albertosmelero@amexgbt.com
TX Ops FTS VIP,CWT TX Ops FTS VIP,17000392971,My Team,Nadine Williams,nadine.williams@amexgbt.com,member,yes_member,17004605802,Nadine Williams,yes,My Team,Melanie Low,melanie.low@amexgbt.com
TX Ops FTS VIP,CWT TX Ops FTS VIP,17000392971,My Team,Marea Clement,marea.clement@amexgbt.com,member,yes_member,17004602899,Marea Clement,yes,My Team,Melanie Low,melanie.low@amexgbt.com
TX Ops FTS VIP,CWT TX Ops FTS VIP,17000392971,My Team,Julie Bailey,julie.bailey@amexgbt.com,member,yes_member,17004603585,Julie Bailey,yes,My Team,Melanie Low,melanie.low@amexgbt.com
TX Ops FTS VIP,CWT TX Ops FTS VIP,17000392971,My Team,Toni Dunn,toni.dunn@amexgbt.com,agent_not_found,no,,,,,Melanie Low,melanie.low@amexgbt.com
TX Ops FTS VIP,CWT TX Ops FTS VIP,17000392971,My Team,Angelia Low,angelia.low@amexgbt.com,member,yes_member,17004607118,Angelia Low,yes,My Team,Melanie Low,melanie.low@amexgbt.com
TX Ops HPI,CWT TX Ops HPI,17000392972,My Team,Barbara Thiessen,bthiessen@mycwt.com,agent_not_found,no,,,,,Marea Clement,marea.clement@amexgbt.com
TX Ops HPI,CWT TX Ops HPI,17000392972,My Team,Marianne Chapman,machapman@mycwt.com,agent_not_found,no,,,,,Marea Clement,marea.clement@amexgbt.com
TX Ops IFAD,CWT TX Ops IFAD,17000392973,My Team,Francesca Cerilli,francesca.cerilli@amexgbt.com,member,yes_member,17004608159,Francesca Cerilli,yes,My Team,Almudena Albertos Melero,almudena.albertosmelero@amexgbt.com
TX Ops IFAD,CWT TX Ops IFAD,17000392973,My Team,Almudena Albertos Melero,almudena.albertosmelero@amexgbt.com,agent_not_found,no,,,,,Almudena Albertos Melero,almudena.albertosmelero@amexgbt.com
TX Ops IFAD,CWT TX Ops IFAD,17000392973,My Team,Gabriella Di Lodovico,gabriella.dilodovico@amexgbt.com,member,yes_member,17004608171,Gabriella Di Lodovico,yes,My Team,Almudena Albertos Melero,almudena.albertosmelero@amexgbt.com
TX Ops India,CWT TX Ops India,17000392974,My Team,Pushpendra Singh,pushpendra.singh1@amexgbt.com,member,yes_member,17004604529,Pushpendra Singh,yes,My Team,Melanie Low,melanie.low@amexgbt.com
TX Ops India,CWT TX Ops India,17000392974,My Team,Rakesh Upreti,rakesh.upreti@amexgbt.com,member,yes_member,17004605300,Rakesh Upreti,yes,My Team,Melanie Low,melanie.low@amexgbt.com
TX Ops India,CWT TX Ops India,17000392974,My Team,Nitin Srivastava,nitin.srivastava@amexgbt.com,member,yes_member,17004604055,Nitin Srivastava,yes,My Team,Melanie Low,melanie.low@amexgbt.com
TX Ops India,CWT TX Ops India,17000392974,My Team,Sanjib Sunari,sanjib.sunari@amexgbt.com,member,yes_member,17004603956,Sanjib Sunari,yes,My Team,Melanie Low,melanie.low@amexgbt.com
TX Ops India,CWT TX Ops India,17000392974,My Team,Priyanka Handa,priyanka.handa@amexgbt.com,member,yes_member,17004605298,Priyanka Handa,yes,My Team,Melanie Low,melanie.low@amexgbt.com
TX Ops India,CWT TX Ops India,17000392974,My Team,Saurabh Sharma,saurabh.sharma4@amexgbt.com,member,yes_member,17004604270,Saurabh Sharma,yes,My Team,Melanie Low,melanie.low@amexgbt.com
TX Ops India,CWT TX Ops India,17000392974,My Team,Upasna Puri,upasna.puri@amexgbt.com,member,yes_member,17004604811,Upasna Puri,yes,My Team,Melanie Low,melanie.low@amexgbt.com
TX Ops India,CWT TX Ops India,17000392974,My Team,Sourabh Bajaj,sourabh.bajaj@amexgbt.com,member,yes_member,17004604415,Sourabh Bajaj,yes,My Team,Melanie Low,melanie.low@amexgbt.com
TX Ops India,CWT TX Ops India,17000392974,My Team,Vaibhav Bhatia,vaibhav.bhatia@amexgbt.com,member,yes_member,17004655608,Vaibhav Bhatia,yes,My Team,Melanie Low,melanie.low@amexgbt.com
TX Ops India,CWT TX Ops India,17000392974,My Team,Geeta Kandula,geeta.kandula@amexgbt.com,member,yes_member,17004604974,Geeta Kandula,yes,My Team,Melanie Low,melanie.low@amexgbt.com
TX Ops India,CWT TX Ops India,17000392974,My Team,Ankush Dogra,ankush.dogra@amexgbt.com,member,yes_member,17004605083,Ankush Dogra,yes,My Team,Melanie Low,melanie.low@amexgbt.com
TX Ops India,CWT TX Ops India,17000392974,My Team,Deepak Dwivedi,deepak.dwivedi@amexgbt.com,member,yes_member,17004604652,Deepak Dwivedi,yes,My Team,Melanie Low,melanie.low@amexgbt.com
TX Ops India,CWT TX Ops India,17000392974,My Team,Mayank Arora,mayank.arora@amexgbt.com,member,yes_member,17004604734,Mayank Arora,yes,My Team,Melanie Low,melanie.low@amexgbt.com
TX Ops India,CWT TX Ops India,17000392974,My Team,Dhan Singh Bora,dhansingh.bora@amexgbt.com,member,yes_member,17004604697,Dhan Singh Bora,yes,My Team,Melanie Low,melanie.low@amexgbt.com
TX Ops India,CWT TX Ops India,17000392974,My Team,Nitesh Borde,nitesh.borde@amexgbt.com,member,yes_member,17004604925,Nitesh Borde,yes,My Team,Melanie Low,melanie.low@amexgbt.com
TX Ops NORAM,CWT TX Ops NORAM,17000392975,My Team,Karen Case,karen.case@amexgbt.com,member,yes_member,17004634688,Karen Case,yes,My Team,Marea Clement,marea.clement@amexgbt.com
TX Ops NORAM,CWT TX Ops NORAM,17000392975,My Team,Gisela Teixeira,gisela.teixeira@amexgbt.com,member,yes_member,17004634752,Gisela Teixeira,yes,My Team,Marea Clement,marea.clement@amexgbt.com
TX Ops NORAM,CWT TX Ops NORAM,17000392975,My Team,Gary Hoover,gary.hoover@amexgbt.com,member,yes_member,17004604136,Gary Hoover,yes,My Team,Marea Clement,marea.clement@amexgbt.com
TX Ops NORAM,CWT TX Ops NORAM,17000392975,My Team,Peter Southworth,peter.southworth@amexgbt.com,member,yes_member,17004634834,Peter Southworth,yes,My Team,Marea Clement,marea.clement@amexgbt.com
TX Ops NORAM,CWT TX Ops NORAM,17000392975,My Team,Diana Plumpton,diana.plumpton@amexgbt.com,member,yes_member,17004634815,Diana Plumpton,yes,My Team,Marea Clement,marea.clement@amexgbt.com
TX Ops NORAM,CWT TX Ops NORAM,17000392975,My Team,Annette Blady,annette.blady@amexgbt.com,member,yes_member,17004634820,Annette Blady,yes,My Team,Marea Clement,marea.clement@amexgbt.com
TX Ops NORAM,CWT TX Ops NORAM,17000392975,My Team,Evelyn Scrivner,evelyn.scrivner@amexgbt.com,member,yes_member,17004603268,Evelyn Scrivner,yes,My Team,Marea Clement,marea.clement@amexgbt.com
TX Ops NORAM,CWT TX Ops NORAM,17000392975,My Team,Michael Vigil,michael.vigil@amexgbt.com,member,yes_member,17004603036,Michael Vigil,yes,My Team,Marea Clement,marea.clement@amexgbt.com
TX Ops NORAM,CWT TX Ops NORAM,17000392975,My Team,Kristin Page,kristin.page@amexgbt.com,member,yes_member,17004603267,Kristin Page,yes,My Team,Marea Clement,marea.clement@amexgbt.com
TX Ops NORAM,CWT TX Ops NORAM,17000392975,My Team,Jennifer Carroll,jcarroll@mycwt.com,agent_not_found,no,,,,,Marea Clement,marea.clement@amexgbt.com
TX Ops NORAM,CWT TX Ops NORAM,17000392975,My Team,Heike Deshong,heike.deshong@amexgbt.com,member,yes_member,17004602780,Heike Deshong,yes,My Team,Marea Clement,marea.clement@amexgbt.com
TX Ops NORAM,CWT TX Ops NORAM,17000392975,My Team,Tina Rigney,tina.rigney@amexgbt.com,member,yes_member,17004603088,Tina Rigney,yes,My Team,Marea Clement,marea.clement@amexgbt.com
TX Ops NORAM,CWT TX Ops NORAM,17000392975,My Team,Ernestine Dela Pena,ernestine.delapena@amexgbt.com,member,yes_member,17004634725,Ernestine Dela Pena,yes,My Team,Marea Clement,marea.clement@amexgbt.com
TX Ops NORAM,CWT TX Ops NORAM,17000392975,My Team,Kristi Andersen,kristi.andersen@amexgbt.com,member,yes_member,17004634848,Kristi Andersen,yes,My Team,Marea Clement,marea.clement@amexgbt.com
TX Ops NORAM,CWT TX Ops NORAM,17000392975,My Team,Emily Thomas,emily.thomas1@amexgbt.com,member,yes_member,17004634797,Emily Thomas,yes,My Team,Marea Clement,marea.clement@amexgbt.com
TX Ops NORAM,CWT TX Ops NORAM,17000392975,My Team,Lori Amerio,lamerio@mycwt.com,agent_not_found,no,,,,,Marea Clement,marea.clement@amexgbt.com
TX Ops NORAM,CWT TX Ops NORAM,17000392975,My Team,Kimberly Klegstad,kimberly.klegstad@amexgbt.com,member,yes_member,17004603434,Kimberly Klegstad,yes,My Team,Marea Clement,marea.clement@amexgbt.com
TX Ops NORAM,CWT TX Ops NORAM,17000392975,My Team,Gloria Dizon,gloria.dizon@amexgbt.com,member,yes_member,17004602784,Gloria Dizon,yes,My Team,Marea Clement,marea.clement@amexgbt.com
TX Ops NORAM,CWT TX Ops NORAM,17000392975,My Team,Tammy Mcnerney,tammy.mcnerney@amexgbt.com,member,yes_member,17004603304,Tammy Mcnerney,yes,My Team,Marea Clement,marea.clement@amexgbt.com
TX Ops NORAM,CWT TX Ops NORAM,17000392975,My Team,Belinda Gegg,belinda.gegg@amexgbt.com,member,yes_member,17004603162,Belinda Gegg,yes,My Team,Marea Clement,marea.clement@amexgbt.com
TX Ops Paramount,CWT TX Ops Paramount,17000392976,My Team,Katherine Waters,katherine.waters@amexgbt.com,member,yes_member,17004605696,Katherine Waters,yes,My Team,Melanie Low,melanie.low@amexgbt.com
TX Ops Paramount,CWT TX Ops Paramount,17000392976,My Team,Gabriela Todd,gabriela.todd@amexgbt.com,member,yes_member,17004634758,Gabriela Todd,yes,My Team,Melanie Low,melanie.low@amexgbt.com
TX Ops Paramount,CWT TX Ops Paramount,17000392976,My Team,Sherri Corbin,sherri.corbin@amexgbt.com,member,yes_member,17004603796,Sherri Corbin,yes,My Team,Melanie Low,melanie.low@amexgbt.com
TX Ops PH GSC,CWT TX Ops PH GSC,17000392977,My Team,Precious Zyra Jaraplasan,preciouszyra.jaraplasan@amexgbt.com,member,yes_member,17004608404,Precious Zyra Jaraplasan,yes,My Team,Melanie Low,melanie.low@amexgbt.com
TX Ops PH GSC,CWT TX Ops PH GSC,17000392977,My Team,Rosanie Maravilla,rosanie.maravilla@amexgbt.com,member,yes_member,17004608297,Rosanie Maravilla,yes,My Team,Melanie Low,melanie.low@amexgbt.com
TX Ops PH GSC,CWT TX Ops PH GSC,17000392977,My Team,Lynnette Gaspar,lgaspar@mycwt.com,agent_not_found,no,,,,,Melanie Low,melanie.low@amexgbt.com
TX Ops PH GSC,CWT TX Ops PH GSC,17000392977,My Team,Herald Randolph David,heraldrandolph.david@amexgbt.com,not_in_group,no,17004608337,Herald Randolph David,yes,My Team,Melanie Low,melanie.low@amexgbt.com
TX Ops Siemens MNL,CWT TX Ops Siemens MNL,17000392978,My Team,Shayne Batusan,shayne.batusan@amexgbt.com,member,yes_member,17004608423,Shayne Batusan,yes,My Team,Melanie Low,melanie.low@amexgbt.com
TX Ops Siemens MNL,CWT TX Ops Siemens MNL,17000392978,My Team,Rosanie Maravilla,rosanie.maravilla@amexgbt.com,member,yes_member,17004608297,Rosanie Maravilla,yes,My Team,Melanie Low,melanie.low@amexgbt.com
TX Ops Solar Turbines PL,CWT TX Ops Solar Turbines PL,17000392979,My Team,Kacper Onoszko,kacper.onoszko@amexgbt.com,member,yes_member,17004606772,Kacper Onoszko,yes,My Team,Melanie Low,melanie.low@amexgbt.com
TX Ops Solar Turbines PL,CWT TX Ops Solar Turbines PL,17000392979,My Team,Dorota Grocholska,dorota.grocholska@amexgbt.com,member,yes_member,17004601207,Dorota Grocholska,yes,My Team,Melanie Low,melanie.low@amexgbt.com
TX Ops Solar Turbines PL,CWT TX Ops Solar Turbines PL,17000392979,My Team,Malgorzata Gora-Mirkowska,malgorzata.gora-mirkowska@amexgbt.com,member,yes_member,17004601301,Malgorzata Gora-Mirkowska,yes,My Team,Melanie Low,melanie.low@amexgbt.com
TX Ops Spain,CWT TX Ops Spain,17000392958,My Team,Sergio Puig Cespedes,sergio.puigcespedes@amexgbt.com,member,yes_member,17004601834,Sergio Puig Cespedes,yes,My Team,Almudena Albertos Melero,almudena.albertosmelero@amexgbt.com
TX Ops Spain,CWT TX Ops Spain,17000392958,My Team,Maria Crespo Dominguez,maria.crespodominguez@amexgbt.com,agent_not_found,no,,,,,Almudena Albertos Melero,almudena.albertosmelero@amexgbt.com
TX Ops Spain,CWT TX Ops Spain,17000392958,My Team,Martha Bernal Paez,martha.bernalpaez@amexgbt.com,agent_not_found,no,,,,,Almudena Albertos Melero,almudena.albertosmelero@amexgbt.com
TX Ops UKIE,CWT TX Ops UKIE,17000392959,My Team,Tracy Watts,tracy.watts@amexgbt.com,member,yes_member,17004605784,Tracy Watts,yes,My Team,Almudena Albertos Melero,almudena.albertosmelero@amexgbt.com
TX Ops UKIE,CWT TX Ops UKIE,17000392959,My Team,Almudena Albertos Melero,almudena.albertosmelero@amexgbt.com,agent_not_found,no,,,,,Almudena Albertos Melero,almudena.albertosmelero@amexgbt.com
TX Ops UKIE,CWT TX Ops UKIE,17000392959,My Team,Debra Foord,debra.foord@amexgbt.com,member,yes_member,17004605583,Debra Foord,yes,My Team,Almudena Albertos Melero,almudena.albertosmelero@amexgbt.com
TX Ops UKIE,CWT TX Ops UKIE,17000392959,My Team,Angela Hamer,angela.hamer1@amexgbt.com,member,yes_member,17004605895,Angela Hamer,yes,My Team,Almudena Albertos Melero,almudena.albertosmelero@amexgbt.com
TX Ops UKIE,CWT TX Ops UKIE,17000392959,My Team,Anthony Cotterill,anthony.cotterill@amexgbt.com,member,yes_member,17004605660,Anthony Cotterill,yes,My Team,Almudena Albertos Melero,almudena.albertosmelero@amexgbt.com
TX Ops UKIE,CWT TX Ops UKIE,17000392959,My Team,Jacqueline Cattermole,jacqueline.cattermole@amexgbt.com,member,yes_member,17004605623,Jacqueline Cattermole,yes,My Team,Almudena Albertos Melero,almudena.albertosmelero@amexgbt.com
TX Ops UKIE,CWT TX Ops UKIE,17000392959,My Team,Pamela Whittle,pamela.whittle@amexgbt.com,member,yes_member,17004606019,Pamela Whittle,yes,My Team,Almudena Albertos Melero,almudena.albertosmelero@amexgbt.com
TX Ops UKIE,CWT TX Ops UKIE,17000392959,My Team,Melanie Low,melanie.low@amexgbt.com,member,yes_member,17004607091,Melanie Low,yes,My Team,Almudena Albertos Melero,almudena.albertosmelero@amexgbt.com
TX Ops UKIE,CWT TX Ops UKIE,17000392959,My Team,David Forbes,david.forbes@amexgbt.com,member,yes_member,17004605850,David Forbes,yes,My Team,Almudena Albertos Melero,almudena.albertosmelero@amexgbt.com
TX Ops UKIE,CWT TX Ops UKIE,17000392959,My Team,Kathryn Vaughan,kathryn.vaughan@amexgbt.com,member,yes_member,17004602151,Kathryn Vaughan,yes,My Team,Almudena Albertos Melero,almudena.albertosmelero@amexgbt.com
TX Ops VIP NORAM,CWT TX Ops VIP NORAM,17000392960,My Team,Kim Vanderhei,kim.vanderhei@amexgbt.com,member,yes_member,17004604142,Kim Vanderhei,yes,My Team,Marea Clement,marea.clement@amexgbt.com
TX Ops VIP NORAM,CWT TX Ops VIP NORAM,17000392960,My Team,Maria Dassinger,maria.dassinger@amexgbt.com,member,yes_member,17002465480,Maria Dassinger,yes,My Team,Marea Clement,marea.clement@amexgbt.com
TX Ops VIP NORAM,CWT TX Ops VIP NORAM,17000392960,My Team,Michelle Elkins,michelle.elkins@amexgbt.com,member,yes_member,17004603057,Michelle Elkins,yes,My Team,Marea Clement,marea.clement@amexgbt.com
TX Ops VIP NORAM,CWT TX Ops VIP NORAM,17000392960,My Team,Tracy Allred,tracy.allred@amexgbt.com,member,yes_member,17004603112,Tracy Allred,yes,My Team,Marea Clement,marea.clement@amexgbt.com
TX Ops VIP NORAM,CWT TX Ops VIP NORAM,17000392960,My Team,Holly Budresky,holly.driver@amexgbt.com,member,yes_member,17004604791,Holly Budresky,yes,My Team,Marea Clement,marea.clement@amexgbt.com
TX Ops VIP NORAM,CWT TX Ops VIP NORAM,17000392960,My Team,Marea Clement,marea.clement@amexgbt.com,member,yes_member,17004602899,Marea Clement,yes,My Team,Marea Clement,marea.clement@amexgbt.com
TX Ops VIP NORAM,CWT TX Ops VIP NORAM,17000392960,My Team,Kimberly Craig,kimberly.craig@amexgbt.com,member,yes_member,17004604839,Kimberly Craig,yes,My Team,Marea Clement,marea.clement@amexgbt.com
TX Ops VIP NORAM,CWT TX Ops VIP NORAM,17000392960,My Team,Marta Bolek,marta.bolek@amexgbt.com,member,yes_member,17004634837,Marta Bolek,yes,My Team,Marea Clement,marea.clement@amexgbt.com
TX Ops VIP NORAM,CWT TX Ops VIP NORAM,17000392960,My Team,Theresa Mettes,theresa.mettes@amexgbt.com,member,yes_member,17004603313,Theresa Mettes,yes,My Team,Marea Clement,marea.clement@amexgbt.com
TX Ops VIP NORAM,CWT TX Ops VIP NORAM,17000392960,My Team,Stephanie Talarski,stephanie.talarski@amexgbt.com,member,yes_member,17004603213,Stephanie Talarski,yes,My Team,Marea Clement,marea.clement@amexgbt.com
TX Ops VIP NORAM,CWT TX Ops VIP NORAM,17000392960,My Team,Katherine Teachout,katherine.teachout@amexgbt.com,member,yes_member,17005058365,Katherine Teachout,yes,My Team,Marea Clement,marea.clement@amexgbt.com
TX Ops VISA/Macquarie,CWT TX Ops VISA/Macquarie,17000392961,My Team,Susan Perez Cruz,susan.perezcruz@amexgbt.com,member,yes_member,17004634809,Susan Perez Cruz,yes,My Team,Melanie Low,melanie.low@amexgbt.com
TX Product Experts APAC,CWT TX Product Experts APAC,17000393296,My Team,Doreen Tan,doreen.tan@amexgbt.com,member,yes_member,17004607119,Doreen Tan,yes,My Team,Katarina Exerman,katarina.exerman@amexgbt.com
TX Product Experts APAC,CWT TX Product Experts APAC,17000393296,My Team,Katarina Exerman,katarina.exerman@amexgbt.com,member,yes_member,17004608822,Katarina Exerman,yes,My Team,Katarina Exerman,katarina.exerman@amexgbt.com
TX Product Experts APAC,CWT TX Product Experts APAC,17000393296,My Team,Jack Goh,jack.goh@amexgbt.com,member,yes_member,17004607078,Jack Goh,yes,My Team,Katarina Exerman,katarina.exerman@amexgbt.com
TX Product Experts Book2GO,CWT TX Product Experts Book2GO,17000393297,My Team,Martina D'Alessio,martina.dalessio@amexgbt.com,member,yes_member,17004608167,Martina D'Alessio,yes,My Team,Francesca Noseda,francesca.noseda@amexgbt.com
TX Product Experts Book2GO,CWT TX Product Experts Book2GO,17000393297,My Team,Silvia Rainone,silvia.rainone@amexgbt.com,member,yes_member,17004607803,Silvia Rainone,yes,My Team,Francesca Noseda,francesca.noseda@amexgbt.com
TX Product Experts Book2GO,CWT TX Product Experts Book2GO,17000393297,My Team,Annarita Vaccari,annarita.vaccari@amexgbt.com,member,yes_member,17004607728,Annarita Vaccari,yes,My Team,Francesca Noseda,francesca.noseda@amexgbt.com
TX Product Experts Book2GO,CWT TX Product Experts Book2GO,17000393297,My Team,Barbara Tani,barbara.tani@amexgbt.com,member,yes_member,17004607876,Barbara Tani,yes,My Team,Francesca Noseda,francesca.noseda@amexgbt.com
TX Product Experts Book2GO,CWT TX Product Experts Book2GO,17000393297,My Team,Alessia Moro,alessia.moro@amexgbt.com,member,yes_member,17004607895,Alessia Moro,yes,My Team,Francesca Noseda,francesca.noseda@amexgbt.com
TX Product Experts Book2GO,CWT TX Product Experts Book2GO,17000393297,My Team,Katarina Exerman,katarina.exerman@amexgbt.com,member,yes_member,17004608822,Katarina Exerman,yes,My Team,Francesca Noseda,francesca.noseda@amexgbt.com
TX Product Experts Book2GO,CWT TX Product Experts Book2GO,17000393297,My Team,Alessandro Varani,alessandro.varani@amexgbt.com,member,yes_member,17004607720,Alessandro Varani,yes,My Team,Francesca Noseda,francesca.noseda@amexgbt.com
TX Product Experts EMEA,CWT TX Product Experts EMEA,17000393298,My Team,Laurence Fournier Palmer,laurence.fournierpalmer@amexgbt.com,member,yes_member,17004607499,Laurence Fournier Palmer,yes,My Team,Katarina Exerman,katarina.exerman@amexgbt.com
TX Product Experts EMEA,CWT TX Product Experts EMEA,17000393298,My Team,Agnes De Fay,agnes.defay@amexgbt.com,member,yes_member,17004607447,Agnes De Fay,yes,My Team,Katarina Exerman,katarina.exerman@amexgbt.com
TX Product Experts EMEA,CWT TX Product Experts EMEA,17000393298,My Team,Quirino Collantes Vidal,quirino.collantesvidal@amexgbt.com,member,yes_member,17004601935,Quirino Collantes Vidal,yes,My Team,Katarina Exerman,katarina.exerman@amexgbt.com
TX Product Experts EMEA,CWT TX Product Experts EMEA,17000393298,My Team,Iain Brignell,iain.brignell@amexgbt.com,member,yes_member,17004605877,Iain Brignell,yes,My Team,Katarina Exerman,katarina.exerman@amexgbt.com
TX Product Experts EMEA,CWT TX Product Experts EMEA,17000393298,My Team,Sonia Chauvel,sonia.chauvel@amexgbt.com,member,yes_member,17004607487,Sonia Chauvel,yes,My Team,Katarina Exerman,katarina.exerman@amexgbt.com
TX Product Experts EMEA,CWT TX Product Experts EMEA,17000393298,My Team,Fabienne Bourgeois,fabienne.bourgeois@amexgbt.com,member,yes_member,17004607549,Fabienne Bourgeois,yes,My Team,Katarina Exerman,katarina.exerman@amexgbt.com
TX Product Experts EMEA,CWT TX Product Experts EMEA,17000393298,My Team,Charlotte Wiklund,lotta.wiklund@amexgbt.com,member,yes_member,17004608975,Charlotte Wiklund,yes,My Team,Katarina Exerman,katarina.exerman@amexgbt.com
TX PRODUCT EXPERTS ITALY,CWT TX PRODUCT EXPERTS ITALY,17000392759,My Team,Annarita Vaccari,annarita.vaccari@amexgbt.com,member,yes_member,17004607728,Annarita Vaccari,yes,My Team,Francesca Noseda,francesca.noseda@amexgbt.com
TX PRODUCT EXPERTS ITALY,CWT TX PRODUCT EXPERTS ITALY,17000392759,My Team,Martina D'Alessio,martina.dalessio@amexgbt.com,member,yes_member,17004608167,Martina D'Alessio,yes,My Team,Francesca Noseda,francesca.noseda@amexgbt.com
TX PRODUCT EXPERTS ITALY,CWT TX PRODUCT EXPERTS ITALY,17000392759,My Team,Alessia Moro,alessia.moro@amexgbt.com,member,yes_member,17004607895,Alessia Moro,yes,My Team,Francesca Noseda,francesca.noseda@amexgbt.com
TX PRODUCT EXPERTS ITALY,CWT TX PRODUCT EXPERTS ITALY,17000392759,My Team,Barbara Tani,barbara.tani@amexgbt.com,member,yes_member,17004607876,Barbara Tani,yes,My Team,Francesca Noseda,francesca.noseda@amexgbt.com
TX PRODUCT EXPERTS ITALY,CWT TX PRODUCT EXPERTS ITALY,17000392759,My Team,Katarina Exerman,katarina.exerman@amexgbt.com,member,yes_member,17004608822,Katarina Exerman,yes,My Team,Francesca Noseda,francesca.noseda@amexgbt.com
TX PRODUCT EXPERTS ITALY,CWT TX PRODUCT EXPERTS ITALY,17000392759,My Team,Francesca Noseda,francesca.noseda@amexgbt.com,member,yes_member,17004607944,Francesca Noseda,yes,My Team,Francesca Noseda,francesca.noseda@amexgbt.com
TX PRODUCT EXPERTS ITALY,CWT TX PRODUCT EXPERTS ITALY,17000392759,My Team,Alessandro Varani,alessandro.varani@amexgbt.com,member,yes_member,17004607720,Alessandro Varani,yes,My Team,Francesca Noseda,francesca.noseda@amexgbt.com
TX PRODUCT EXPERTS ITALY,CWT TX PRODUCT EXPERTS ITALY,17000392759,My Team,Silvia Rainone,silvia.rainone@amexgbt.com,member,yes_member,17004607803,Silvia Rainone,yes,My Team,Francesca Noseda,francesca.noseda@amexgbt.com
TX Product Experts NORAM,CWT TX Product Experts NORAM,17000393299,My Team,Katarina Exerman,katarina.exerman@amexgbt.com,member,yes_member,17004608822,Katarina Exerman,yes,My Team,Katarina Exerman,katarina.exerman@amexgbt.com
TX Product Experts NORAM,CWT TX Product Experts NORAM,17000393299,My Team,Ana Paulette Arriesgado,anapaulette.arriesgado@amexgbt.com,member,yes_member,17004608481,Ana Paulette Arriesgado,yes,My Team,Katarina Exerman,katarina.exerman@amexgbt.com
TX Product Experts NORAM,CWT TX Product Experts NORAM,17000393299,My Team,Julie Rinozzi,julie.rinozzi@amexgbt.com,member,yes_member,17004603848,Julie Rinozzi,yes,My Team,Katarina Exerman,katarina.exerman@amexgbt.com
TX Product Experts NORAM,CWT TX Product Experts NORAM,17000393299,My Team,Gemma Comerford,gemma.comerford@amexgbt.com,member,yes_member,17004605917,Gemma Comerford,yes,My Team,Katarina Exerman,katarina.exerman@amexgbt.com
TX REEMBOLSO,CWT TX REEMBOLSO,17000393240,My Team,Fernando Martinho,fernando.martinho@amexgbt.com,member,yes_member,17004872062,Fernando Martinho,yes,My Team,Henrique Raposo,henrique.raposo@amexgbt.com
TX REEMBOLSO,CWT TX REEMBOLSO,17000393240,My Team,Osni Carlos Cardoso Dos Anjos,osnicarlos.cardosodosanjos@amexgbt.com,member,yes_member,17004602439,Osni Carlos Cardoso Dos Anjos,yes,My Team,Henrique Raposo,henrique.raposo@amexgbt.com
TX REEMBOLSO,CWT TX REEMBOLSO,17000393240,My Team,Gisela Oliveira Braga,gisela.oliveirabraga@amexgbt.com,member,yes_member,17004602422,Gisela Oliveira Braga,yes,My Team,Henrique Raposo,henrique.raposo@amexgbt.com
UK IT Procurement,CWT UK IT Procurement,17000392953,My Team,Georgette Ginolfi,georgette.ginolfi@amexgbt.com,member,yes_member,17004605228,Georgette Ginolfi,yes,My Team,Georgette Ginolfi,georgette.ginolfi@amexgbt.com
UK WINGS FINANCE,CWT UK WINGS FINANCE,17000393300,My Team,Arif Khan,arif.khan@amexgbt.com,member,yes_member,17004605760,Arif Khan,yes,My Team,Peter Adema,peter.adema@amexgbt.com
UK WINGS FINANCE,CWT UK WINGS FINANCE,17000393300,My Team,Constantinos Michaelides,constantinos.michaelides@amexgbt.com,member,yes_member,17004605726,Constantinos Michaelides,yes,My Team,Peter Adema,peter.adema@amexgbt.com
UK WINGS FINANCE,CWT UK WINGS FINANCE,17000393300,My Team,Peter Adema,peter.adema@amexgbt.com,member,yes_member,17004605936,Peter Adema,yes,My Team,Peter Adema,peter.adema@amexgbt.com
VENDOR CONTRACT ADMIN,CWT VENDOR CONTRACT ADMIN,17000393241,My Team,Sandra Macdonald,sandra.macdonald@amexgbt.com,member,yes_member,17004634764,Sandra Macdonald,yes,My Team,David Wiles,david.wiles@amexgbt.com
VENDOR CONTRACT ADMIN,CWT VENDOR CONTRACT ADMIN,17000393241,My Team,Julie Brown,julie.brown1@amexgbt.com,member,yes_member,17004604205,Julie Brown,yes,My Team,David Wiles,david.wiles@amexgbt.com
Verint QM GLOBAL L2,CWT Verint QM GLOBAL L2,17000393301,My Team,Elias Weldekiros,elias.weldekiros@amexgbt.com,member,yes_member,17004602677,Elias Weldekiros,yes,My Team,Dirk Stakenborg,DStakenborg@mycwt.com
Verint QM GLOBAL L2,CWT Verint QM GLOBAL L2,17000393301,My Team,Erwan Maze,erwan.maze@amexgbt.com,member,yes_member,17004607618,Erwan Maze,yes,My Team,Dirk Stakenborg,DStakenborg@mycwt.com
Verint QM GLOBAL L2,CWT Verint QM GLOBAL L2,17000393301,My Team,Sonia Fanfarillo,sonia.fanfarillo@amexgbt.com,member,yes_member,17004608009,Sonia Fanfarillo,yes,My Team,Dirk Stakenborg,DStakenborg@mycwt.com
Verint QM Global Level 1,CWT Verint QM Global Level 1,17000393242,My Team,Georgina Salvador,georgina.salvador@amexgbt.com,member,yes_member,17004608223,Georgina Salvador,yes,My Team,Samantha Simmons,samantha.simmons@amexgbt.com
Verint QM Global Level 1,CWT Verint QM Global Level 1,17000393242,My Team,Roberta Corona,roberta.corona@amexgbt.com,member,yes_member,17004608152,Roberta Corona,yes,My Team,Samantha Simmons,samantha.simmons@amexgbt.com
Verint QM Global Level 1,CWT Verint QM Global Level 1,17000393242,My Team,Kimberly Stevens,kimberly.stevens@amexgbt.com,member,yes_member,17004603176,Kimberly Stevens,yes,My Team,Samantha Simmons,samantha.simmons@amexgbt.com
Verint QM Global Level 1,CWT Verint QM Global Level 1,17000393242,My Team,Ann Marriel Manrique,annmarriel.manrique@amexgbt.com,agent_not_found,no,,,,,Samantha Simmons,samantha.simmons@amexgbt.com
Verint QM Global Level 1,CWT Verint QM Global Level 1,17000393242,My Team,Melissa Ramsdell,melissa.ramsdell@amexgbt.com,member,yes_member,17004605251,Melissa Ramsdell,yes,My Team,Samantha Simmons,samantha.simmons@amexgbt.com
Verint QM Global Level 1,CWT Verint QM Global Level 1,17000393242,My Team,Danell Tolbert,danell.tolbert@amexgbt.com,member,yes_member,17004606786,Danell Tolbert,yes,My Team,Samantha Simmons,samantha.simmons@amexgbt.com
Verint QM Global Level 1,CWT Verint QM Global Level 1,17000393242,My Team,Ralph Jones Santiago,ralphjones.santiago@amexgbt.com,member,yes_member,17004608375,Ralph Jones Santiago,yes,My Team,Samantha Simmons,samantha.simmons@amexgbt.com
Verint QM Global Level 1,CWT Verint QM Global Level 1,17000393242,My Team,Samantha Simmons,samantha.simmons@amexgbt.com,agent_not_found,no,,,,,Samantha Simmons,samantha.simmons@amexgbt.com
Verint QM Global Level 1,CWT Verint QM Global Level 1,17000393242,My Team,Agnieszka Brunak,agnieszka.brunak@amexgbt.com,member,yes_member,17004601244,Agnieszka Brunak,yes,My Team,Samantha Simmons,samantha.simmons@amexgbt.com
Verint QM Global Level 1,CWT Verint QM Global Level 1,17000393242,My Team,Bernadette Angeli De Leon,bernadetteangeli.deleon@amexgbt.com,member,yes_member,17004608470,Bernadette Angeli De Leon,yes,My Team,Samantha Simmons,samantha.simmons@amexgbt.com
Verint QM Global Level 1,CWT Verint QM Global Level 1,17000393242,My Team,Christopher Spriggs,christopher.spriggs@amexgbt.com,member,yes_member,17004603639,Christopher Spriggs,yes,My Team,Samantha Simmons,samantha.simmons@amexgbt.com
Verint QM M&G L1,CWT Verint QM M&G L1,17000393302,My Team,Heather Gonseth,hgonseth@cwtsato.com,agent_not_found,no,,,,,Corey Owens,COwens@cwtsato.com
Verint QM M&G L1,CWT Verint QM M&G L1,17000393302,My Team,Minta Stephens-Hutchison,mstephens-hutchison@cwtsato.com,agent_not_found,no,,,,,Corey Owens,COwens@cwtsato.com
Verint QM M&G L1,CWT Verint QM M&G L1,17000393302,My Team,Cindy Minnick,cminnick@cwtsato.com,agent_not_found,no,,,,,Corey Owens,COwens@cwtsato.com
Verint QM M&G L1,CWT Verint QM M&G L1,17000393302,My Team,Corey Owens,cowens@cwtsato.com,agent_not_found,no,,,,,Corey Owens,COwens@cwtsato.com
Verint QM M&G L2,,,,Heather Gonseth,hgonseth@cwtsato.com,group_unmatched,no,,,,,Heather Gonseth,hgonseth@cwtsato.com
Verint QM M&G L2,,,,Elias Weldekiros,elias.weldekiros@amexgbt.com,group_unmatched,no,17004602677,Elias Weldekiros,yes,My Team,Heather Gonseth,hgonseth@cwtsato.com
Verint WFM APAC L1,CWT Verint WFM APAC L1,17000393303,My Team,Ankit Nirwal,anirwal@mycwt.com,agent_not_found,no,,,,,Steven Henderson,steve.henderson@amexgbt.com
Verint WFM APAC L1,CWT Verint WFM APAC L1,17000393303,My Team,Dirk Stakenborg,dstakenborg@mycwt.com,agent_not_found,no,,,,,Steven Henderson,steve.henderson@amexgbt.com
Verint WFM EMEA L1,CWT Verint WFM EMEA L1,17000393304,My Team,Magdalena Adamiec,magdalena.adamiec@amexgbt.com,member,yes_member,17004601217,Magdalena Adamiec,yes,My Team,Steven Henderson,steve.henderson@amexgbt.com
Verint WFM EMEA L1,CWT Verint WFM EMEA L1,17000393304,My Team,Thomas Ivarsson,thomas.ivarsson@amexgbt.com,member,yes_member,17004608831,Thomas Ivarsson,yes,My Team,Steven Henderson,steve.henderson@amexgbt.com
Verint WFM EMEA L1,CWT Verint WFM EMEA L1,17000393304,My Team,Dirk Stakenborg,dstakenborg@mycwt.com,agent_not_found,no,,,,,Steven Henderson,steve.henderson@amexgbt.com
Verint WFM EMEA L1,CWT Verint WFM EMEA L1,17000393304,My Team,Christiane Tanesie,christiane.tanesie@amexgbt.com,member,yes_member,17004607446,Christiane Tanesie,yes,My Team,Steven Henderson,steve.henderson@amexgbt.com
Verint WFM EMEA L1,CWT Verint WFM EMEA L1,17000393304,My Team,Adam Green,adam.green1@amexgbt.com,member,yes_member,17004605643,Adam Green,yes,My Team,Steven Henderson,steve.henderson@amexgbt.com
Verint WFM Global L2,CWT Verint WFM Global L2,17000393305,My Team,Erwan Maze,erwan.maze@amexgbt.com,member,yes_member,17004607618,Erwan Maze,yes,My Team,Dirk Stakenborg,DStakenborg@mycwt.com
Verint WFM Global L2,CWT Verint WFM Global L2,17000393305,My Team,Dirk Stakenborg,dstakenborg@mycwt.com,agent_not_found,no,,,,,Dirk Stakenborg,DStakenborg@mycwt.com
Verint WFM Global L2,CWT Verint WFM Global L2,17000393305,My Team,Elias Weldekiros,elias.weldekiros@amexgbt.com,member,yes_member,17004602677,Elias Weldekiros,yes,My Team,Dirk Stakenborg,DStakenborg@mycwt.com
Verint WFM LATAM L1,CWT Verint WFM LATAM L1,17000393306,My Team,Jeniffer Miller,jeniffer.miller@amexgbt.com,member,yes_member,17004603165,Jeniffer Miller,yes,My Team,Steven Henderson,steve.henderson@amexgbt.com
Verint WFM LATAM L1,CWT Verint WFM LATAM L1,17000393306,My Team,Steven Cordas,steven.cordas@amexgbt.com,member,yes_member,17004603150,Steven Cordas,yes,My Team,Steven Henderson,steve.henderson@amexgbt.com
Verint WFM LATAM L1,CWT Verint WFM LATAM L1,17000393306,My Team,Andres Salazar,andres.salazar@amexgbt.com,member,yes_member,17004607151,Andres Salazar,yes,My Team,Steven Henderson,steve.henderson@amexgbt.com
Verint WFM M&G L1,CWT Verint WFM M&G L1,17000393243,My Team,Corey Owens,cowens@cwtsato.com,agent_not_found,no,,,,,Corey Owens,COwens@cwtsato.com
Verint WFM M&G L1,CWT Verint WFM M&G L1,17000393243,My Team,Amanda Carmona,acarmona@cwtsato.com,agent_not_found,no,,,,,Corey Owens,COwens@cwtsato.com
Verint WFM M&G L1,CWT Verint WFM M&G L1,17000393243,My Team,Kiranpreet Kaur,kkaur2@mycwt.com,agent_not_found,no,,,,,Corey Owens,COwens@cwtsato.com
Verint WFM M&G L1,CWT Verint WFM M&G L1,17000393243,My Team,John Johnson,jojohnson@cwtsato.com,agent_not_found,no,,,,,Corey Owens,COwens@cwtsato.com
Verint WFM M&G L2,CWT Verint WFM M&G L2,17000393307,My Team,Julie Engler,jengler@cwtsato.com,agent_not_found,no,,,,,Steven Henderson,steve.henderson@amexgbt.com
Verint WFM NORAM L1,CWT Verint WFM NORAM L1,17000393244,My Team,Steven Cordas,steven.cordas@amexgbt.com,member,yes_member,17004603150,Steven Cordas,yes,My Team,Steven Henderson,steve.henderson@amexgbt.com
Verint WFM NORAM L1,CWT Verint WFM NORAM L1,17000393244,My Team,Jeniffer Miller,jeniffer.miller@amexgbt.com,member,yes_member,17004603165,Jeniffer Miller,yes,My Team,Steven Henderson,steve.henderson@amexgbt.com
Vulnerability Management,CWT Vulnerability Management,17000392962,My Team,Gabriel Howard,gabriel.howard@amexgbt.com,member,yes_member,17004603773,Gabriel Howard,yes,My Team,Leif Wilson,leif.wilson@amexgbt.com
Vulnerability Management,CWT Vulnerability Management,17000392962,My Team,Sebastian Wlodarski,sebastian.wlodarski@amexgbt.com,member,yes_member,17004604932,Sebastian Wlodarski,yes,My Team,Leif Wilson,leif.wilson@amexgbt.com
Vulnerability Management,CWT Vulnerability Management,17000392962,My Team,Leif Wilson,leif.wilson@amexgbt.com,member,yes_member,17004603012,Leif Wilson,yes,My Team,Leif Wilson,leif.wilson@amexgbt.com
WebMail or Removable Storage Approval,,,,Vivek Sharma,vivek.sharma2@amexgbt.com,group_unmatched,no,,,,,Vivek Sharma,vivek.sharma2@amexgbt.com
WFM M&G MARKETS CWTSATOTRAVEL,CWT WFM M&G MARKETS CWTSATOTRAVEL,17000393308,My Team,Amanda Carmona,acarmona@cwtsato.com,agent_not_found,no,,,,,Julie Engler,JEngler@cwtsato.com
WFM M&G MARKETS CWTSATOTRAVEL,CWT WFM M&G MARKETS CWTSATOTRAVEL,17000393308,My Team,Kiranpreet Kaur,kkaur2@mycwt.com,agent_not_found,no,,,,,Julie Engler,JEngler@cwtsato.com
WFM M&G MARKETS CWTSATOTRAVEL,CWT WFM M&G MARKETS CWTSATOTRAVEL,17000393308,My Team,John Johnson,jojohnson@cwtsato.com,agent_not_found,no,,,,,Julie Engler,JEngler@cwtsato.com
Wings Approvers,CWT Wings Approvers,17000393309,My Team,Phillip Greenhagen,phillip.greenhagen@amexgbt.com,member,yes_member,17004603428,Phillip Greenhagen,yes,My Team,Christophe Michaux,christophe.michaux@amexgbt.com
Wings Approvers,CWT Wings Approvers,17000393309,My Team,Christophe Michaux,christophe.michaux@amexgbt.com,member,yes_member,17004606207,Christophe Michaux,yes,My Team,Christophe Michaux,christophe.michaux@amexgbt.com
WINGS BO SUPPORT,CWT WINGS BO SUPPORT,17000393245,My Team,Arif Khan,arif.khan@amexgbt.com,member,yes_member,17004605760,Arif Khan,yes,My Team,Christian Renault,christian.renault@amexgbt.com
WINGS BO SUPPORT,CWT WINGS BO SUPPORT,17000393245,My Team,Kirsten Jepsen,kirsten.jepsen@amexgbt.com,member,yes_member,17004610881,Kirsten Jepsen,yes,My Team,Christian Renault,christian.renault@amexgbt.com
WINGS BO SUPPORT,CWT WINGS BO SUPPORT,17000393245,My Team,Sebastian Sidor,sebastian.sidor@amexgbt.com,member,yes_member,17004601246,Sebastian Sidor,yes,My Team,Christian Renault,christian.renault@amexgbt.com
WINGS BO SUPPORT,CWT WINGS BO SUPPORT,17000393245,My Team,Caroline Fremau,caroline.fremau@amexgbt.com,member,yes_member,17004607321,Caroline Fremau,yes,My Team,Christian Renault,christian.renault@amexgbt.com
WINGS BO SUPPORT,CWT WINGS BO SUPPORT,17000393245,My Team,Lena Persson,lena.persson@amexgbt.com,member,yes_member,17004608977,Lena Persson,yes,My Team,Christian Renault,christian.renault@amexgbt.com
WINGS BO SUPPORT,CWT WINGS BO SUPPORT,17000393245,My Team,Wiktor Izbaner,wiktor.izbaner@amexgbt.com,member,yes_member,17004601391,Wiktor Izbaner,yes,My Team,Christian Renault,christian.renault@amexgbt.com
WINGS BO SUPPORT,CWT WINGS BO SUPPORT,17000393245,My Team,Alex Pepe,alex.pepe@amexgbt.com,member,yes_member,17004607840,Alex Pepe,yes,My Team,Christian Renault,christian.renault@amexgbt.com
WINGS BO SUPPORT,CWT WINGS BO SUPPORT,17000393245,My Team,Natalia Fernandez Montes,natalia.fernandezmontes@amexgbt.com,member,yes_member,17004601772,Natalia Fernandez Montes,yes,My Team,Christian Renault,christian.renault@amexgbt.com
WINGS BO SUPPORT,CWT WINGS BO SUPPORT,17000393245,My Team,Constantinos Michaelides,constantinos.michaelides@amexgbt.com,member,yes_member,17004605726,Constantinos Michaelides,yes,My Team,Christian Renault,christian.renault@amexgbt.com
WINGS BO SUPPORT,CWT WINGS BO SUPPORT,17000393245,My Team,Peter Adema,peter.adema@amexgbt.com,member,yes_member,17004605936,Peter Adema,yes,My Team,Christian Renault,christian.renault@amexgbt.com
WINGS BO SUPPORT,CWT WINGS BO SUPPORT,17000393245,My Team,Jaroslaw Han,jaroslaw.han@amexgbt.com,member,yes_member,17004601148,Jaroslaw Han,yes,My Team,Christian Renault,christian.renault@amexgbt.com
WINGS BO SUPPORT,CWT WINGS BO SUPPORT,17000393245,My Team,Buddy Lowe,buddy.lowe@amexgbt.com,member,yes_member,17004606038,Buddy Lowe,yes,My Team,Christian Renault,christian.renault@amexgbt.com
WINGS BO SUPPORT,CWT WINGS BO SUPPORT,17000393245,My Team,Christian Renault,christian.renault@amexgbt.com,member,yes_member,17004607784,Christian Renault,yes,My Team,Christian Renault,christian.renault@amexgbt.com
WINGS FO SUPPORT,CWT WINGS FO SUPPORT,17000393310,My Team,Kirsten Jepsen,kirsten.jepsen@amexgbt.com,member,yes_member,17004610881,Kirsten Jepsen,yes,My Team,Christian Renault,christian.renault@amexgbt.com
WINGS FO SUPPORT,CWT WINGS FO SUPPORT,17000393310,My Team,Caroline Fremau,caroline.fremau@amexgbt.com,member,yes_member,17004607321,Caroline Fremau,yes,My Team,Christian Renault,christian.renault@amexgbt.com
WINGS FO SUPPORT,CWT WINGS FO SUPPORT,17000393310,My Team,Christian Renault,christian.renault@amexgbt.com,member,yes_member,17004607784,Christian Renault,yes,My Team,Christian Renault,christian.renault@amexgbt.com
WINGS FO SUPPORT,CWT WINGS FO SUPPORT,17000393310,My Team,Buddy Lowe,buddy.lowe@amexgbt.com,member,yes_member,17004606038,Buddy Lowe,yes,My Team,Christian Renault,christian.renault@amexgbt.com
WINGS FO SUPPORT,CWT WINGS FO SUPPORT,17000393310,My Team,Lena Persson,lena.persson@amexgbt.com,member,yes_member,17004608977,Lena Persson,yes,My Team,Christian Renault,christian.renault@amexgbt.com
WINGS FO SUPPORT,CWT WINGS FO SUPPORT,17000393310,My Team,Arif Khan,arif.khan@amexgbt.com,member,yes_member,17004605760,Arif Khan,yes,My Team,Christian Renault,christian.renault@amexgbt.com
WINGS FO SUPPORT,CWT WINGS FO SUPPORT,17000393310,My Team,Peter Adema,peter.adema@amexgbt.com,member,yes_member,17004605936,Peter Adema,yes,My Team,Christian Renault,christian.renault@amexgbt.com
WINGS FO SUPPORT,CWT WINGS FO SUPPORT,17000393310,My Team,Constantinos Michaelides,constantinos.michaelides@amexgbt.com,member,yes_member,17004605726,Constantinos Michaelides,yes,My Team,Christian Renault,christian.renault@amexgbt.com
WINGS FO SUPPORT,CWT WINGS FO SUPPORT,17000393310,My Team,Sebastian Sidor,sebastian.sidor@amexgbt.com,member,yes_member,17004601246,Sebastian Sidor,yes,My Team,Christian Renault,christian.renault@amexgbt.com
WINGS FO SUPPORT,CWT WINGS FO SUPPORT,17000393310,My Team,Wiktor Izbaner,wiktor.izbaner@amexgbt.com,member,yes_member,17004601391,Wiktor Izbaner,yes,My Team,Christian Renault,christian.renault@amexgbt.com
XX1 Travel XML API Approver Group,CWT XX1 Travel XML API Approver Group,17000392965,My Team,Haroun Al-Rashid Amerel,harounal-rashid.amerel@amexgbt.com,member,yes_member,17004608294,Haroun Al-Rashid Amerel,yes,My Team,Haroun Al-Rashid Amerel,harounal-rashid.amerel@amexgbt.com
XX1 Travel XML API Approver Group,CWT XX1 Travel XML API Approver Group,17000392965,My Team,Christian John Pascual,christianjohn.pascual@amexgbt.com,member,yes_member,17004608478,Christian John Pascual,yes,My Team,Haroun Al-Rashid Amerel,harounal-rashid.amerel@amexgbt.com
Yubikey Approver Group,CWT Yubikey Approver Group,17000392966,My Team,Vinay Saraogi,vinay.saraogi@amexgbt.com,member,yes_member,17004603239,Vinay Saraogi,yes,My Team,Vinay Saraogi,vinay.saraogi@amexgbt.com
Yubikey Approver Group,CWT Yubikey Approver Group,17000392966,My Team,Pawan Kumar,pawan.kumar10@amexgbt.com,member,yes_member,17004604875,Pawan Kumar,yes,My Team,Vinay Saraogi,vinay.saraogi@amexgbt.com
Zillious Implementations,CWT Zillious Implementations,17000393312,My Team,Neeraj Singh,neeraj.singh1@amexgbt.com,member,yes_member,17004604153,Neeraj Singh,yes,My Team,Neeraj Singh,neeraj.singh1@amexgbt.com